round,event,driver,lap_number,stint,compound,tyre_age,lap_time,track_status,is_clean
1,Australian Grand Prix,NOR,1.0,1.0,MEDIUM,1.0,96.458,1,False
1,Australian Grand Prix,NOR,2.0,1.0,MEDIUM,2.0,87.344,1,False
1,Australian Grand Prix,NOR,3.0,1.0,MEDIUM,3.0,86.863,1,True
1,Australian Grand Prix,NOR,4.0,1.0,MEDIUM,4.0,85.857,1,True
1,Australian Grand Prix,NOR,5.0,1.0,MEDIUM,5.0,85.573,1,True
1,Australian Grand Prix,NOR,6.0,1.0,MEDIUM,6.0,85.036,1,True
1,Australian Grand Prix,NOR,7.0,1.0,MEDIUM,7.0,84.978,1,True
1,Australian Grand Prix,NOR,8.0,1.0,MEDIUM,8.0,85.299,1,True
1,Australian Grand Prix,NOR,9.0,1.0,MEDIUM,9.0,85.639,1,True
1,Australian Grand Prix,NOR,10.0,1.0,MEDIUM,10.0,85.295,1,True
1,Australian Grand Prix,NOR,11.0,1.0,MEDIUM,11.0,103.391,16,False
1,Australian Grand Prix,NOR,12.0,2.0,HARD,1.0,118.075,6,False
1,Australian Grand Prix,NOR,13.0,2.0,HARD,2.0,111.932,671,False
1,Australian Grand Prix,NOR,14.0,2.0,HARD,3.0,84.233,1,True
1,Australian Grand Prix,NOR,15.0,2.0,HARD,4.0,83.784,1,True
1,Australian Grand Prix,NOR,16.0,2.0,HARD,5.0,83.912,1,True
1,Australian Grand Prix,NOR,17.0,2.0,HARD,6.0,84.053,1,True
1,Australian Grand Prix,NOR,18.0,2.0,HARD,7.0,95.404,126,False
1,Australian Grand Prix,NOR,19.0,2.0,HARD,8.0,116.07,67,False
1,Australian Grand Prix,NOR,20.0,2.0,HARD,9.0,85.774,71,False
1,Australian Grand Prix,NOR,21.0,2.0,HARD,10.0,83.972,1,True
1,Australian Grand Prix,NOR,22.0,2.0,HARD,11.0,83.687,1,True
1,Australian Grand Prix,NOR,23.0,2.0,HARD,12.0,83.534,1,True
1,Australian Grand Prix,NOR,24.0,2.0,HARD,13.0,83.394,1,True
1,Australian Grand Prix,NOR,25.0,2.0,HARD,14.0,83.5,1,True
1,Australian Grand Prix,NOR,26.0,2.0,HARD,15.0,83.403,1,True
1,Australian Grand Prix,NOR,27.0,2.0,HARD,16.0,83.896,1,True
1,Australian Grand Prix,NOR,28.0,2.0,HARD,17.0,84.04,1,True
1,Australian Grand Prix,NOR,29.0,2.0,HARD,18.0,84.08,1,True
1,Australian Grand Prix,NOR,30.0,2.0,HARD,19.0,83.961,1,True
1,Australian Grand Prix,NOR,31.0,2.0,HARD,20.0,84.094,1,True
1,Australian Grand Prix,NOR,32.0,2.0,HARD,21.0,84.075,1,True
1,Australian Grand Prix,NOR,33.0,2.0,HARD,22.0,84.79,1,True
1,Australian Grand Prix,NOR,34.0,2.0,HARD,23.0,112.732,167,False
1,Australian Grand Prix,NOR,35.0,3.0,MEDIUM,1.0,89.434,1,False
1,Australian Grand Prix,NOR,36.0,3.0,MEDIUM,2.0,83.324,1,True
1,Australian Grand Prix,NOR,37.0,3.0,MEDIUM,3.0,83.448,1,True
1,Australian Grand Prix,NOR,38.0,3.0,MEDIUM,4.0,83.423,1,True
1,Australian Grand Prix,NOR,39.0,3.0,MEDIUM,5.0,84.001,1,True
1,Australian Grand Prix,NOR,40.0,3.0,MEDIUM,6.0,83.397,1,True
1,Australian Grand Prix,NOR,41.0,3.0,MEDIUM,7.0,83.762,1,True
1,Australian Grand Prix,NOR,42.0,3.0,MEDIUM,8.0,83.347,1,True
1,Australian Grand Prix,NOR,43.0,3.0,MEDIUM,9.0,83.286,1,True
1,Australian Grand Prix,NOR,44.0,3.0,MEDIUM,10.0,83.192,1,True
1,Australian Grand Prix,NOR,45.0,3.0,MEDIUM,11.0,82.886,1,True
1,Australian Grand Prix,NOR,46.0,3.0,MEDIUM,12.0,82.908,1,True
1,Australian Grand Prix,NOR,47.0,3.0,MEDIUM,13.0,82.778,1,True
1,Australian Grand Prix,NOR,48.0,3.0,MEDIUM,14.0,82.953,1,True
1,Australian Grand Prix,NOR,49.0,3.0,MEDIUM,15.0,82.804,1,True
1,Australian Grand Prix,NOR,50.0,3.0,MEDIUM,16.0,82.763,1,True
1,Australian Grand Prix,NOR,51.0,3.0,MEDIUM,17.0,82.598,1,True
1,Australian Grand Prix,NOR,52.0,3.0,MEDIUM,18.0,82.784,1,True
1,Australian Grand Prix,NOR,53.0,3.0,MEDIUM,19.0,82.358,1,True
1,Australian Grand Prix,NOR,54.0,3.0,MEDIUM,20.0,82.796,1,True
1,Australian Grand Prix,NOR,55.0,3.0,MEDIUM,21.0,82.867,1,True
1,Australian Grand Prix,NOR,56.0,3.0,MEDIUM,22.0,82.843,1,True
1,Australian Grand Prix,NOR,57.0,3.0,MEDIUM,23.0,83.416,1,True
1,Australian Grand Prix,NOR,58.0,3.0,MEDIUM,24.0,83.046,1,True
1,Australian Grand Prix,GAS,1.0,1.0,MEDIUM,1.0,97.98,1,False
1,Australian Grand Prix,GAS,2.0,1.0,MEDIUM,2.0,87.281,1,False
1,Australian Grand Prix,GAS,3.0,1.0,MEDIUM,3.0,86.371,1,True
1,Australian Grand Prix,GAS,4.0,1.0,MEDIUM,4.0,85.894,1,True
1,Australian Grand Prix,GAS,5.0,1.0,MEDIUM,5.0,87.04,1,True
1,Australian Grand Prix,GAS,6.0,1.0,MEDIUM,6.0,85.989,1,True
1,Australian Grand Prix,GAS,7.0,1.0,MEDIUM,7.0,85.079,1,True
1,Australian Grand Prix,GAS,8.0,1.0,MEDIUM,8.0,84.964,1,True
1,Australian Grand Prix,GAS,9.0,1.0,MEDIUM,9.0,85.441,1,True
1,Australian Grand Prix,GAS,10.0,1.0,MEDIUM,10.0,86.669,1,True
1,Australian Grand Prix,GAS,11.0,1.0,MEDIUM,11.0,104.821,16,False
1,Australian Grand Prix,GAS,12.0,2.0,HARD,1.0,118.072,6,False
1,Australian Grand Prix,GAS,13.0,2.0,HARD,2.0,111.634,671,False
1,Australian Grand Prix,GAS,14.0,2.0,HARD,3.0,85.748,1,True
1,Australian Grand Prix,GAS,15.0,2.0,HARD,4.0,84.823,1,True
1,Australian Grand Prix,GAS,16.0,2.0,HARD,5.0,84.69,1,True
1,Australian Grand Prix,GAS,17.0,2.0,HARD,6.0,85.203,1,True
1,Australian Grand Prix,GAS,18.0,2.0,HARD,7.0,101.225,126,False
1,Australian Grand Prix,GAS,19.0,2.0,HARD,8.0,112.95,671,False
1,Australian Grand Prix,GAS,20.0,2.0,HARD,9.0,86.578,1,True
1,Australian Grand Prix,GAS,21.0,2.0,HARD,10.0,85.678,1,True
1,Australian Grand Prix,GAS,22.0,2.0,HARD,11.0,84.586,1,True
1,Australian Grand Prix,GAS,23.0,2.0,HARD,12.0,84.499,1,True
1,Australian Grand Prix,GAS,24.0,2.0,HARD,13.0,84.852,1,True
1,Australian Grand Prix,GAS,25.0,2.0,HARD,14.0,84.54,1,True
1,Australian Grand Prix,GAS,26.0,2.0,HARD,15.0,84.771,1,True
1,Australian Grand Prix,GAS,27.0,2.0,HARD,16.0,84.661,1,True
1,Australian Grand Prix,GAS,28.0,2.0,HARD,17.0,84.795,1,True
1,Australian Grand Prix,GAS,29.0,2.0,HARD,18.0,85.096,1,True
1,Australian Grand Prix,GAS,30.0,2.0,HARD,19.0,85.242,1,True
1,Australian Grand Prix,GAS,31.0,2.0,HARD,20.0,85.271,1,True
1,Australian Grand Prix,GAS,32.0,2.0,HARD,21.0,85.202,1,True
1,Australian Grand Prix,GAS,33.0,2.0,HARD,22.0,92.276,16,False
1,Australian Grand Prix,GAS,34.0,2.0,HARD,23.0,91.244,671,False
1,Australian Grand Prix,GAS,35.0,2.0,HARD,24.0,85.029,1,True
1,Australian Grand Prix,GAS,36.0,2.0,HARD,25.0,85.177,1,True
1,Australian Grand Prix,GAS,37.0,2.0,HARD,26.0,86.333,1,True
1,Australian Grand Prix,GAS,38.0,2.0,HARD,27.0,86.094,1,True
1,Australian Grand Prix,GAS,39.0,2.0,HARD,28.0,85.265,1,True
1,Australian Grand Prix,GAS,40.0,2.0,HARD,29.0,86.132,1,True
1,Australian Grand Prix,GAS,41.0,2.0,HARD,30.0,85.319,1,True
1,Australian Grand Prix,GAS,42.0,2.0,HARD,31.0,84.879,1,True
1,Australian Grand Prix,GAS,43.0,2.0,HARD,32.0,84.977,1,True
1,Australian Grand Prix,GAS,44.0,2.0,HARD,33.0,85.028,1,True
1,Australian Grand Prix,GAS,45.0,2.0,HARD,34.0,87.175,1,True
1,Australian Grand Prix,GAS,46.0,2.0,HARD,35.0,85.353,1,True
1,Australian Grand Prix,GAS,47.0,2.0,HARD,36.0,86.497,1,True
1,Australian Grand Prix,GAS,48.0,2.0,HARD,37.0,84.982,1,True
1,Australian Grand Prix,GAS,49.0,2.0,HARD,38.0,85.281,1,True
1,Australian Grand Prix,GAS,50.0,2.0,HARD,39.0,84.927,1,True
1,Australian Grand Prix,GAS,51.0,2.0,HARD,40.0,86.46,1,True
1,Australian Grand Prix,GAS,52.0,2.0,HARD,41.0,86.527,1,True
1,Australian Grand Prix,GAS,53.0,2.0,HARD,42.0,84.79,1,True
1,Australian Grand Prix,GAS,54.0,2.0,HARD,43.0,84.52,1,True
1,Australian Grand Prix,GAS,55.0,2.0,HARD,44.0,84.595,1,True
1,Australian Grand Prix,GAS,56.0,2.0,HARD,45.0,84.486,1,True
1,Australian Grand Prix,GAS,57.0,2.0,HARD,46.0,84.837,1,True
1,Australian Grand Prix,PER,1.0,1.0,MEDIUM,1.0,102.557,1,False
1,Australian Grand Prix,PER,2.0,1.0,MEDIUM,2.0,88.763,1,False
1,Australian Grand Prix,PER,3.0,1.0,MEDIUM,3.0,88.094,1,True
1,Australian Grand Prix,PER,4.0,1.0,MEDIUM,4.0,87.222,1,True
1,Australian Grand Prix,PER,5.0,1.0,MEDIUM,5.0,88.025,1,True
1,Australian Grand Prix,PER,6.0,1.0,MEDIUM,6.0,87.595,1,True
1,Australian Grand Prix,PER,7.0,1.0,MEDIUM,7.0,87.625,1,True
1,Australian Grand Prix,PER,8.0,1.0,MEDIUM,8.0,87.184,1,True
1,Australian Grand Prix,PER,9.0,1.0,MEDIUM,9.0,87.05,1,True
1,Australian Grand Prix,PER,10.0,1.0,MEDIUM,10.0,87.595,1,True
1,Australian Grand Prix,PER,11.0,1.0,MEDIUM,11.0,97.875,16,False
1,Australian Grand Prix,PER,12.0,1.0,MEDIUM,12.0,116.537,6,False
1,Australian Grand Prix,PER,13.0,1.0,MEDIUM,13.0,110.001,671,False
1,Australian Grand Prix,PER,14.0,1.0,MEDIUM,14.0,87.084,1,True
1,Australian Grand Prix,PER,15.0,1.0,MEDIUM,15.0,88.137,1,True
1,Australian Grand Prix,PER,16.0,1.0,MEDIUM,16.0,91.277,1,True
1,Australian Grand Prix,PER,17.0,1.0,MEDIUM,17.0,88.615,1,True
1,Australian Grand Prix,PER,18.0,1.0,MEDIUM,18.0,126.084,126,False
1,Australian Grand Prix,PER,19.0,2.0,HARD,1.0,103.359,671,False
1,Australian Grand Prix,PER,20.0,2.0,HARD,2.0,86.49,1,True
1,Australian Grand Prix,PER,21.0,2.0,HARD,3.0,87.262,1,True
1,Australian Grand Prix,PER,22.0,2.0,HARD,4.0,89.083,1,True
1,Australian Grand Prix,PER,23.0,2.0,HARD,5.0,87.457,1,True
1,Australian Grand Prix,PER,24.0,2.0,HARD,6.0,89.284,1,True
1,Australian Grand Prix,PER,25.0,2.0,HARD,7.0,87.093,1,True
1,Australian Grand Prix,PER,26.0,2.0,HARD,8.0,88.588,1,True
1,Australian Grand Prix,PER,27.0,2.0,HARD,9.0,88.352,1,True
1,Australian Grand Prix,PER,28.0,2.0,HARD,10.0,89.249,1,True
1,Australian Grand Prix,PER,29.0,2.0,HARD,11.0,86.934,1,True
1,Australian Grand Prix,PER,30.0,2.0,HARD,12.0,87.419,1,True
1,Australian Grand Prix,PER,31.0,2.0,HARD,13.0,90.506,1,True
1,Australian Grand Prix,PER,32.0,2.0,HARD,14.0,94.972,16,False
1,Australian Grand Prix,PER,33.0,2.0,HARD,15.0,93.478,671,False
1,Australian Grand Prix,PER,34.0,2.0,HARD,16.0,87.151,1,True
1,Australian Grand Prix,PER,35.0,2.0,HARD,17.0,89.226,1,True
1,Australian Grand Prix,PER,36.0,2.0,HARD,18.0,88.891,1,True
1,Australian Grand Prix,PER,37.0,2.0,HARD,19.0,87.081,1,True
1,Australian Grand Prix,PER,38.0,2.0,HARD,20.0,86.93,1,True
1,Australian Grand Prix,PER,39.0,2.0,HARD,21.0,87.099,1,True
1,Australian Grand Prix,PER,40.0,2.0,HARD,22.0,89.198,1,True
1,Australian Grand Prix,PER,41.0,2.0,HARD,23.0,89.219,1,True
1,Australian Grand Prix,PER,42.0,2.0,HARD,24.0,87.956,1,True
1,Australian Grand Prix,PER,43.0,2.0,HARD,25.0,105.049,1,False
1,Australian Grand Prix,PER,44.0,3.0,SOFT,1.0,93.422,1,False
1,Australian Grand Prix,PER,45.0,3.0,SOFT,2.0,86.314,1,True
1,Australian Grand Prix,PER,46.0,3.0,SOFT,3.0,88.095,1,True
1,Australian Grand Prix,PER,47.0,3.0,SOFT,4.0,86.07,1,True
1,Australian Grand Prix,PER,48.0,3.0,SOFT,5.0,86.151,1,True
1,Australian Grand Prix,PER,49.0,3.0,SOFT,6.0,86.21,1,True
1,Australian Grand Prix,PER,50.0,3.0,SOFT,7.0,86.085,1,True
1,Australian Grand Prix,PER,51.0,3.0,SOFT,8.0,86.2,1,True
1,Australian Grand Prix,PER,52.0,3.0,SOFT,9.0,86.412,1,True
1,Australian Grand Prix,PER,53.0,3.0,SOFT,10.0,86.13,1,True
1,Australian Grand Prix,PER,54.0,3.0,SOFT,11.0,89.959,1,True
1,Australian Grand Prix,PER,55.0,3.0,SOFT,12.0,88.957,1,True
1,Australian Grand Prix,ANT,1.0,1.0,MEDIUM,1.0,96.966,1,False
1,Australian Grand Prix,ANT,2.0,1.0,MEDIUM,2.0,87.129,1,False
1,Australian Grand Prix,ANT,3.0,1.0,MEDIUM,3.0,85.463,1,True
1,Australian Grand Prix,ANT,4.0,1.0,MEDIUM,4.0,85.411,1,True
1,Australian Grand Prix,ANT,5.0,1.0,MEDIUM,5.0,84.499,1,True
1,Australian Grand Prix,ANT,6.0,1.0,MEDIUM,6.0,84.024,1,True
1,Australian Grand Prix,ANT,7.0,1.0,MEDIUM,7.0,83.835,1,True
1,Australian Grand Prix,ANT,8.0,1.0,MEDIUM,8.0,83.683,1,True
1,Australian Grand Prix,ANT,9.0,1.0,MEDIUM,9.0,83.908,1,True
1,Australian Grand Prix,ANT,10.0,1.0,MEDIUM,10.0,84.037,1,True
1,Australian Grand Prix,ANT,11.0,1.0,MEDIUM,11.0,83.89,16,False
1,Australian Grand Prix,ANT,12.0,1.0,MEDIUM,12.0,129.682,6,False
1,Australian Grand Prix,ANT,13.0,2.0,HARD,1.0,117.691,67,False
1,Australian Grand Prix,ANT,14.0,2.0,HARD,2.0,86.679,71,False
1,Australian Grand Prix,ANT,15.0,2.0,HARD,3.0,83.287,1,True
1,Australian Grand Prix,ANT,16.0,2.0,HARD,4.0,83.618,1,True
1,Australian Grand Prix,ANT,17.0,2.0,HARD,5.0,83.26,1,True
1,Australian Grand Prix,ANT,18.0,2.0,HARD,6.0,90.982,126,False
1,Australian Grand Prix,ANT,19.0,2.0,HARD,7.0,115.334,6,False
1,Australian Grand Prix,ANT,20.0,2.0,HARD,8.0,88.479,671,False
1,Australian Grand Prix,ANT,21.0,2.0,HARD,9.0,82.781,1,True
1,Australian Grand Prix,ANT,22.0,2.0,HARD,10.0,82.862,1,True
1,Australian Grand Prix,ANT,23.0,2.0,HARD,11.0,82.582,1,True
1,Australian Grand Prix,ANT,24.0,2.0,HARD,12.0,83.222,1,True
1,Australian Grand Prix,ANT,25.0,2.0,HARD,13.0,84.545,1,True
1,Australian Grand Prix,ANT,26.0,2.0,HARD,14.0,83.138,1,True
1,Australian Grand Prix,ANT,27.0,2.0,HARD,15.0,83.103,1,True
1,Australian Grand Prix,ANT,28.0,2.0,HARD,16.0,83.03,1,True
1,Australian Grand Prix,ANT,29.0,2.0,HARD,17.0,82.968,1,True
1,Australian Grand Prix,ANT,30.0,2.0,HARD,18.0,82.889,1,True
1,Australian Grand Prix,ANT,31.0,2.0,HARD,19.0,82.88,1,True
1,Australian Grand Prix,ANT,32.0,2.0,HARD,20.0,83.239,1,True
1,Australian Grand Prix,ANT,33.0,2.0,HARD,21.0,83.017,1,True
1,Australian Grand Prix,ANT,34.0,2.0,HARD,22.0,98.387,167,False
1,Australian Grand Prix,ANT,35.0,2.0,HARD,23.0,83.292,1,True
1,Australian Grand Prix,ANT,36.0,2.0,HARD,24.0,82.865,1,True
1,Australian Grand Prix,ANT,37.0,2.0,HARD,25.0,82.966,1,True
1,Australian Grand Prix,ANT,38.0,2.0,HARD,26.0,82.989,1,True
1,Australian Grand Prix,ANT,39.0,2.0,HARD,27.0,82.921,1,True
1,Australian Grand Prix,ANT,40.0,2.0,HARD,28.0,82.672,1,True
1,Australian Grand Prix,ANT,41.0,2.0,HARD,29.0,82.928,1,True
1,Australian Grand Prix,ANT,42.0,2.0,HARD,30.0,82.942,1,True
1,Australian Grand Prix,ANT,43.0,2.0,HARD,31.0,83.015,1,True
1,Australian Grand Prix,ANT,44.0,2.0,HARD,32.0,83.079,1,True
1,Australian Grand Prix,ANT,45.0,2.0,HARD,33.0,83.123,1,True
1,Australian Grand Prix,ANT,46.0,2.0,HARD,34.0,83.038,1,True
1,Australian Grand Prix,ANT,47.0,2.0,HARD,35.0,83.066,1,True
1,Australian Grand Prix,ANT,48.0,2.0,HARD,36.0,82.992,1,True
1,Australian Grand Prix,ANT,49.0,2.0,HARD,37.0,83.245,1,True
1,Australian Grand Prix,ANT,50.0,2.0,HARD,38.0,82.903,1,True
1,Australian Grand Prix,ANT,51.0,2.0,HARD,39.0,82.625,1,True
1,Australian Grand Prix,ANT,52.0,2.0,HARD,40.0,82.558,1,True
1,Australian Grand Prix,ANT,53.0,2.0,HARD,41.0,82.613,1,True
1,Australian Grand Prix,ANT,54.0,2.0,HARD,42.0,82.842,1,True
1,Australian Grand Prix,ANT,55.0,2.0,HARD,43.0,82.928,1,True
1,Australian Grand Prix,ANT,56.0,2.0,HARD,44.0,82.603,1,True
1,Australian Grand Prix,ANT,57.0,2.0,HARD,45.0,82.417,1,True
1,Australian Grand Prix,ANT,58.0,2.0,HARD,46.0,82.653,1,True
1,Australian Grand Prix,ALO,1.0,1.0,SOFT,1.0,98.271,1,False
1,Australian Grand Prix,ALO,2.0,1.0,SOFT,2.0,87.598,1,False
1,Australian Grand Prix,ALO,3.0,1.0,SOFT,3.0,88.035,1,True
1,Australian Grand Prix,ALO,4.0,1.0,SOFT,4.0,87.424,1,True
1,Australian Grand Prix,ALO,5.0,1.0,SOFT,5.0,88.835,1,True
1,Australian Grand Prix,ALO,6.0,1.0,SOFT,6.0,88.763,1,True
1,Australian Grand Prix,ALO,7.0,1.0,SOFT,7.0,87.876,1,True
1,Australian Grand Prix,ALO,8.0,1.0,SOFT,8.0,86.792,1,True
1,Australian Grand Prix,ALO,9.0,1.0,SOFT,9.0,87.04,1,True
1,Australian Grand Prix,ALO,10.0,1.0,SOFT,10.0,87.475,1,True
1,Australian Grand Prix,ALO,11.0,1.0,SOFT,11.0,119.99,16,False
1,Australian Grand Prix,ALO,12.0,2.0,SOFT,1.0,122.34,6,False
1,Australian Grand Prix,ALO,13.0,2.0,SOFT,2.0,,6712,False
1,Australian Grand Prix,ALO,14.0,3.0,SOFT,3.0,98.828,1,False
1,Australian Grand Prix,ALO,15.0,3.0,SOFT,4.0,85.713,1,True
1,Australian Grand Prix,ALO,16.0,3.0,SOFT,5.0,86.131,1,True
1,Australian Grand Prix,ALO,17.0,3.0,SOFT,6.0,86.376,1,True
1,Australian Grand Prix,ALO,18.0,3.0,SOFT,7.0,85.908,1,True
1,Australian Grand Prix,ALO,19.0,3.0,SOFT,8.0,88.14,1,True
1,Australian Grand Prix,ALO,20.0,3.0,SOFT,9.0,86.641,1,True
1,Australian Grand Prix,ALO,21.0,3.0,SOFT,10.0,88.082,1,True
1,Australian Grand Prix,ALO,22.0,3.0,SOFT,11.0,,167,False
1,Australian Grand Prix,LEC,1.0,1.0,MEDIUM,1.0,91.929,1,False
1,Australian Grand Prix,LEC,2.0,1.0,MEDIUM,2.0,86.212,1,False
1,Australian Grand Prix,LEC,3.0,1.0,MEDIUM,3.0,85.453,1,True
1,Australian Grand Prix,LEC,4.0,1.0,MEDIUM,4.0,84.553,1,True
1,Australian Grand Prix,LEC,5.0,1.0,MEDIUM,5.0,83.981,1,True
1,Australian Grand Prix,LEC,6.0,1.0,MEDIUM,6.0,84.822,1,True
1,Australian Grand Prix,LEC,7.0,1.0,MEDIUM,7.0,84.034,1,True
1,Australian Grand Prix,LEC,8.0,1.0,MEDIUM,8.0,85.563,1,True
1,Australian Grand Prix,LEC,9.0,1.0,MEDIUM,9.0,85.602,1,True
1,Australian Grand Prix,LEC,10.0,1.0,MEDIUM,10.0,83.977,1,True
1,Australian Grand Prix,LEC,11.0,1.0,MEDIUM,11.0,83.798,1,True
1,Australian Grand Prix,LEC,12.0,1.0,MEDIUM,12.0,114.008,16,False
1,Australian Grand Prix,LEC,13.0,1.0,MEDIUM,13.0,115.178,6,False
1,Australian Grand Prix,LEC,14.0,1.0,MEDIUM,14.0,90.489,671,False
1,Australian Grand Prix,LEC,15.0,1.0,MEDIUM,15.0,83.765,1,True
1,Australian Grand Prix,LEC,16.0,1.0,MEDIUM,16.0,83.511,1,True
1,Australian Grand Prix,LEC,17.0,1.0,MEDIUM,17.0,84.356,1,True
1,Australian Grand Prix,LEC,18.0,1.0,MEDIUM,18.0,89.602,126,False
1,Australian Grand Prix,LEC,19.0,1.0,MEDIUM,19.0,113.653,6,False
1,Australian Grand Prix,LEC,20.0,1.0,MEDIUM,20.0,93.183,671,False
1,Australian Grand Prix,LEC,21.0,1.0,MEDIUM,21.0,83.322,1,True
1,Australian Grand Prix,LEC,22.0,1.0,MEDIUM,22.0,83.416,1,True
1,Australian Grand Prix,LEC,23.0,1.0,MEDIUM,23.0,83.476,1,True
1,Australian Grand Prix,LEC,24.0,1.0,MEDIUM,24.0,83.66,1,True
1,Australian Grand Prix,LEC,25.0,1.0,MEDIUM,25.0,97.834,1,False
1,Australian Grand Prix,LEC,26.0,2.0,HARD,1.0,89.317,1,False
1,Australian Grand Prix,LEC,27.0,2.0,HARD,2.0,83.106,1,True
1,Australian Grand Prix,LEC,28.0,2.0,HARD,3.0,83.089,1,True
1,Australian Grand Prix,LEC,29.0,2.0,HARD,4.0,82.987,1,True
1,Australian Grand Prix,LEC,30.0,2.0,HARD,5.0,83.026,1,True
1,Australian Grand Prix,LEC,31.0,2.0,HARD,6.0,82.934,1,True
1,Australian Grand Prix,LEC,32.0,2.0,HARD,7.0,82.947,1,True
1,Australian Grand Prix,LEC,33.0,2.0,HARD,8.0,83.174,1,True
1,Australian Grand Prix,LEC,34.0,2.0,HARD,9.0,98.516,167,False
1,Australian Grand Prix,LEC,35.0,2.0,HARD,10.0,83.542,1,True
1,Australian Grand Prix,LEC,36.0,2.0,HARD,11.0,84.376,1,True
1,Australian Grand Prix,LEC,37.0,2.0,HARD,12.0,83.236,1,True
1,Australian Grand Prix,LEC,38.0,2.0,HARD,13.0,82.579,1,True
1,Australian Grand Prix,LEC,39.0,2.0,HARD,14.0,82.728,1,True
1,Australian Grand Prix,LEC,40.0,2.0,HARD,15.0,82.93,1,True
1,Australian Grand Prix,LEC,41.0,2.0,HARD,16.0,82.995,1,True
1,Australian Grand Prix,LEC,42.0,2.0,HARD,17.0,82.846,1,True
1,Australian Grand Prix,LEC,43.0,2.0,HARD,18.0,82.75,1,True
1,Australian Grand Prix,LEC,44.0,2.0,HARD,19.0,83.094,1,True
1,Australian Grand Prix,LEC,45.0,2.0,HARD,20.0,83.16,1,True
1,Australian Grand Prix,LEC,46.0,2.0,HARD,21.0,82.894,1,True
1,Australian Grand Prix,LEC,47.0,2.0,HARD,22.0,82.952,1,True
1,Australian Grand Prix,LEC,48.0,2.0,HARD,23.0,82.899,1,True
1,Australian Grand Prix,LEC,49.0,2.0,HARD,24.0,83.364,1,True
1,Australian Grand Prix,LEC,50.0,2.0,HARD,25.0,83.2,1,True
1,Australian Grand Prix,LEC,51.0,2.0,HARD,26.0,82.989,1,True
1,Australian Grand Prix,LEC,52.0,2.0,HARD,27.0,83.049,1,True
1,Australian Grand Prix,LEC,53.0,2.0,HARD,28.0,83.014,1,True
1,Australian Grand Prix,LEC,54.0,2.0,HARD,29.0,83.045,1,True
1,Australian Grand Prix,LEC,55.0,2.0,HARD,30.0,82.825,1,True
1,Australian Grand Prix,LEC,56.0,2.0,HARD,31.0,82.965,1,True
1,Australian Grand Prix,LEC,57.0,2.0,HARD,32.0,83.098,1,True
1,Australian Grand Prix,LEC,58.0,2.0,HARD,33.0,83.317,1,True
1,Australian Grand Prix,STR,1.0,1.0,MEDIUM,1.0,103.37,1,False
1,Australian Grand Prix,STR,2.0,1.0,MEDIUM,2.0,88.773,1,False
1,Australian Grand Prix,STR,3.0,1.0,MEDIUM,3.0,88.58,1,True
1,Australian Grand Prix,STR,4.0,1.0,MEDIUM,4.0,88.079,1,True
1,Australian Grand Prix,STR,5.0,1.0,MEDIUM,5.0,88.185,1,True
1,Australian Grand Prix,STR,6.0,1.0,MEDIUM,6.0,88.202,1,True
1,Australian Grand Prix,STR,7.0,1.0,MEDIUM,7.0,87.987,1,True
1,Australian Grand Prix,STR,8.0,1.0,MEDIUM,8.0,87.644,1,True
1,Australian Grand Prix,STR,9.0,1.0,MEDIUM,9.0,88.072,1,True
1,Australian Grand Prix,STR,10.0,1.0,MEDIUM,10.0,87.614,1,True
1,Australian Grand Prix,STR,11.0,1.0,MEDIUM,11.0,132.251,16,False
1,Australian Grand Prix,STR,12.0,2.0,HARD,1.0,118.206,6,False
1,Australian Grand Prix,STR,13.0,2.0,HARD,2.0,98.945,671,False
1,Australian Grand Prix,STR,14.0,2.0,HARD,3.0,87.008,1,True
1,Australian Grand Prix,STR,15.0,2.0,HARD,4.0,86.872,1,True
1,Australian Grand Prix,STR,16.0,2.0,HARD,5.0,87.37,1,True
1,Australian Grand Prix,STR,17.0,2.0,HARD,6.0,90.502,126,False
1,Australian Grand Prix,STR,18.0,2.0,HARD,7.0,114.0,6,False
1,Australian Grand Prix,STR,19.0,2.0,HARD,8.0,99.887,671,False
1,Australian Grand Prix,STR,20.0,2.0,HARD,9.0,88.097,1,True
1,Australian Grand Prix,STR,21.0,2.0,HARD,10.0,87.915,1,True
1,Australian Grand Prix,STR,22.0,2.0,HARD,11.0,87.48,1,True
1,Australian Grand Prix,STR,23.0,2.0,HARD,12.0,87.511,1,True
1,Australian Grand Prix,STR,24.0,2.0,HARD,13.0,87.122,1,True
1,Australian Grand Prix,STR,25.0,2.0,HARD,14.0,89.033,1,True
1,Australian Grand Prix,STR,26.0,2.0,HARD,15.0,118.866,1,False
1,Australian Grand Prix,STR,27.0,3.0,SOFT,1.0,97.514,1,False
1,Australian Grand Prix,STR,28.0,3.0,SOFT,2.0,86.074,1,True
1,Australian Grand Prix,STR,29.0,3.0,SOFT,3.0,86.064,1,True
1,Australian Grand Prix,STR,30.0,3.0,SOFT,4.0,87.416,1,True
1,Australian Grand Prix,STR,31.0,3.0,SOFT,5.0,86.387,1,True
1,Australian Grand Prix,STR,32.0,3.0,SOFT,6.0,102.468,167,False
1,Australian Grand Prix,STR,33.0,3.0,SOFT,7.0,86.528,1,True
1,Australian Grand Prix,STR,34.0,3.0,SOFT,8.0,,1,False
1,Australian Grand Prix,STR,35.0,4.0,SOFT,1.0,95.637,1,False
1,Australian Grand Prix,STR,36.0,4.0,SOFT,2.0,85.41,1,True
1,Australian Grand Prix,STR,37.0,4.0,SOFT,3.0,86.32,1,True
1,Australian Grand Prix,STR,38.0,4.0,SOFT,4.0,86.37,1,True
1,Australian Grand Prix,STR,39.0,4.0,SOFT,5.0,105.889,1,False
1,Australian Grand Prix,STR,40.0,5.0,SOFT,1.0,92.972,1,False
1,Australian Grand Prix,STR,41.0,5.0,SOFT,2.0,85.444,1,True
1,Australian Grand Prix,STR,42.0,5.0,SOFT,3.0,85.707,1,True
1,Australian Grand Prix,STR,43.0,5.0,SOFT,4.0,85.919,1,True
1,Australian Grand Prix,ALB,1.0,1.0,MEDIUM,1.0,99.376,1,False
1,Australian Grand Prix,ALB,2.0,1.0,MEDIUM,2.0,87.78,1,False
1,Australian Grand Prix,ALB,3.0,1.0,MEDIUM,3.0,87.512,1,True
1,Australian Grand Prix,ALB,4.0,1.0,MEDIUM,4.0,87.911,1,True
1,Australian Grand Prix,ALB,5.0,1.0,MEDIUM,5.0,87.176,1,True
1,Australian Grand Prix,ALB,6.0,1.0,MEDIUM,6.0,86.436,1,True
1,Australian Grand Prix,ALB,7.0,1.0,MEDIUM,7.0,85.688,1,True
1,Australian Grand Prix,ALB,8.0,1.0,MEDIUM,8.0,85.558,1,True
1,Australian Grand Prix,ALB,9.0,1.0,MEDIUM,9.0,85.728,1,True
1,Australian Grand Prix,ALB,10.0,1.0,MEDIUM,10.0,86.03,1,True
1,Australian Grand Prix,ALB,11.0,1.0,MEDIUM,11.0,93.98,16,False
1,Australian Grand Prix,ALB,12.0,1.0,MEDIUM,12.0,125.578,6,False
1,Australian Grand Prix,ALB,13.0,2.0,HARD,1.0,112.348,671,False
1,Australian Grand Prix,ALB,14.0,2.0,HARD,2.0,85.379,1,True
1,Australian Grand Prix,ALB,15.0,2.0,HARD,3.0,85.035,1,True
1,Australian Grand Prix,ALB,16.0,2.0,HARD,4.0,88.434,1,True
1,Australian Grand Prix,ALB,17.0,2.0,HARD,5.0,85.662,1,True
1,Australian Grand Prix,ALB,18.0,2.0,HARD,6.0,104.028,126,False
1,Australian Grand Prix,ALB,19.0,2.0,HARD,7.0,109.476,671,False
1,Australian Grand Prix,ALB,20.0,2.0,HARD,8.0,85.041,1,True
1,Australian Grand Prix,ALB,21.0,2.0,HARD,9.0,85.065,1,True
1,Australian Grand Prix,ALB,22.0,2.0,HARD,10.0,85.297,1,True
1,Australian Grand Prix,ALB,23.0,2.0,HARD,11.0,85.258,1,True
1,Australian Grand Prix,ALB,24.0,2.0,HARD,12.0,85.334,1,True
1,Australian Grand Prix,ALB,25.0,2.0,HARD,13.0,85.569,1,True
1,Australian Grand Prix,ALB,26.0,2.0,HARD,14.0,85.782,1,True
1,Australian Grand Prix,ALB,27.0,2.0,HARD,15.0,85.734,1,True
1,Australian Grand Prix,ALB,28.0,2.0,HARD,16.0,86.642,1,True
1,Australian Grand Prix,ALB,29.0,2.0,HARD,17.0,86.614,1,True
1,Australian Grand Prix,ALB,30.0,2.0,HARD,18.0,86.472,1,True
1,Australian Grand Prix,ALB,31.0,2.0,HARD,19.0,86.523,1,True
1,Australian Grand Prix,ALB,32.0,2.0,HARD,20.0,86.459,1,True
1,Australian Grand Prix,ALB,33.0,2.0,HARD,21.0,110.03,167,False
1,Australian Grand Prix,ALB,34.0,3.0,SOFT,1.0,90.918,1,False
1,Australian Grand Prix,ALB,35.0,3.0,SOFT,2.0,84.446,1,True
1,Australian Grand Prix,ALB,36.0,3.0,SOFT,3.0,84.375,1,True
1,Australian Grand Prix,ALB,37.0,3.0,SOFT,4.0,85.052,1,True
1,Australian Grand Prix,ALB,38.0,3.0,SOFT,5.0,86.338,1,True
1,Australian Grand Prix,ALB,39.0,3.0,SOFT,6.0,84.858,1,True
1,Australian Grand Prix,ALB,40.0,3.0,SOFT,7.0,86.672,1,True
1,Australian Grand Prix,ALB,41.0,3.0,SOFT,8.0,84.876,1,True
1,Australian Grand Prix,ALB,42.0,3.0,SOFT,9.0,84.858,1,True
1,Australian Grand Prix,ALB,43.0,3.0,SOFT,10.0,84.956,1,True
1,Australian Grand Prix,ALB,44.0,3.0,SOFT,11.0,84.841,1,True
1,Australian Grand Prix,ALB,45.0,3.0,SOFT,12.0,84.702,1,True
1,Australian Grand Prix,ALB,46.0,3.0,SOFT,13.0,84.777,1,True
1,Australian Grand Prix,ALB,47.0,3.0,SOFT,14.0,84.815,1,True
1,Australian Grand Prix,ALB,48.0,3.0,SOFT,15.0,84.773,1,True
1,Australian Grand Prix,ALB,49.0,3.0,SOFT,16.0,84.785,1,True
1,Australian Grand Prix,ALB,50.0,3.0,SOFT,17.0,84.856,1,True
1,Australian Grand Prix,ALB,51.0,3.0,SOFT,18.0,84.749,1,True
1,Australian Grand Prix,ALB,52.0,3.0,SOFT,19.0,84.764,1,True
1,Australian Grand Prix,ALB,53.0,3.0,SOFT,20.0,85.019,1,True
1,Australian Grand Prix,ALB,54.0,3.0,SOFT,21.0,84.861,1,True
1,Australian Grand Prix,ALB,55.0,3.0,SOFT,22.0,84.995,1,True
1,Australian Grand Prix,ALB,56.0,3.0,SOFT,23.0,86.387,1,True
1,Australian Grand Prix,ALB,57.0,3.0,SOFT,24.0,86.268,1,True
1,Australian Grand Prix,VER,1.0,1.0,HARD,1.0,101.333,1,False
1,Australian Grand Prix,VER,2.0,1.0,HARD,2.0,86.828,1,False
1,Australian Grand Prix,VER,3.0,1.0,HARD,3.0,87.096,1,True
1,Australian Grand Prix,VER,4.0,1.0,HARD,4.0,86.571,1,True
1,Australian Grand Prix,VER,5.0,1.0,HARD,5.0,84.879,1,True
1,Australian Grand Prix,VER,6.0,1.0,HARD,6.0,84.968,1,True
1,Australian Grand Prix,VER,7.0,1.0,HARD,7.0,85.384,1,True
1,Australian Grand Prix,VER,8.0,1.0,HARD,8.0,84.707,1,True
1,Australian Grand Prix,VER,9.0,1.0,HARD,9.0,85.071,1,True
1,Australian Grand Prix,VER,10.0,1.0,HARD,10.0,85.133,1,True
1,Australian Grand Prix,VER,11.0,1.0,HARD,11.0,91.029,16,False
1,Australian Grand Prix,VER,12.0,1.0,HARD,12.0,114.214,6,False
1,Australian Grand Prix,VER,13.0,1.0,HARD,13.0,114.861,67,False
1,Australian Grand Prix,VER,14.0,1.0,HARD,14.0,86.13,71,False
1,Australian Grand Prix,VER,15.0,1.0,HARD,15.0,84.098,1,True
1,Australian Grand Prix,VER,16.0,1.0,HARD,16.0,84.606,1,True
1,Australian Grand Prix,VER,17.0,1.0,HARD,17.0,84.757,1,True
1,Australian Grand Prix,VER,18.0,1.0,HARD,18.0,108.547,126,False
1,Australian Grand Prix,VER,19.0,2.0,MEDIUM,1.0,116.349,671,False
1,Australian Grand Prix,VER,20.0,2.0,MEDIUM,2.0,83.566,1,True
1,Australian Grand Prix,VER,21.0,2.0,MEDIUM,3.0,83.536,1,True
1,Australian Grand Prix,VER,22.0,2.0,MEDIUM,4.0,83.458,1,True
1,Australian Grand Prix,VER,23.0,2.0,MEDIUM,5.0,83.516,1,True
1,Australian Grand Prix,VER,24.0,2.0,MEDIUM,6.0,83.472,1,True
1,Australian Grand Prix,VER,25.0,2.0,MEDIUM,7.0,83.554,1,True
1,Australian Grand Prix,VER,26.0,2.0,MEDIUM,8.0,83.363,1,True
1,Australian Grand Prix,VER,27.0,2.0,MEDIUM,9.0,83.74,1,True
1,Australian Grand Prix,VER,28.0,2.0,MEDIUM,10.0,83.463,1,True
1,Australian Grand Prix,VER,29.0,2.0,MEDIUM,11.0,83.439,1,True
1,Australian Grand Prix,VER,30.0,2.0,MEDIUM,12.0,83.39,1,True
1,Australian Grand Prix,VER,31.0,2.0,MEDIUM,13.0,83.51,1,True
1,Australian Grand Prix,VER,32.0,2.0,MEDIUM,14.0,83.587,1,True
1,Australian Grand Prix,VER,33.0,2.0,MEDIUM,15.0,83.93,1,True
1,Australian Grand Prix,VER,34.0,2.0,MEDIUM,16.0,98.216,167,False
1,Australian Grand Prix,VER,35.0,2.0,MEDIUM,17.0,84.556,1,True
1,Australian Grand Prix,VER,36.0,2.0,MEDIUM,18.0,83.967,1,True
1,Australian Grand Prix,VER,37.0,2.0,MEDIUM,19.0,83.675,1,True
1,Australian Grand Prix,VER,38.0,2.0,MEDIUM,20.0,83.912,1,True
1,Australian Grand Prix,VER,39.0,2.0,MEDIUM,21.0,83.715,1,True
1,Australian Grand Prix,VER,40.0,2.0,MEDIUM,22.0,84.595,1,True
1,Australian Grand Prix,VER,41.0,2.0,MEDIUM,23.0,98.866,1,False
1,Australian Grand Prix,VER,42.0,3.0,HARD,1.0,87.991,1,False
1,Australian Grand Prix,VER,43.0,3.0,HARD,2.0,82.091,1,True
1,Australian Grand Prix,VER,44.0,3.0,HARD,3.0,82.52,1,True
1,Australian Grand Prix,VER,45.0,3.0,HARD,4.0,82.453,1,True
1,Australian Grand Prix,VER,46.0,3.0,HARD,5.0,82.81,1,True
1,Australian Grand Prix,VER,47.0,3.0,HARD,6.0,82.489,1,True
1,Australian Grand Prix,VER,48.0,3.0,HARD,7.0,82.906,1,True
1,Australian Grand Prix,VER,49.0,3.0,HARD,8.0,82.939,1,True
1,Australian Grand Prix,VER,50.0,3.0,HARD,9.0,82.738,1,True
1,Australian Grand Prix,VER,51.0,3.0,HARD,10.0,82.69,1,True
1,Australian Grand Prix,VER,52.0,3.0,HARD,11.0,82.683,1,True
1,Australian Grand Prix,VER,53.0,3.0,HARD,12.0,83.109,1,True
1,Australian Grand Prix,VER,54.0,3.0,HARD,13.0,83.09,1,True
1,Australian Grand Prix,VER,55.0,3.0,HARD,14.0,83.211,1,True
1,Australian Grand Prix,VER,56.0,3.0,HARD,15.0,83.109,1,True
1,Australian Grand Prix,VER,57.0,3.0,HARD,16.0,83.469,1,True
1,Australian Grand Prix,VER,58.0,3.0,HARD,17.0,83.533,1,True
1,Australian Grand Prix,LAW,1.0,1.0,MEDIUM,1.0,102.188,1,False
1,Australian Grand Prix,LAW,2.0,1.0,MEDIUM,2.0,88.537,1,False
1,Australian Grand Prix,LAW,3.0,1.0,MEDIUM,3.0,86.869,1,True
1,Australian Grand Prix,LAW,4.0,1.0,MEDIUM,4.0,86.661,1,True
1,Australian Grand Prix,LAW,5.0,1.0,MEDIUM,5.0,87.142,1,True
1,Australian Grand Prix,LAW,6.0,1.0,MEDIUM,6.0,87.96,1,True
1,Australian Grand Prix,LAW,7.0,1.0,MEDIUM,7.0,86.644,1,True
1,Australian Grand Prix,LAW,8.0,1.0,MEDIUM,8.0,85.888,1,True
1,Australian Grand Prix,LAW,9.0,1.0,MEDIUM,9.0,86.025,1,True
1,Australian Grand Prix,LAW,10.0,1.0,MEDIUM,10.0,85.751,1,True
1,Australian Grand Prix,LAW,11.0,1.0,MEDIUM,11.0,110.026,16,False
1,Australian Grand Prix,LAW,12.0,2.0,HARD,1.0,130.384,6,False
1,Australian Grand Prix,LAW,13.0,2.0,HARD,2.0,95.45,671,False
1,Australian Grand Prix,LAW,14.0,2.0,HARD,3.0,85.233,1,True
1,Australian Grand Prix,LAW,15.0,2.0,HARD,4.0,86.791,1,True
1,Australian Grand Prix,LAW,16.0,2.0,HARD,5.0,89.919,1,True
1,Australian Grand Prix,LAW,17.0,2.0,HARD,6.0,85.839,1,True
1,Australian Grand Prix,LAW,18.0,2.0,HARD,7.0,108.965,126,False
1,Australian Grand Prix,LAW,19.0,2.0,HARD,8.0,105.808,671,False
1,Australian Grand Prix,LAW,20.0,2.0,HARD,9.0,85.068,1,True
1,Australian Grand Prix,LAW,21.0,2.0,HARD,10.0,84.91,1,True
1,Australian Grand Prix,LAW,22.0,2.0,HARD,11.0,85.041,1,True
1,Australian Grand Prix,LAW,23.0,2.0,HARD,12.0,85.074,1,True
1,Australian Grand Prix,LAW,24.0,2.0,HARD,13.0,86.526,1,True
1,Australian Grand Prix,LAW,25.0,2.0,HARD,14.0,85.255,1,True
1,Australian Grand Prix,LAW,26.0,2.0,HARD,15.0,84.972,1,True
1,Australian Grand Prix,LAW,27.0,2.0,HARD,16.0,85.173,1,True
1,Australian Grand Prix,LAW,28.0,2.0,HARD,17.0,85.377,1,True
1,Australian Grand Prix,LAW,29.0,2.0,HARD,18.0,85.253,1,True
1,Australian Grand Prix,LAW,30.0,2.0,HARD,19.0,85.65,1,True
1,Australian Grand Prix,LAW,31.0,2.0,HARD,20.0,85.792,1,True
1,Australian Grand Prix,LAW,32.0,2.0,HARD,21.0,85.867,1,True
1,Australian Grand Prix,LAW,33.0,2.0,HARD,22.0,114.107,167,False
1,Australian Grand Prix,LAW,34.0,3.0,SOFT,1.0,90.927,1,False
1,Australian Grand Prix,LAW,35.0,3.0,SOFT,2.0,84.21,1,True
1,Australian Grand Prix,LAW,36.0,3.0,SOFT,3.0,86.728,1,True
1,Australian Grand Prix,LAW,37.0,3.0,SOFT,4.0,85.74,1,True
1,Australian Grand Prix,LAW,38.0,3.0,SOFT,5.0,84.423,1,True
1,Australian Grand Prix,LAW,39.0,3.0,SOFT,6.0,84.124,1,True
1,Australian Grand Prix,LAW,40.0,3.0,SOFT,7.0,84.077,1,True
1,Australian Grand Prix,LAW,41.0,3.0,SOFT,8.0,83.92,1,True
1,Australian Grand Prix,LAW,42.0,3.0,SOFT,9.0,84.048,1,True
1,Australian Grand Prix,LAW,43.0,3.0,SOFT,10.0,84.232,1,True
1,Australian Grand Prix,LAW,44.0,3.0,SOFT,11.0,84.071,1,True
1,Australian Grand Prix,LAW,45.0,3.0,SOFT,12.0,84.31,1,True
1,Australian Grand Prix,LAW,46.0,3.0,SOFT,13.0,84.023,1,True
1,Australian Grand Prix,LAW,47.0,3.0,SOFT,14.0,83.783,1,True
1,Australian Grand Prix,LAW,48.0,3.0,SOFT,15.0,84.222,1,True
1,Australian Grand Prix,LAW,49.0,3.0,SOFT,16.0,83.932,1,True
1,Australian Grand Prix,LAW,50.0,3.0,SOFT,17.0,83.912,1,True
1,Australian Grand Prix,LAW,51.0,3.0,SOFT,18.0,84.46,1,True
1,Australian Grand Prix,LAW,52.0,3.0,SOFT,19.0,84.665,1,True
1,Australian Grand Prix,LAW,53.0,3.0,SOFT,20.0,85.162,1,True
1,Australian Grand Prix,LAW,54.0,3.0,SOFT,21.0,84.525,1,True
1,Australian Grand Prix,LAW,55.0,3.0,SOFT,22.0,85.123,1,True
1,Australian Grand Prix,LAW,56.0,3.0,SOFT,23.0,86.895,1,True
1,Australian Grand Prix,LAW,57.0,3.0,SOFT,24.0,86.317,1,True
1,Australian Grand Prix,OCO,1.0,1.0,MEDIUM,1.0,97.5,1,False
1,Australian Grand Prix,OCO,2.0,1.0,MEDIUM,2.0,87.035,1,False
1,Australian Grand Prix,OCO,3.0,1.0,MEDIUM,3.0,86.567,1,True
1,Australian Grand Prix,OCO,4.0,1.0,MEDIUM,4.0,86.186,1,True
1,Australian Grand Prix,OCO,5.0,1.0,MEDIUM,5.0,86.808,1,True
1,Australian Grand Prix,OCO,6.0,1.0,MEDIUM,6.0,85.569,1,True
1,Australian Grand Prix,OCO,7.0,1.0,MEDIUM,7.0,85.087,1,True
1,Australian Grand Prix,OCO,8.0,1.0,MEDIUM,8.0,85.029,1,True
1,Australian Grand Prix,OCO,9.0,1.0,MEDIUM,9.0,85.552,1,True
1,Australian Grand Prix,OCO,10.0,1.0,MEDIUM,10.0,85.632,1,True
1,Australian Grand Prix,OCO,11.0,1.0,MEDIUM,11.0,105.949,16,False
1,Australian Grand Prix,OCO,12.0,2.0,HARD,1.0,116.405,6,False
1,Australian Grand Prix,OCO,13.0,2.0,HARD,2.0,112.218,671,False
1,Australian Grand Prix,OCO,14.0,2.0,HARD,3.0,85.303,1,True
1,Australian Grand Prix,OCO,15.0,2.0,HARD,4.0,85.36,1,True
1,Australian Grand Prix,OCO,16.0,2.0,HARD,5.0,85.43,1,True
1,Australian Grand Prix,OCO,17.0,2.0,HARD,6.0,85.716,1,True
1,Australian Grand Prix,OCO,18.0,2.0,HARD,7.0,101.381,126,False
1,Australian Grand Prix,OCO,19.0,2.0,HARD,8.0,112.711,671,False
1,Australian Grand Prix,OCO,20.0,2.0,HARD,9.0,86.713,1,True
1,Australian Grand Prix,OCO,21.0,2.0,HARD,10.0,86.571,1,True
1,Australian Grand Prix,OCO,22.0,2.0,HARD,11.0,84.821,1,True
1,Australian Grand Prix,OCO,23.0,2.0,HARD,12.0,84.65,1,True
1,Australian Grand Prix,OCO,24.0,2.0,HARD,13.0,85.255,1,True
1,Australian Grand Prix,OCO,25.0,2.0,HARD,14.0,84.424,1,True
1,Australian Grand Prix,OCO,26.0,2.0,HARD,15.0,84.696,1,True
1,Australian Grand Prix,OCO,27.0,2.0,HARD,16.0,84.801,1,True
1,Australian Grand Prix,OCO,28.0,2.0,HARD,17.0,84.737,1,True
1,Australian Grand Prix,OCO,29.0,2.0,HARD,18.0,84.769,1,True
1,Australian Grand Prix,OCO,30.0,2.0,HARD,19.0,84.966,1,True
1,Australian Grand Prix,OCO,31.0,2.0,HARD,20.0,85.307,1,True
1,Australian Grand Prix,OCO,32.0,2.0,HARD,21.0,85.045,1,True
1,Australian Grand Prix,OCO,33.0,2.0,HARD,22.0,93.284,16,False
1,Australian Grand Prix,OCO,34.0,2.0,HARD,23.0,90.235,671,False
1,Australian Grand Prix,OCO,35.0,2.0,HARD,24.0,85.199,1,True
1,Australian Grand Prix,OCO,36.0,2.0,HARD,25.0,85.018,1,True
1,Australian Grand Prix,OCO,37.0,2.0,HARD,26.0,85.462,1,True
1,Australian Grand Prix,OCO,38.0,2.0,HARD,27.0,86.972,1,True
1,Australian Grand Prix,OCO,39.0,2.0,HARD,28.0,85.913,1,True
1,Australian Grand Prix,OCO,40.0,2.0,HARD,29.0,85.433,1,True
1,Australian Grand Prix,OCO,41.0,2.0,HARD,30.0,85.164,1,True
1,Australian Grand Prix,OCO,42.0,2.0,HARD,31.0,85.249,1,True
1,Australian Grand Prix,OCO,43.0,2.0,HARD,32.0,85.106,1,True
1,Australian Grand Prix,OCO,44.0,2.0,HARD,33.0,86.597,1,True
1,Australian Grand Prix,OCO,45.0,2.0,HARD,34.0,85.228,1,True
1,Australian Grand Prix,OCO,46.0,2.0,HARD,35.0,86.221,1,True
1,Australian Grand Prix,OCO,47.0,2.0,HARD,36.0,86.334,1,True
1,Australian Grand Prix,OCO,48.0,2.0,HARD,37.0,85.019,1,True
1,Australian Grand Prix,OCO,49.0,2.0,HARD,38.0,85.115,1,True
1,Australian Grand Prix,OCO,50.0,2.0,HARD,39.0,86.815,1,True
1,Australian Grand Prix,OCO,51.0,2.0,HARD,40.0,86.297,1,True
1,Australian Grand Prix,OCO,52.0,2.0,HARD,41.0,84.584,1,True
1,Australian Grand Prix,OCO,53.0,2.0,HARD,42.0,84.622,1,True
1,Australian Grand Prix,OCO,54.0,2.0,HARD,43.0,84.908,1,True
1,Australian Grand Prix,OCO,55.0,2.0,HARD,44.0,84.577,1,True
1,Australian Grand Prix,OCO,56.0,2.0,HARD,45.0,84.533,1,True
1,Australian Grand Prix,OCO,57.0,2.0,HARD,46.0,84.573,1,True
1,Australian Grand Prix,LIN,1.0,1.0,MEDIUM,1.0,96.081,1,False
1,Australian Grand Prix,LIN,2.0,1.0,MEDIUM,2.0,87.218,1,False
1,Australian Grand Prix,LIN,3.0,1.0,MEDIUM,3.0,85.497,1,True
1,Australian Grand Prix,LIN,4.0,1.0,MEDIUM,4.0,86.072,1,True
1,Australian Grand Prix,LIN,5.0,1.0,MEDIUM,5.0,86.235,1,True
1,Australian Grand Prix,LIN,6.0,1.0,MEDIUM,6.0,85.392,1,True
1,Australian Grand Prix,LIN,7.0,1.0,MEDIUM,7.0,85.194,1,True
1,Australian Grand Prix,LIN,8.0,1.0,MEDIUM,8.0,85.26,1,True
1,Australian Grand Prix,LIN,9.0,1.0,MEDIUM,9.0,85.337,1,True
1,Australian Grand Prix,LIN,10.0,1.0,MEDIUM,10.0,85.565,1,True
1,Australian Grand Prix,LIN,11.0,1.0,MEDIUM,11.0,92.238,16,False
1,Australian Grand Prix,LIN,12.0,1.0,MEDIUM,12.0,112.0,6,False
1,Australian Grand Prix,LIN,13.0,1.0,MEDIUM,13.0,114.878,67,False
1,Australian Grand Prix,LIN,14.0,1.0,MEDIUM,14.0,88.161,71,False
1,Australian Grand Prix,LIN,15.0,1.0,MEDIUM,15.0,84.877,1,True
1,Australian Grand Prix,LIN,16.0,1.0,MEDIUM,16.0,85.898,1,True
1,Australian Grand Prix,LIN,17.0,1.0,MEDIUM,17.0,85.096,1,True
1,Australian Grand Prix,LIN,18.0,1.0,MEDIUM,18.0,108.224,126,False
1,Australian Grand Prix,LIN,19.0,2.0,HARD,1.0,117.225,671,False
1,Australian Grand Prix,LIN,20.0,2.0,HARD,2.0,85.424,1,True
1,Australian Grand Prix,LIN,21.0,2.0,HARD,3.0,84.182,1,True
1,Australian Grand Prix,LIN,22.0,2.0,HARD,4.0,84.29,1,True
1,Australian Grand Prix,LIN,23.0,2.0,HARD,5.0,84.909,1,True
1,Australian Grand Prix,LIN,24.0,2.0,HARD,6.0,84.554,1,True
1,Australian Grand Prix,LIN,25.0,2.0,HARD,7.0,84.263,1,True
1,Australian Grand Prix,LIN,26.0,2.0,HARD,8.0,84.205,1,True
1,Australian Grand Prix,LIN,27.0,2.0,HARD,9.0,84.361,1,True
1,Australian Grand Prix,LIN,28.0,2.0,HARD,10.0,84.475,1,True
1,Australian Grand Prix,LIN,29.0,2.0,HARD,11.0,84.916,1,True
1,Australian Grand Prix,LIN,30.0,2.0,HARD,12.0,84.282,1,True
1,Australian Grand Prix,LIN,31.0,2.0,HARD,13.0,84.876,1,True
1,Australian Grand Prix,LIN,32.0,2.0,HARD,14.0,84.671,1,True
1,Australian Grand Prix,LIN,33.0,2.0,HARD,15.0,89.426,16,False
1,Australian Grand Prix,LIN,34.0,2.0,HARD,16.0,93.812,671,False
1,Australian Grand Prix,LIN,35.0,2.0,HARD,17.0,84.536,1,True
1,Australian Grand Prix,LIN,36.0,2.0,HARD,18.0,84.698,1,True
1,Australian Grand Prix,LIN,37.0,2.0,HARD,19.0,84.523,1,True
1,Australian Grand Prix,LIN,38.0,2.0,HARD,20.0,84.797,1,True
1,Australian Grand Prix,LIN,39.0,2.0,HARD,21.0,85.955,1,True
1,Australian Grand Prix,LIN,40.0,2.0,HARD,22.0,88.242,1,True
1,Australian Grand Prix,LIN,41.0,2.0,HARD,23.0,85.406,1,True
1,Australian Grand Prix,LIN,42.0,2.0,HARD,24.0,85.409,1,True
1,Australian Grand Prix,LIN,43.0,2.0,HARD,25.0,84.862,1,True
1,Australian Grand Prix,LIN,44.0,2.0,HARD,26.0,84.747,1,True
1,Australian Grand Prix,LIN,45.0,2.0,HARD,27.0,84.645,1,True
1,Australian Grand Prix,LIN,46.0,2.0,HARD,28.0,84.688,1,True
1,Australian Grand Prix,LIN,47.0,2.0,HARD,29.0,84.773,1,True
1,Australian Grand Prix,LIN,48.0,2.0,HARD,30.0,84.863,1,True
1,Australian Grand Prix,LIN,49.0,2.0,HARD,31.0,84.774,1,True
1,Australian Grand Prix,LIN,50.0,2.0,HARD,32.0,84.715,1,True
1,Australian Grand Prix,LIN,51.0,2.0,HARD,33.0,84.374,1,True
1,Australian Grand Prix,LIN,52.0,2.0,HARD,34.0,85.21,1,True
1,Australian Grand Prix,LIN,53.0,2.0,HARD,35.0,86.148,1,True
1,Australian Grand Prix,LIN,54.0,2.0,HARD,36.0,88.167,1,True
1,Australian Grand Prix,LIN,55.0,2.0,HARD,37.0,84.614,1,True
1,Australian Grand Prix,LIN,56.0,2.0,HARD,38.0,84.688,1,True
1,Australian Grand Prix,LIN,57.0,2.0,HARD,39.0,84.689,1,True
1,Australian Grand Prix,COL,1.0,1.0,HARD,1.0,101.613,1,False
1,Australian Grand Prix,COL,2.0,1.0,HARD,2.0,88.166,1,False
1,Australian Grand Prix,COL,3.0,1.0,HARD,3.0,86.935,1,True
1,Australian Grand Prix,COL,4.0,1.0,HARD,4.0,86.812,1,True
1,Australian Grand Prix,COL,5.0,1.0,HARD,5.0,87.512,1,True
1,Australian Grand Prix,COL,6.0,1.0,HARD,6.0,87.513,1,True
1,Australian Grand Prix,COL,7.0,1.0,HARD,7.0,86.068,1,True
1,Australian Grand Prix,COL,8.0,1.0,HARD,8.0,85.818,1,True
1,Australian Grand Prix,COL,9.0,1.0,HARD,9.0,109.931,1,False
1,Australian Grand Prix,COL,10.0,2.0,HARD,10.0,92.762,1,False
1,Australian Grand Prix,COL,11.0,2.0,HARD,11.0,105.807,16,False
1,Australian Grand Prix,COL,12.0,2.0,HARD,12.0,123.67,6,False
1,Australian Grand Prix,COL,13.0,2.0,HARD,13.0,93.872,671,False
1,Australian Grand Prix,COL,14.0,2.0,HARD,14.0,86.663,1,True
1,Australian Grand Prix,COL,15.0,2.0,HARD,15.0,85.6,1,True
1,Australian Grand Prix,COL,16.0,2.0,HARD,16.0,85.911,1,True
1,Australian Grand Prix,COL,17.0,2.0,HARD,17.0,85.708,12,False
1,Australian Grand Prix,COL,18.0,2.0,HARD,18.0,112.961,26,False
1,Australian Grand Prix,COL,19.0,2.0,HARD,19.0,101.676,671,False
1,Australian Grand Prix,COL,20.0,2.0,HARD,20.0,85.331,1,True
1,Australian Grand Prix,COL,21.0,2.0,HARD,21.0,84.932,1,True
1,Australian Grand Prix,COL,22.0,2.0,HARD,22.0,85.011,1,True
1,Australian Grand Prix,COL,23.0,2.0,HARD,23.0,85.136,1,True
1,Australian Grand Prix,COL,24.0,2.0,HARD,24.0,85.449,1,True
1,Australian Grand Prix,COL,25.0,2.0,HARD,25.0,85.225,1,True
1,Australian Grand Prix,COL,26.0,2.0,HARD,26.0,85.174,1,True
1,Australian Grand Prix,COL,27.0,2.0,HARD,27.0,85.626,1,True
1,Australian Grand Prix,COL,28.0,2.0,HARD,28.0,86.172,1,True
1,Australian Grand Prix,COL,29.0,2.0,HARD,29.0,86.483,1,True
1,Australian Grand Prix,COL,30.0,2.0,HARD,30.0,85.566,1,True
1,Australian Grand Prix,COL,31.0,2.0,HARD,31.0,87.26,1,True
1,Australian Grand Prix,COL,32.0,2.0,HARD,32.0,85.707,1,True
1,Australian Grand Prix,COL,33.0,2.0,HARD,33.0,100.541,167,False
1,Australian Grand Prix,COL,34.0,2.0,HARD,34.0,86.067,1,True
1,Australian Grand Prix,COL,35.0,2.0,HARD,35.0,85.633,1,True
1,Australian Grand Prix,COL,36.0,2.0,HARD,36.0,87.434,1,True
1,Australian Grand Prix,COL,37.0,2.0,HARD,37.0,87.047,1,True
1,Australian Grand Prix,COL,38.0,2.0,HARD,38.0,87.012,1,True
1,Australian Grand Prix,COL,39.0,2.0,HARD,39.0,86.964,1,True
1,Australian Grand Prix,COL,40.0,2.0,HARD,40.0,86.665,1,True
1,Australian Grand Prix,COL,41.0,2.0,HARD,41.0,86.469,1,True
1,Australian Grand Prix,COL,42.0,2.0,HARD,42.0,85.275,1,True
1,Australian Grand Prix,COL,43.0,2.0,HARD,43.0,85.381,1,True
1,Australian Grand Prix,COL,44.0,2.0,HARD,44.0,85.24,1,True
1,Australian Grand Prix,COL,45.0,2.0,HARD,45.0,84.939,1,True
1,Australian Grand Prix,COL,46.0,2.0,HARD,46.0,102.911,1,False
1,Australian Grand Prix,COL,47.0,3.0,SOFT,1.0,90.309,1,False
1,Australian Grand Prix,COL,48.0,3.0,SOFT,2.0,82.926,1,True
1,Australian Grand Prix,COL,49.0,3.0,SOFT,3.0,83.259,1,True
1,Australian Grand Prix,COL,50.0,3.0,SOFT,4.0,83.721,1,True
1,Australian Grand Prix,COL,51.0,3.0,SOFT,5.0,85.633,1,True
1,Australian Grand Prix,COL,52.0,3.0,SOFT,6.0,85.151,1,True
1,Australian Grand Prix,COL,53.0,3.0,SOFT,7.0,87.12,1,True
1,Australian Grand Prix,COL,54.0,3.0,SOFT,8.0,83.988,1,True
1,Australian Grand Prix,COL,55.0,3.0,SOFT,9.0,83.912,1,True
1,Australian Grand Prix,COL,56.0,3.0,SOFT,10.0,83.621,1,True
1,Australian Grand Prix,HAM,1.0,1.0,MEDIUM,1.0,95.261,1,False
1,Australian Grand Prix,HAM,2.0,1.0,MEDIUM,2.0,84.626,1,False
1,Australian Grand Prix,HAM,3.0,1.0,MEDIUM,3.0,84.874,1,True
1,Australian Grand Prix,HAM,4.0,1.0,MEDIUM,4.0,85.066,1,True
1,Australian Grand Prix,HAM,5.0,1.0,MEDIUM,5.0,84.502,1,True
1,Australian Grand Prix,HAM,6.0,1.0,MEDIUM,6.0,84.703,1,True
1,Australian Grand Prix,HAM,7.0,1.0,MEDIUM,7.0,84.365,1,True
1,Australian Grand Prix,HAM,8.0,1.0,MEDIUM,8.0,84.408,1,True
1,Australian Grand Prix,HAM,9.0,1.0,MEDIUM,9.0,85.844,1,True
1,Australian Grand Prix,HAM,10.0,1.0,MEDIUM,10.0,84.255,1,True
1,Australian Grand Prix,HAM,11.0,1.0,MEDIUM,11.0,84.073,1,True
1,Australian Grand Prix,HAM,12.0,1.0,MEDIUM,12.0,114.958,16,False
1,Australian Grand Prix,HAM,13.0,1.0,MEDIUM,13.0,116.315,6,False
1,Australian Grand Prix,HAM,14.0,1.0,MEDIUM,14.0,88.327,671,False
1,Australian Grand Prix,HAM,15.0,1.0,MEDIUM,15.0,83.703,1,True
1,Australian Grand Prix,HAM,16.0,1.0,MEDIUM,16.0,83.412,1,True
1,Australian Grand Prix,HAM,17.0,1.0,MEDIUM,17.0,84.045,1,True
1,Australian Grand Prix,HAM,18.0,1.0,MEDIUM,18.0,91.597,126,False
1,Australian Grand Prix,HAM,19.0,1.0,MEDIUM,19.0,113.1,6,False
1,Australian Grand Prix,HAM,20.0,1.0,MEDIUM,20.0,91.637,671,False
1,Australian Grand Prix,HAM,21.0,1.0,MEDIUM,21.0,83.617,1,True
1,Australian Grand Prix,HAM,22.0,1.0,MEDIUM,22.0,83.509,1,True
1,Australian Grand Prix,HAM,23.0,1.0,MEDIUM,23.0,83.382,1,True
1,Australian Grand Prix,HAM,24.0,1.0,MEDIUM,24.0,84.329,1,True
1,Australian Grand Prix,HAM,25.0,1.0,MEDIUM,25.0,83.66,1,True
1,Australian Grand Prix,HAM,26.0,1.0,MEDIUM,26.0,84.085,1,True
1,Australian Grand Prix,HAM,27.0,1.0,MEDIUM,27.0,83.76,1,True
1,Australian Grand Prix,HAM,28.0,1.0,MEDIUM,28.0,99.578,1,False
1,Australian Grand Prix,HAM,29.0,2.0,HARD,1.0,89.135,1,False
1,Australian Grand Prix,HAM,30.0,2.0,HARD,2.0,83.474,1,True
1,Australian Grand Prix,HAM,31.0,2.0,HARD,3.0,83.129,1,True
1,Australian Grand Prix,HAM,32.0,2.0,HARD,4.0,83.185,1,True
1,Australian Grand Prix,HAM,33.0,2.0,HARD,5.0,83.775,1,True
1,Australian Grand Prix,HAM,34.0,2.0,HARD,6.0,98.315,167,False
1,Australian Grand Prix,HAM,35.0,2.0,HARD,7.0,83.317,1,True
1,Australian Grand Prix,HAM,36.0,2.0,HARD,8.0,83.338,1,True
1,Australian Grand Prix,HAM,37.0,2.0,HARD,9.0,83.086,1,True
1,Australian Grand Prix,HAM,38.0,2.0,HARD,10.0,82.688,1,True
1,Australian Grand Prix,HAM,39.0,2.0,HARD,11.0,82.536,1,True
1,Australian Grand Prix,HAM,40.0,2.0,HARD,12.0,82.55,1,True
1,Australian Grand Prix,HAM,41.0,2.0,HARD,13.0,82.648,1,True
1,Australian Grand Prix,HAM,42.0,2.0,HARD,14.0,82.636,1,True
1,Australian Grand Prix,HAM,43.0,2.0,HARD,15.0,82.559,1,True
1,Australian Grand Prix,HAM,44.0,2.0,HARD,16.0,82.837,1,True
1,Australian Grand Prix,HAM,45.0,2.0,HARD,17.0,82.529,1,True
1,Australian Grand Prix,HAM,46.0,2.0,HARD,18.0,82.945,1,True
1,Australian Grand Prix,HAM,47.0,2.0,HARD,19.0,82.677,1,True
1,Australian Grand Prix,HAM,48.0,2.0,HARD,20.0,82.764,1,True
1,Australian Grand Prix,HAM,49.0,2.0,HARD,21.0,82.835,1,True
1,Australian Grand Prix,HAM,50.0,2.0,HARD,22.0,83.31,1,True
1,Australian Grand Prix,HAM,51.0,2.0,HARD,23.0,82.683,1,True
1,Australian Grand Prix,HAM,52.0,2.0,HARD,24.0,83.008,1,True
1,Australian Grand Prix,HAM,53.0,2.0,HARD,25.0,83.165,1,True
1,Australian Grand Prix,HAM,54.0,2.0,HARD,26.0,82.554,1,True
1,Australian Grand Prix,HAM,55.0,2.0,HARD,27.0,82.423,1,True
1,Australian Grand Prix,HAM,56.0,2.0,HARD,28.0,82.5,1,True
1,Australian Grand Prix,HAM,57.0,2.0,HARD,29.0,82.716,1,True
1,Australian Grand Prix,HAM,58.0,2.0,HARD,30.0,82.637,1,True
1,Australian Grand Prix,BOR,1.0,1.0,MEDIUM,1.0,98.755,1,False
1,Australian Grand Prix,BOR,2.0,1.0,MEDIUM,2.0,87.538,1,False
1,Australian Grand Prix,BOR,3.0,1.0,MEDIUM,3.0,86.324,1,True
1,Australian Grand Prix,BOR,4.0,1.0,MEDIUM,4.0,86.032,1,True
1,Australian Grand Prix,BOR,5.0,1.0,MEDIUM,5.0,86.327,1,True
1,Australian Grand Prix,BOR,6.0,1.0,MEDIUM,6.0,87.463,1,True
1,Australian Grand Prix,BOR,7.0,1.0,MEDIUM,7.0,85.785,1,True
1,Australian Grand Prix,BOR,8.0,1.0,MEDIUM,8.0,85.47,1,True
1,Australian Grand Prix,BOR,9.0,1.0,MEDIUM,9.0,85.224,1,True
1,Australian Grand Prix,BOR,10.0,1.0,MEDIUM,10.0,85.561,1,True
1,Australian Grand Prix,BOR,11.0,1.0,MEDIUM,11.0,91.862,16,False
1,Australian Grand Prix,BOR,12.0,1.0,MEDIUM,12.0,114.364,6,False
1,Australian Grand Prix,BOR,13.0,1.0,MEDIUM,13.0,114.445,671,False
1,Australian Grand Prix,BOR,14.0,1.0,MEDIUM,14.0,85.958,1,True
1,Australian Grand Prix,BOR,15.0,1.0,MEDIUM,15.0,84.819,1,True
1,Australian Grand Prix,BOR,16.0,1.0,MEDIUM,16.0,84.98,1,True
1,Australian Grand Prix,BOR,17.0,1.0,MEDIUM,17.0,85.061,1,True
1,Australian Grand Prix,BOR,18.0,1.0,MEDIUM,18.0,110.359,126,False
1,Australian Grand Prix,BOR,19.0,2.0,HARD,1.0,115.679,671,False
1,Australian Grand Prix,BOR,20.0,2.0,HARD,2.0,85.201,1,True
1,Australian Grand Prix,BOR,21.0,2.0,HARD,3.0,85.044,1,True
1,Australian Grand Prix,BOR,22.0,2.0,HARD,4.0,84.428,1,True
1,Australian Grand Prix,BOR,23.0,2.0,HARD,5.0,84.335,1,True
1,Australian Grand Prix,BOR,24.0,2.0,HARD,6.0,84.327,1,True
1,Australian Grand Prix,BOR,25.0,2.0,HARD,7.0,84.37,1,True
1,Australian Grand Prix,BOR,26.0,2.0,HARD,8.0,84.533,1,True
1,Australian Grand Prix,BOR,27.0,2.0,HARD,9.0,84.535,1,True
1,Australian Grand Prix,BOR,28.0,2.0,HARD,10.0,84.44,1,True
1,Australian Grand Prix,BOR,29.0,2.0,HARD,11.0,84.694,1,True
1,Australian Grand Prix,BOR,30.0,2.0,HARD,12.0,84.364,1,True
1,Australian Grand Prix,BOR,31.0,2.0,HARD,13.0,84.153,1,True
1,Australian Grand Prix,BOR,32.0,2.0,HARD,14.0,83.978,1,True
1,Australian Grand Prix,BOR,33.0,2.0,HARD,15.0,104.235,16,False
1,Australian Grand Prix,BOR,34.0,3.0,HARD,1.0,93.286,671,False
1,Australian Grand Prix,BOR,35.0,3.0,HARD,2.0,83.954,1,True
1,Australian Grand Prix,BOR,36.0,3.0,HARD,3.0,83.655,1,True
1,Australian Grand Prix,BOR,37.0,3.0,HARD,4.0,83.732,1,True
1,Australian Grand Prix,BOR,38.0,3.0,HARD,5.0,85.119,1,True
1,Australian Grand Prix,BOR,39.0,3.0,HARD,6.0,84.83,1,True
1,Australian Grand Prix,BOR,40.0,3.0,HARD,7.0,84.696,1,True
1,Australian Grand Prix,BOR,41.0,3.0,HARD,8.0,84.47,1,True
1,Australian Grand Prix,BOR,42.0,3.0,HARD,9.0,83.803,1,True
1,Australian Grand Prix,BOR,43.0,3.0,HARD,10.0,83.643,1,True
1,Australian Grand Prix,BOR,44.0,3.0,HARD,11.0,83.736,1,True
1,Australian Grand Prix,BOR,45.0,3.0,HARD,12.0,83.257,1,True
1,Australian Grand Prix,BOR,46.0,3.0,HARD,13.0,83.346,1,True
1,Australian Grand Prix,BOR,47.0,3.0,HARD,14.0,83.976,1,True
1,Australian Grand Prix,BOR,48.0,3.0,HARD,15.0,85.008,1,True
1,Australian Grand Prix,BOR,49.0,3.0,HARD,16.0,84.889,1,True
1,Australian Grand Prix,BOR,50.0,3.0,HARD,17.0,84.324,1,True
1,Australian Grand Prix,BOR,51.0,3.0,HARD,18.0,85.635,1,True
1,Australian Grand Prix,BOR,52.0,3.0,HARD,19.0,84.359,1,True
1,Australian Grand Prix,BOR,53.0,3.0,HARD,20.0,86.063,1,True
1,Australian Grand Prix,BOR,54.0,3.0,HARD,21.0,84.548,1,True
1,Australian Grand Prix,BOR,55.0,3.0,HARD,22.0,85.268,1,True
1,Australian Grand Prix,BOR,56.0,3.0,HARD,23.0,84.515,1,True
1,Australian Grand Prix,BOR,57.0,3.0,HARD,24.0,84.821,1,True
1,Australian Grand Prix,SAI,1.0,1.0,SOFT,1.0,99.815,1,False
1,Australian Grand Prix,SAI,2.0,1.0,SOFT,2.0,87.98,1,False
1,Australian Grand Prix,SAI,3.0,1.0,SOFT,3.0,88.093,1,True
1,Australian Grand Prix,SAI,4.0,1.0,SOFT,4.0,87.216,1,True
1,Australian Grand Prix,SAI,5.0,1.0,SOFT,5.0,87.511,1,True
1,Australian Grand Prix,SAI,6.0,1.0,SOFT,6.0,86.872,1,True
1,Australian Grand Prix,SAI,7.0,1.0,SOFT,7.0,85.698,1,True
1,Australian Grand Prix,SAI,8.0,1.0,SOFT,8.0,85.433,1,True
1,Australian Grand Prix,SAI,9.0,1.0,SOFT,9.0,85.826,1,True
1,Australian Grand Prix,SAI,10.0,1.0,SOFT,10.0,86.202,1,True
1,Australian Grand Prix,SAI,11.0,1.0,SOFT,11.0,106.912,16,False
1,Australian Grand Prix,SAI,12.0,2.0,HARD,1.0,116.846,6,False
1,Australian Grand Prix,SAI,13.0,2.0,HARD,2.0,108.341,671,False
1,Australian Grand Prix,SAI,14.0,2.0,HARD,3.0,84.927,1,True
1,Australian Grand Prix,SAI,15.0,2.0,HARD,4.0,84.824,1,True
1,Australian Grand Prix,SAI,16.0,2.0,HARD,5.0,84.94,1,True
1,Australian Grand Prix,SAI,17.0,2.0,HARD,6.0,85.151,1,True
1,Australian Grand Prix,SAI,18.0,2.0,HARD,7.0,102.82,126,False
1,Australian Grand Prix,SAI,19.0,2.0,HARD,8.0,110.08,671,False
1,Australian Grand Prix,SAI,20.0,2.0,HARD,9.0,85.394,1,True
1,Australian Grand Prix,SAI,21.0,2.0,HARD,10.0,85.409,1,True
1,Australian Grand Prix,SAI,22.0,2.0,HARD,11.0,85.37,1,True
1,Australian Grand Prix,SAI,23.0,2.0,HARD,12.0,85.6,1,True
1,Australian Grand Prix,SAI,24.0,2.0,HARD,13.0,85.704,1,True
1,Australian Grand Prix,SAI,25.0,2.0,HARD,14.0,86.122,1,True
1,Australian Grand Prix,SAI,26.0,2.0,HARD,15.0,86.141,1,True
1,Australian Grand Prix,SAI,27.0,2.0,HARD,16.0,86.124,1,True
1,Australian Grand Prix,SAI,28.0,2.0,HARD,17.0,86.796,1,True
1,Australian Grand Prix,SAI,29.0,2.0,HARD,18.0,88.049,1,True
1,Australian Grand Prix,SAI,30.0,2.0,HARD,19.0,87.095,1,True
1,Australian Grand Prix,SAI,31.0,2.0,HARD,20.0,86.639,1,True
1,Australian Grand Prix,SAI,32.0,2.0,HARD,21.0,87.386,1,True
1,Australian Grand Prix,SAI,33.0,2.0,HARD,22.0,119.861,167,False
1,Australian Grand Prix,SAI,34.0,3.0,MEDIUM,1.0,93.021,1,False
1,Australian Grand Prix,SAI,35.0,3.0,MEDIUM,2.0,84.881,1,True
1,Australian Grand Prix,SAI,36.0,3.0,MEDIUM,3.0,84.804,1,True
1,Australian Grand Prix,SAI,37.0,3.0,MEDIUM,4.0,85.21,1,True
1,Australian Grand Prix,SAI,38.0,3.0,MEDIUM,5.0,87.205,1,True
1,Australian Grand Prix,SAI,39.0,3.0,MEDIUM,6.0,87.266,1,True
1,Australian Grand Prix,SAI,40.0,3.0,MEDIUM,7.0,86.222,1,True
1,Australian Grand Prix,SAI,41.0,3.0,MEDIUM,8.0,86.717,1,True
1,Australian Grand Prix,SAI,42.0,3.0,MEDIUM,9.0,85.361,1,True
1,Australian Grand Prix,SAI,43.0,3.0,MEDIUM,10.0,85.287,1,True
1,Australian Grand Prix,SAI,44.0,3.0,MEDIUM,11.0,85.529,1,True
1,Australian Grand Prix,SAI,45.0,3.0,MEDIUM,12.0,116.391,1,False
1,Australian Grand Prix,SAI,46.0,4.0,SOFT,1.0,91.589,1,False
1,Australian Grand Prix,SAI,47.0,4.0,SOFT,2.0,96.209,1,True
1,Australian Grand Prix,SAI,48.0,4.0,SOFT,3.0,84.977,1,True
1,Australian Grand Prix,SAI,49.0,4.0,SOFT,4.0,83.922,1,True
1,Australian Grand Prix,SAI,50.0,4.0,SOFT,5.0,83.6,1,True
1,Australian Grand Prix,SAI,51.0,4.0,SOFT,6.0,83.87,1,True
1,Australian Grand Prix,SAI,52.0,4.0,SOFT,7.0,83.59,1,True
1,Australian Grand Prix,SAI,53.0,4.0,SOFT,8.0,87.961,1,True
1,Australian Grand Prix,SAI,54.0,4.0,SOFT,9.0,84.266,1,True
1,Australian Grand Prix,SAI,55.0,4.0,SOFT,10.0,83.809,1,True
1,Australian Grand Prix,SAI,56.0,4.0,SOFT,11.0,84.823,1,True
1,Australian Grand Prix,HAD,1.0,1.0,MEDIUM,1.0,96.046,1,False
1,Australian Grand Prix,HAD,2.0,1.0,MEDIUM,2.0,85.987,1,False
1,Australian Grand Prix,HAD,3.0,1.0,MEDIUM,3.0,85.556,1,True
1,Australian Grand Prix,HAD,4.0,1.0,MEDIUM,4.0,85.342,1,True
1,Australian Grand Prix,HAD,5.0,1.0,MEDIUM,5.0,85.355,1,True
1,Australian Grand Prix,HAD,6.0,1.0,MEDIUM,6.0,85.879,1,True
1,Australian Grand Prix,HAD,7.0,1.0,MEDIUM,7.0,85.445,1,True
1,Australian Grand Prix,HAD,8.0,1.0,MEDIUM,8.0,85.313,1,True
1,Australian Grand Prix,HAD,9.0,1.0,MEDIUM,9.0,85.239,1,True
1,Australian Grand Prix,HAD,10.0,1.0,MEDIUM,10.0,85.363,1,True
1,Australian Grand Prix,HAD,11.0,1.0,MEDIUM,11.0,,16,False
1,Australian Grand Prix,RUS,1.0,1.0,MEDIUM,1.0,92.694,1,False
1,Australian Grand Prix,RUS,2.0,1.0,MEDIUM,2.0,85.007,1,False
1,Australian Grand Prix,RUS,3.0,1.0,MEDIUM,3.0,86.444,1,True
1,Australian Grand Prix,RUS,4.0,1.0,MEDIUM,4.0,84.789,1,True
1,Australian Grand Prix,RUS,5.0,1.0,MEDIUM,5.0,84.017,1,True
1,Australian Grand Prix,RUS,6.0,1.0,MEDIUM,6.0,84.639,1,True
1,Australian Grand Prix,RUS,7.0,1.0,MEDIUM,7.0,84.099,1,True
1,Australian Grand Prix,RUS,8.0,1.0,MEDIUM,8.0,85.19,1,True
1,Australian Grand Prix,RUS,9.0,1.0,MEDIUM,9.0,85.978,1,True
1,Australian Grand Prix,RUS,10.0,1.0,MEDIUM,10.0,84.112,1,True
1,Australian Grand Prix,RUS,11.0,1.0,MEDIUM,11.0,83.967,1,True
1,Australian Grand Prix,RUS,12.0,1.0,MEDIUM,12.0,125.94,16,False
1,Australian Grand Prix,RUS,13.0,2.0,HARD,1.0,117.659,67,False
1,Australian Grand Prix,RUS,14.0,2.0,HARD,2.0,87.094,71,False
1,Australian Grand Prix,RUS,15.0,2.0,HARD,3.0,82.825,1,True
1,Australian Grand Prix,RUS,16.0,2.0,HARD,4.0,82.923,1,True
1,Australian Grand Prix,RUS,17.0,2.0,HARD,5.0,82.765,1,True
1,Australian Grand Prix,RUS,18.0,2.0,HARD,6.0,88.979,126,False
1,Australian Grand Prix,RUS,19.0,2.0,HARD,7.0,115.257,6,False
1,Australian Grand Prix,RUS,20.0,2.0,HARD,8.0,90.936,671,False
1,Australian Grand Prix,RUS,21.0,2.0,HARD,9.0,82.67,1,True
1,Australian Grand Prix,RUS,22.0,2.0,HARD,10.0,82.892,1,True
1,Australian Grand Prix,RUS,23.0,2.0,HARD,11.0,82.828,1,True
1,Australian Grand Prix,RUS,24.0,2.0,HARD,12.0,83.466,1,True
1,Australian Grand Prix,RUS,25.0,2.0,HARD,13.0,82.879,1,True
1,Australian Grand Prix,RUS,26.0,2.0,HARD,14.0,83.093,1,True
1,Australian Grand Prix,RUS,27.0,2.0,HARD,15.0,83.188,1,True
1,Australian Grand Prix,RUS,28.0,2.0,HARD,16.0,83.39,1,True
1,Australian Grand Prix,RUS,29.0,2.0,HARD,17.0,83.486,1,True
1,Australian Grand Prix,RUS,30.0,2.0,HARD,18.0,83.272,1,True
1,Australian Grand Prix,RUS,31.0,2.0,HARD,19.0,83.147,1,True
1,Australian Grand Prix,RUS,32.0,2.0,HARD,20.0,83.54,1,True
1,Australian Grand Prix,RUS,33.0,2.0,HARD,21.0,83.838,1,True
1,Australian Grand Prix,RUS,34.0,2.0,HARD,22.0,97.592,167,False
1,Australian Grand Prix,RUS,35.0,2.0,HARD,23.0,83.017,1,True
1,Australian Grand Prix,RUS,36.0,2.0,HARD,24.0,82.729,1,True
1,Australian Grand Prix,RUS,37.0,2.0,HARD,25.0,82.839,1,True
1,Australian Grand Prix,RUS,38.0,2.0,HARD,26.0,82.863,1,True
1,Australian Grand Prix,RUS,39.0,2.0,HARD,27.0,82.738,1,True
1,Australian Grand Prix,RUS,40.0,2.0,HARD,28.0,82.915,1,True
1,Australian Grand Prix,RUS,41.0,2.0,HARD,29.0,83.073,1,True
1,Australian Grand Prix,RUS,42.0,2.0,HARD,30.0,83.054,1,True
1,Australian Grand Prix,RUS,43.0,2.0,HARD,31.0,82.893,1,True
1,Australian Grand Prix,RUS,44.0,2.0,HARD,32.0,82.856,1,True
1,Australian Grand Prix,RUS,45.0,2.0,HARD,33.0,83.477,1,True
1,Australian Grand Prix,RUS,46.0,2.0,HARD,34.0,83.751,1,True
1,Australian Grand Prix,RUS,47.0,2.0,HARD,35.0,83.033,1,True
1,Australian Grand Prix,RUS,48.0,2.0,HARD,36.0,83.034,1,True
1,Australian Grand Prix,RUS,49.0,2.0,HARD,37.0,82.844,1,True
1,Australian Grand Prix,RUS,50.0,2.0,HARD,38.0,83.087,1,True
1,Australian Grand Prix,RUS,51.0,2.0,HARD,39.0,82.762,1,True
1,Australian Grand Prix,RUS,52.0,2.0,HARD,40.0,83.106,1,True
1,Australian Grand Prix,RUS,53.0,2.0,HARD,41.0,83.069,1,True
1,Australian Grand Prix,RUS,54.0,2.0,HARD,42.0,83.1,1,True
1,Australian Grand Prix,RUS,55.0,2.0,HARD,43.0,82.67,1,True
1,Australian Grand Prix,RUS,56.0,2.0,HARD,44.0,82.757,1,True
1,Australian Grand Prix,RUS,57.0,2.0,HARD,45.0,83.188,1,True
1,Australian Grand Prix,RUS,58.0,2.0,HARD,46.0,83.351,1,True
1,Australian Grand Prix,BOT,1.0,1.0,HARD,1.0,100.85,1,False
1,Australian Grand Prix,BOT,2.0,1.0,HARD,2.0,90.152,1,False
1,Australian Grand Prix,BOT,3.0,1.0,HARD,3.0,89.219,1,True
1,Australian Grand Prix,BOT,4.0,1.0,HARD,4.0,88.057,1,True
1,Australian Grand Prix,BOT,5.0,1.0,HARD,5.0,87.738,1,True
1,Australian Grand Prix,BOT,6.0,1.0,HARD,6.0,87.804,1,True
1,Australian Grand Prix,BOT,7.0,1.0,HARD,7.0,87.457,1,True
1,Australian Grand Prix,BOT,8.0,1.0,HARD,8.0,87.364,1,True
1,Australian Grand Prix,BOT,9.0,1.0,HARD,9.0,87.679,1,True
1,Australian Grand Prix,BOT,10.0,1.0,HARD,10.0,87.661,1,True
1,Australian Grand Prix,BOT,11.0,1.0,HARD,11.0,99.058,16,False
1,Australian Grand Prix,BOT,12.0,1.0,HARD,12.0,,67,False
1,Australian Grand Prix,BOT,13.0,2.0,HARD,13.0,104.111,71,False
1,Australian Grand Prix,BOT,14.0,2.0,HARD,14.0,91.389,1,True
1,Australian Grand Prix,BOT,15.0,2.0,HARD,15.0,91.33,1,True
1,Australian Grand Prix,BOT,16.0,2.0,HARD,16.0,,126,False
1,Australian Grand Prix,BEA,1.0,1.0,MEDIUM,1.0,99.765,1,False
1,Australian Grand Prix,BEA,2.0,1.0,MEDIUM,2.0,87.321,1,False
1,Australian Grand Prix,BEA,3.0,1.0,MEDIUM,3.0,86.384,1,True
1,Australian Grand Prix,BEA,4.0,1.0,MEDIUM,4.0,85.92,1,True
1,Australian Grand Prix,BEA,5.0,1.0,MEDIUM,5.0,86.003,1,True
1,Australian Grand Prix,BEA,6.0,1.0,MEDIUM,6.0,85.969,1,True
1,Australian Grand Prix,BEA,7.0,1.0,MEDIUM,7.0,85.195,1,True
1,Australian Grand Prix,BEA,8.0,1.0,MEDIUM,8.0,86.046,1,True
1,Australian Grand Prix,BEA,9.0,1.0,MEDIUM,9.0,85.397,1,True
1,Australian Grand Prix,BEA,10.0,1.0,MEDIUM,10.0,85.668,1,True
1,Australian Grand Prix,BEA,11.0,1.0,MEDIUM,11.0,91.403,16,False
1,Australian Grand Prix,BEA,12.0,1.0,MEDIUM,12.0,115.039,6,False
1,Australian Grand Prix,BEA,13.0,1.0,MEDIUM,13.0,113.783,671,False
1,Australian Grand Prix,BEA,14.0,1.0,MEDIUM,14.0,85.628,1,True
1,Australian Grand Prix,BEA,15.0,1.0,MEDIUM,15.0,84.562,1,True
1,Australian Grand Prix,BEA,16.0,1.0,MEDIUM,16.0,84.563,1,True
1,Australian Grand Prix,BEA,17.0,1.0,MEDIUM,17.0,84.807,1,True
1,Australian Grand Prix,BEA,18.0,1.0,MEDIUM,18.0,107.604,126,False
1,Australian Grand Prix,BEA,19.0,2.0,HARD,1.0,116.677,671,False
1,Australian Grand Prix,BEA,20.0,2.0,HARD,2.0,85.186,1,True
1,Australian Grand Prix,BEA,21.0,2.0,HARD,3.0,84.203,1,True
1,Australian Grand Prix,BEA,22.0,2.0,HARD,4.0,84.02,1,True
1,Australian Grand Prix,BEA,23.0,2.0,HARD,5.0,84.968,1,True
1,Australian Grand Prix,BEA,24.0,2.0,HARD,6.0,84.692,1,True
1,Australian Grand Prix,BEA,25.0,2.0,HARD,7.0,84.058,1,True
1,Australian Grand Prix,BEA,26.0,2.0,HARD,8.0,84.155,1,True
1,Australian Grand Prix,BEA,27.0,2.0,HARD,9.0,84.284,1,True
1,Australian Grand Prix,BEA,28.0,2.0,HARD,10.0,84.216,1,True
1,Australian Grand Prix,BEA,29.0,2.0,HARD,11.0,85.315,1,True
1,Australian Grand Prix,BEA,30.0,2.0,HARD,12.0,84.509,1,True
1,Australian Grand Prix,BEA,31.0,2.0,HARD,13.0,84.627,1,True
1,Australian Grand Prix,BEA,32.0,2.0,HARD,14.0,85.006,1,True
1,Australian Grand Prix,BEA,33.0,2.0,HARD,15.0,90.647,16,False
1,Australian Grand Prix,BEA,34.0,2.0,HARD,16.0,92.31,671,False
1,Australian Grand Prix,BEA,35.0,2.0,HARD,17.0,84.914,1,True
1,Australian Grand Prix,BEA,36.0,2.0,HARD,18.0,84.598,1,True
1,Australian Grand Prix,BEA,37.0,2.0,HARD,19.0,84.5,1,True
1,Australian Grand Prix,BEA,38.0,2.0,HARD,20.0,85.093,1,True
1,Australian Grand Prix,BEA,39.0,2.0,HARD,21.0,84.756,1,True
1,Australian Grand Prix,BEA,40.0,2.0,HARD,22.0,86.988,1,True
1,Australian Grand Prix,BEA,41.0,2.0,HARD,23.0,85.049,1,True
1,Australian Grand Prix,BEA,42.0,2.0,HARD,24.0,84.503,1,True
1,Australian Grand Prix,BEA,43.0,2.0,HARD,25.0,84.549,1,True
1,Australian Grand Prix,BEA,44.0,2.0,HARD,26.0,84.612,1,True
1,Australian Grand Prix,BEA,45.0,2.0,HARD,27.0,84.13,1,True
1,Australian Grand Prix,BEA,46.0,2.0,HARD,28.0,84.55,1,True
1,Australian Grand Prix,BEA,47.0,2.0,HARD,29.0,84.76,1,True
1,Australian Grand Prix,BEA,48.0,2.0,HARD,30.0,84.404,1,True
1,Australian Grand Prix,BEA,49.0,2.0,HARD,31.0,84.281,1,True
1,Australian Grand Prix,BEA,50.0,2.0,HARD,32.0,84.467,1,True
1,Australian Grand Prix,BEA,51.0,2.0,HARD,33.0,84.233,1,True
1,Australian Grand Prix,BEA,52.0,2.0,HARD,34.0,84.264,1,True
1,Australian Grand Prix,BEA,53.0,2.0,HARD,35.0,84.615,1,True
1,Australian Grand Prix,BEA,54.0,2.0,HARD,36.0,84.61,1,True
1,Australian Grand Prix,BEA,55.0,2.0,HARD,37.0,84.5,1,True
1,Australian Grand Prix,BEA,56.0,2.0,HARD,38.0,86.439,1,True
1,Australian Grand Prix,BEA,57.0,2.0,HARD,39.0,86.649,1,True
2,Chinese Grand Prix,GAS,1.0,1.0,MEDIUM,1.0,102.591,12,False
2,Chinese Grand Prix,GAS,2.0,1.0,MEDIUM,2.0,98.917,1,False
2,Chinese Grand Prix,GAS,3.0,1.0,MEDIUM,3.0,98.923,1,True
2,Chinese Grand Prix,GAS,4.0,1.0,MEDIUM,4.0,98.717,1,True
2,Chinese Grand Prix,GAS,5.0,1.0,MEDIUM,5.0,98.474,1,True
2,Chinese Grand Prix,GAS,6.0,1.0,MEDIUM,6.0,98.298,1,True
2,Chinese Grand Prix,GAS,7.0,1.0,MEDIUM,7.0,98.635,1,True
2,Chinese Grand Prix,GAS,8.0,1.0,MEDIUM,8.0,98.427,1,True
2,Chinese Grand Prix,GAS,9.0,1.0,MEDIUM,9.0,98.609,1,True
2,Chinese Grand Prix,GAS,10.0,1.0,MEDIUM,10.0,112.994,124,False
2,Chinese Grand Prix,GAS,11.0,2.0,HARD,1.0,,4,False
2,Chinese Grand Prix,GAS,12.0,2.0,HARD,2.0,,4,False
2,Chinese Grand Prix,GAS,13.0,2.0,HARD,3.0,145.559,41,False
2,Chinese Grand Prix,GAS,14.0,2.0,HARD,4.0,100.408,1,True
2,Chinese Grand Prix,GAS,15.0,2.0,HARD,5.0,98.883,1,True
2,Chinese Grand Prix,GAS,16.0,2.0,HARD,6.0,98.644,1,True
2,Chinese Grand Prix,GAS,17.0,2.0,HARD,7.0,98.238,1,True
2,Chinese Grand Prix,GAS,18.0,2.0,HARD,8.0,97.593,12,False
2,Chinese Grand Prix,GAS,19.0,2.0,HARD,9.0,99.325,1,True
2,Chinese Grand Prix,GAS,20.0,2.0,HARD,10.0,99.504,1,True
2,Chinese Grand Prix,GAS,21.0,2.0,HARD,11.0,99.208,1,True
2,Chinese Grand Prix,GAS,22.0,2.0,HARD,12.0,99.338,1,True
2,Chinese Grand Prix,GAS,23.0,2.0,HARD,13.0,98.067,1,True
2,Chinese Grand Prix,GAS,24.0,2.0,HARD,14.0,98.373,1,True
2,Chinese Grand Prix,GAS,25.0,2.0,HARD,15.0,98.568,1,True
2,Chinese Grand Prix,GAS,26.0,2.0,HARD,16.0,97.82,1,True
2,Chinese Grand Prix,GAS,27.0,2.0,HARD,17.0,98.163,12,False
2,Chinese Grand Prix,GAS,28.0,2.0,HARD,18.0,98.225,21,False
2,Chinese Grand Prix,GAS,29.0,2.0,HARD,19.0,97.566,1,True
2,Chinese Grand Prix,GAS,30.0,2.0,HARD,20.0,98.132,1,True
2,Chinese Grand Prix,GAS,31.0,2.0,HARD,21.0,97.634,1,True
2,Chinese Grand Prix,GAS,32.0,2.0,HARD,22.0,97.253,1,True
2,Chinese Grand Prix,GAS,33.0,2.0,HARD,23.0,97.123,12,False
2,Chinese Grand Prix,GAS,34.0,2.0,HARD,24.0,97.193,1,True
2,Chinese Grand Prix,GAS,35.0,2.0,HARD,25.0,97.293,1,True
2,Chinese Grand Prix,GAS,36.0,2.0,HARD,26.0,97.103,1,True
2,Chinese Grand Prix,GAS,37.0,2.0,HARD,27.0,96.752,1,True
2,Chinese Grand Prix,GAS,38.0,2.0,HARD,28.0,96.672,1,True
2,Chinese Grand Prix,GAS,39.0,2.0,HARD,29.0,96.754,1,True
2,Chinese Grand Prix,GAS,40.0,2.0,HARD,30.0,96.865,1,True
2,Chinese Grand Prix,GAS,41.0,2.0,HARD,31.0,97.214,1,True
2,Chinese Grand Prix,GAS,42.0,2.0,HARD,32.0,97.026,1,True
2,Chinese Grand Prix,GAS,43.0,2.0,HARD,33.0,96.877,1,True
2,Chinese Grand Prix,GAS,44.0,2.0,HARD,34.0,96.764,1,True
2,Chinese Grand Prix,GAS,45.0,2.0,HARD,35.0,96.895,1,True
2,Chinese Grand Prix,GAS,46.0,2.0,HARD,36.0,96.748,1,True
2,Chinese Grand Prix,GAS,47.0,2.0,HARD,37.0,97.584,1,True
2,Chinese Grand Prix,GAS,48.0,2.0,HARD,38.0,97.01,1,True
2,Chinese Grand Prix,GAS,49.0,2.0,HARD,39.0,96.752,1,True
2,Chinese Grand Prix,GAS,50.0,2.0,HARD,40.0,97.04,1,True
2,Chinese Grand Prix,GAS,51.0,2.0,HARD,41.0,96.753,1,True
2,Chinese Grand Prix,GAS,52.0,2.0,HARD,42.0,96.642,1,True
2,Chinese Grand Prix,GAS,53.0,2.0,HARD,43.0,96.505,12,False
2,Chinese Grand Prix,GAS,54.0,2.0,HARD,44.0,96.682,1,True
2,Chinese Grand Prix,GAS,55.0,2.0,HARD,45.0,96.638,1,True
2,Chinese Grand Prix,GAS,56.0,2.0,HARD,46.0,96.569,1,True
2,Chinese Grand Prix,PER,1.0,1.0,MEDIUM,1.0,115.089,12,False
2,Chinese Grand Prix,PER,2.0,1.0,MEDIUM,2.0,101.066,1,False
2,Chinese Grand Prix,PER,3.0,1.0,MEDIUM,3.0,101.224,1,True
2,Chinese Grand Prix,PER,4.0,1.0,MEDIUM,4.0,100.934,1,True
2,Chinese Grand Prix,PER,5.0,1.0,MEDIUM,5.0,100.978,1,True
2,Chinese Grand Prix,PER,6.0,1.0,MEDIUM,6.0,100.557,1,True
2,Chinese Grand Prix,PER,7.0,1.0,MEDIUM,7.0,100.918,1,True
2,Chinese Grand Prix,PER,8.0,1.0,MEDIUM,8.0,101.103,1,True
2,Chinese Grand Prix,PER,9.0,1.0,MEDIUM,9.0,101.781,1,True
2,Chinese Grand Prix,PER,10.0,1.0,MEDIUM,10.0,121.617,124,False
2,Chinese Grand Prix,PER,11.0,1.0,MEDIUM,11.0,138.719,4,False
2,Chinese Grand Prix,PER,12.0,2.0,HARD,1.0,137.935,4,False
2,Chinese Grand Prix,PER,13.0,2.0,HARD,2.0,139.666,41,False
2,Chinese Grand Prix,PER,14.0,2.0,HARD,3.0,101.759,1,True
2,Chinese Grand Prix,PER,15.0,2.0,HARD,4.0,100.004,1,True
2,Chinese Grand Prix,PER,16.0,2.0,HARD,5.0,99.621,1,True
2,Chinese Grand Prix,PER,17.0,2.0,HARD,6.0,102.203,12,False
2,Chinese Grand Prix,PER,18.0,2.0,HARD,7.0,99.321,21,False
2,Chinese Grand Prix,PER,19.0,2.0,HARD,8.0,99.731,1,True
2,Chinese Grand Prix,PER,20.0,2.0,HARD,9.0,100.134,1,True
2,Chinese Grand Prix,PER,21.0,2.0,HARD,10.0,99.682,1,True
2,Chinese Grand Prix,PER,22.0,2.0,HARD,11.0,99.622,1,True
2,Chinese Grand Prix,PER,23.0,2.0,HARD,12.0,99.75,1,True
2,Chinese Grand Prix,PER,24.0,2.0,HARD,13.0,99.736,1,True
2,Chinese Grand Prix,PER,25.0,2.0,HARD,14.0,100.542,1,True
2,Chinese Grand Prix,PER,26.0,2.0,HARD,15.0,100.01,1,True
2,Chinese Grand Prix,PER,27.0,2.0,HARD,16.0,100.307,12,False
2,Chinese Grand Prix,PER,28.0,2.0,HARD,17.0,99.583,1,True
2,Chinese Grand Prix,PER,29.0,2.0,HARD,18.0,100.437,1,True
2,Chinese Grand Prix,PER,30.0,2.0,HARD,19.0,100.016,1,True
2,Chinese Grand Prix,PER,31.0,2.0,HARD,20.0,99.977,1,True
2,Chinese Grand Prix,PER,32.0,2.0,HARD,21.0,99.799,1,True
2,Chinese Grand Prix,PER,33.0,2.0,HARD,22.0,100.106,12,False
2,Chinese Grand Prix,PER,34.0,2.0,HARD,23.0,100.185,1,True
2,Chinese Grand Prix,PER,35.0,2.0,HARD,24.0,99.48,1,True
2,Chinese Grand Prix,PER,36.0,2.0,HARD,25.0,99.551,1,True
2,Chinese Grand Prix,PER,37.0,2.0,HARD,26.0,99.606,1,True
2,Chinese Grand Prix,PER,38.0,2.0,HARD,27.0,100.111,1,True
2,Chinese Grand Prix,PER,39.0,2.0,HARD,28.0,99.616,1,True
2,Chinese Grand Prix,PER,40.0,2.0,HARD,29.0,99.591,1,True
2,Chinese Grand Prix,PER,41.0,2.0,HARD,30.0,100.557,1,True
2,Chinese Grand Prix,PER,42.0,2.0,HARD,31.0,99.127,1,True
2,Chinese Grand Prix,PER,43.0,2.0,HARD,32.0,101.151,1,True
2,Chinese Grand Prix,PER,44.0,2.0,HARD,33.0,103.964,1,True
2,Chinese Grand Prix,PER,45.0,2.0,HARD,34.0,108.834,1,True
2,Chinese Grand Prix,PER,46.0,2.0,HARD,35.0,100.983,1,True
2,Chinese Grand Prix,PER,47.0,2.0,HARD,36.0,99.88,1,True
2,Chinese Grand Prix,PER,48.0,2.0,HARD,37.0,100.227,1,True
2,Chinese Grand Prix,PER,49.0,2.0,HARD,38.0,99.462,1,True
2,Chinese Grand Prix,PER,50.0,2.0,HARD,39.0,98.523,1,True
2,Chinese Grand Prix,PER,51.0,2.0,HARD,40.0,99.014,1,True
2,Chinese Grand Prix,PER,52.0,2.0,HARD,41.0,99.526,12,False
2,Chinese Grand Prix,PER,53.0,2.0,HARD,42.0,98.959,1,True
2,Chinese Grand Prix,PER,54.0,2.0,HARD,43.0,99.076,1,True
2,Chinese Grand Prix,PER,55.0,2.0,HARD,44.0,98.898,1,True
2,Chinese Grand Prix,ANT,1.0,1.0,MEDIUM,1.0,100.137,12,False
2,Chinese Grand Prix,ANT,2.0,1.0,MEDIUM,2.0,98.305,1,False
2,Chinese Grand Prix,ANT,3.0,1.0,MEDIUM,3.0,98.013,1,True
2,Chinese Grand Prix,ANT,4.0,1.0,MEDIUM,4.0,97.394,1,True
2,Chinese Grand Prix,ANT,5.0,1.0,MEDIUM,5.0,97.535,1,True
2,Chinese Grand Prix,ANT,6.0,1.0,MEDIUM,6.0,97.172,1,True
2,Chinese Grand Prix,ANT,7.0,1.0,MEDIUM,7.0,97.412,1,True
2,Chinese Grand Prix,ANT,8.0,1.0,MEDIUM,8.0,97.322,1,True
2,Chinese Grand Prix,ANT,9.0,1.0,MEDIUM,9.0,97.356,1,True
2,Chinese Grand Prix,ANT,10.0,1.0,MEDIUM,10.0,106.671,124,False
2,Chinese Grand Prix,ANT,11.0,2.0,HARD,1.0,,4,False
2,Chinese Grand Prix,ANT,12.0,2.0,HARD,2.0,149.91,4,False
2,Chinese Grand Prix,ANT,13.0,2.0,HARD,3.0,,41,False
2,Chinese Grand Prix,ANT,14.0,2.0,HARD,4.0,98.957,1,True
2,Chinese Grand Prix,ANT,15.0,2.0,HARD,5.0,98.222,1,True
2,Chinese Grand Prix,ANT,16.0,2.0,HARD,6.0,96.604,1,True
2,Chinese Grand Prix,ANT,17.0,2.0,HARD,7.0,96.555,1,True
2,Chinese Grand Prix,ANT,18.0,2.0,HARD,8.0,97.059,12,False
2,Chinese Grand Prix,ANT,19.0,2.0,HARD,9.0,96.816,1,True
2,Chinese Grand Prix,ANT,20.0,2.0,HARD,10.0,96.762,1,True
2,Chinese Grand Prix,ANT,21.0,2.0,HARD,11.0,96.929,1,True
2,Chinese Grand Prix,ANT,22.0,2.0,HARD,12.0,96.612,1,True
2,Chinese Grand Prix,ANT,23.0,2.0,HARD,13.0,96.806,1,True
2,Chinese Grand Prix,ANT,24.0,2.0,HARD,14.0,96.513,1,True
2,Chinese Grand Prix,ANT,25.0,2.0,HARD,15.0,96.514,1,True
2,Chinese Grand Prix,ANT,26.0,2.0,HARD,16.0,96.588,1,True
2,Chinese Grand Prix,ANT,27.0,2.0,HARD,17.0,96.59,1,True
2,Chinese Grand Prix,ANT,28.0,2.0,HARD,18.0,96.589,12,False
2,Chinese Grand Prix,ANT,29.0,2.0,HARD,19.0,96.381,1,True
2,Chinese Grand Prix,ANT,30.0,2.0,HARD,20.0,96.166,1,True
2,Chinese Grand Prix,ANT,31.0,2.0,HARD,21.0,96.108,1,True
2,Chinese Grand Prix,ANT,32.0,2.0,HARD,22.0,95.983,1,True
2,Chinese Grand Prix,ANT,33.0,2.0,HARD,23.0,96.443,12,False
2,Chinese Grand Prix,ANT,34.0,2.0,HARD,24.0,96.021,1,True
2,Chinese Grand Prix,ANT,35.0,2.0,HARD,25.0,96.037,1,True
2,Chinese Grand Prix,ANT,36.0,2.0,HARD,26.0,96.014,1,True
2,Chinese Grand Prix,ANT,37.0,2.0,HARD,27.0,96.159,1,True
2,Chinese Grand Prix,ANT,38.0,2.0,HARD,28.0,95.526,1,True
2,Chinese Grand Prix,ANT,39.0,2.0,HARD,29.0,95.494,1,True
2,Chinese Grand Prix,ANT,40.0,2.0,HARD,30.0,96.15,1,True
2,Chinese Grand Prix,ANT,41.0,2.0,HARD,31.0,95.343,1,True
2,Chinese Grand Prix,ANT,42.0,2.0,HARD,32.0,95.93,1,True
2,Chinese Grand Prix,ANT,43.0,2.0,HARD,33.0,95.936,1,True
2,Chinese Grand Prix,ANT,44.0,2.0,HARD,34.0,95.332,1,True
2,Chinese Grand Prix,ANT,45.0,2.0,HARD,35.0,95.528,1,True
2,Chinese Grand Prix,ANT,46.0,2.0,HARD,36.0,95.282,1,True
2,Chinese Grand Prix,ANT,47.0,2.0,HARD,37.0,95.501,1,True
2,Chinese Grand Prix,ANT,48.0,2.0,HARD,38.0,95.706,1,True
2,Chinese Grand Prix,ANT,49.0,2.0,HARD,39.0,95.523,1,True
2,Chinese Grand Prix,ANT,50.0,2.0,HARD,40.0,95.659,1,True
2,Chinese Grand Prix,ANT,51.0,2.0,HARD,41.0,96.011,1,True
2,Chinese Grand Prix,ANT,52.0,2.0,HARD,42.0,95.275,1,True
2,Chinese Grand Prix,ANT,53.0,2.0,HARD,43.0,97.53,12,False
2,Chinese Grand Prix,ANT,54.0,2.0,HARD,44.0,96.176,1,True
2,Chinese Grand Prix,ANT,55.0,2.0,HARD,45.0,96.378,1,True
2,Chinese Grand Prix,ANT,56.0,2.0,HARD,46.0,96.929,1,True
2,Chinese Grand Prix,ALO,1.0,1.0,HARD,1.0,107.23,12,False
2,Chinese Grand Prix,ALO,2.0,1.0,HARD,2.0,102.291,1,False
2,Chinese Grand Prix,ALO,3.0,1.0,HARD,3.0,101.588,1,True
2,Chinese Grand Prix,ALO,4.0,1.0,HARD,4.0,100.471,1,True
2,Chinese Grand Prix,ALO,5.0,1.0,HARD,5.0,101.554,1,True
2,Chinese Grand Prix,ALO,6.0,1.0,HARD,6.0,101.824,1,True
2,Chinese Grand Prix,ALO,7.0,1.0,HARD,7.0,101.659,1,True
2,Chinese Grand Prix,ALO,8.0,1.0,HARD,8.0,101.113,1,True
2,Chinese Grand Prix,ALO,9.0,1.0,HARD,9.0,101.631,1,True
2,Chinese Grand Prix,ALO,10.0,1.0,HARD,10.0,119.919,124,False
2,Chinese Grand Prix,ALO,11.0,1.0,HARD,11.0,135.393,4,False
2,Chinese Grand Prix,ALO,12.0,1.0,HARD,12.0,140.998,4,False
2,Chinese Grand Prix,ALO,13.0,1.0,HARD,13.0,143.746,41,False
2,Chinese Grand Prix,ALO,14.0,1.0,HARD,14.0,103.5,1,True
2,Chinese Grand Prix,ALO,15.0,1.0,HARD,15.0,101.183,1,True
2,Chinese Grand Prix,ALO,16.0,1.0,HARD,16.0,100.26,1,True
2,Chinese Grand Prix,ALO,17.0,1.0,HARD,17.0,100.363,12,False
2,Chinese Grand Prix,ALO,18.0,1.0,HARD,18.0,101.241,21,False
2,Chinese Grand Prix,ALO,19.0,1.0,HARD,19.0,100.356,1,True
2,Chinese Grand Prix,ALO,20.0,1.0,HARD,20.0,100.254,1,True
2,Chinese Grand Prix,ALO,21.0,1.0,HARD,21.0,99.812,1,True
2,Chinese Grand Prix,ALO,22.0,1.0,HARD,22.0,99.938,1,True
2,Chinese Grand Prix,ALO,23.0,1.0,HARD,23.0,99.801,1,True
2,Chinese Grand Prix,ALO,24.0,1.0,HARD,24.0,99.767,1,True
2,Chinese Grand Prix,ALO,25.0,1.0,HARD,25.0,99.721,1,True
2,Chinese Grand Prix,ALO,26.0,1.0,HARD,26.0,99.755,1,True
2,Chinese Grand Prix,ALO,27.0,1.0,HARD,27.0,100.242,12,False
2,Chinese Grand Prix,ALO,28.0,1.0,HARD,28.0,99.745,1,True
2,Chinese Grand Prix,ALO,29.0,1.0,HARD,29.0,99.945,1,True
2,Chinese Grand Prix,ALO,30.0,1.0,HARD,30.0,100.349,1,True
2,Chinese Grand Prix,ALO,31.0,1.0,HARD,31.0,106.419,1,False
2,Chinese Grand Prix,ALO,32.0,2.0,MEDIUM,1.0,127.515,12,False
2,Chinese Grand Prix,LEC,1.0,1.0,MEDIUM,1.0,101.064,12,False
2,Chinese Grand Prix,LEC,2.0,1.0,MEDIUM,2.0,98.558,1,False
2,Chinese Grand Prix,LEC,3.0,1.0,MEDIUM,3.0,99.148,1,True
2,Chinese Grand Prix,LEC,4.0,1.0,MEDIUM,4.0,97.835,1,True
2,Chinese Grand Prix,LEC,5.0,1.0,MEDIUM,5.0,97.863,1,True
2,Chinese Grand Prix,LEC,6.0,1.0,MEDIUM,6.0,98.136,1,True
2,Chinese Grand Prix,LEC,7.0,1.0,MEDIUM,7.0,97.994,1,True
2,Chinese Grand Prix,LEC,8.0,1.0,MEDIUM,8.0,97.794,1,True
2,Chinese Grand Prix,LEC,9.0,1.0,MEDIUM,9.0,98.13,1,True
2,Chinese Grand Prix,LEC,10.0,1.0,MEDIUM,10.0,112.397,124,False
2,Chinese Grand Prix,LEC,11.0,2.0,HARD,1.0,,4,False
2,Chinese Grand Prix,LEC,12.0,2.0,HARD,2.0,,4,False
2,Chinese Grand Prix,LEC,13.0,2.0,HARD,3.0,146.486,41,False
2,Chinese Grand Prix,LEC,14.0,2.0,HARD,4.0,99.851,1,True
2,Chinese Grand Prix,LEC,15.0,2.0,HARD,5.0,97.205,1,True
2,Chinese Grand Prix,LEC,16.0,2.0,HARD,6.0,97.306,1,True
2,Chinese Grand Prix,LEC,17.0,2.0,HARD,7.0,96.877,1,True
2,Chinese Grand Prix,LEC,18.0,2.0,HARD,8.0,96.599,12,False
2,Chinese Grand Prix,LEC,19.0,2.0,HARD,9.0,96.861,1,True
2,Chinese Grand Prix,LEC,20.0,2.0,HARD,10.0,96.833,1,True
2,Chinese Grand Prix,LEC,21.0,2.0,HARD,11.0,96.705,1,True
2,Chinese Grand Prix,LEC,22.0,2.0,HARD,12.0,96.643,1,True
2,Chinese Grand Prix,LEC,23.0,2.0,HARD,13.0,96.813,1,True
2,Chinese Grand Prix,LEC,24.0,2.0,HARD,14.0,97.277,1,True
2,Chinese Grand Prix,LEC,25.0,2.0,HARD,15.0,97.681,1,True
2,Chinese Grand Prix,LEC,26.0,2.0,HARD,16.0,97.574,1,True
2,Chinese Grand Prix,LEC,27.0,2.0,HARD,17.0,97.872,1,True
2,Chinese Grand Prix,LEC,28.0,2.0,HARD,18.0,97.076,12,False
2,Chinese Grand Prix,LEC,29.0,2.0,HARD,19.0,97.107,1,True
2,Chinese Grand Prix,LEC,30.0,2.0,HARD,20.0,96.797,1,True
2,Chinese Grand Prix,LEC,31.0,2.0,HARD,21.0,96.409,1,True
2,Chinese Grand Prix,LEC,32.0,2.0,HARD,22.0,96.624,1,True
2,Chinese Grand Prix,LEC,33.0,2.0,HARD,23.0,96.55,12,False
2,Chinese Grand Prix,LEC,34.0,2.0,HARD,24.0,96.729,1,True
2,Chinese Grand Prix,LEC,35.0,2.0,HARD,25.0,98.511,1,True
2,Chinese Grand Prix,LEC,36.0,2.0,HARD,26.0,97.247,1,True
2,Chinese Grand Prix,LEC,37.0,2.0,HARD,27.0,96.767,1,True
2,Chinese Grand Prix,LEC,38.0,2.0,HARD,28.0,96.759,1,True
2,Chinese Grand Prix,LEC,39.0,2.0,HARD,29.0,96.993,1,True
2,Chinese Grand Prix,LEC,40.0,2.0,HARD,30.0,98.256,1,True
2,Chinese Grand Prix,LEC,41.0,2.0,HARD,31.0,96.84,1,True
2,Chinese Grand Prix,LEC,42.0,2.0,HARD,32.0,96.795,1,True
2,Chinese Grand Prix,LEC,43.0,2.0,HARD,33.0,96.584,1,True
2,Chinese Grand Prix,LEC,44.0,2.0,HARD,34.0,96.649,1,True
2,Chinese Grand Prix,LEC,45.0,2.0,HARD,35.0,97.224,1,True
2,Chinese Grand Prix,LEC,46.0,2.0,HARD,36.0,96.271,1,True
2,Chinese Grand Prix,LEC,47.0,2.0,HARD,37.0,96.204,1,True
2,Chinese Grand Prix,LEC,48.0,2.0,HARD,38.0,96.228,1,True
2,Chinese Grand Prix,LEC,49.0,2.0,HARD,39.0,96.331,1,True
2,Chinese Grand Prix,LEC,50.0,2.0,HARD,40.0,96.387,1,True
2,Chinese Grand Prix,LEC,51.0,2.0,HARD,41.0,96.744,1,True
2,Chinese Grand Prix,LEC,52.0,2.0,HARD,42.0,96.324,1,True
2,Chinese Grand Prix,LEC,53.0,2.0,HARD,43.0,96.32,12,False
2,Chinese Grand Prix,LEC,54.0,2.0,HARD,44.0,96.213,1,True
2,Chinese Grand Prix,LEC,55.0,2.0,HARD,45.0,96.134,1,True
2,Chinese Grand Prix,LEC,56.0,2.0,HARD,46.0,96.011,1,True
2,Chinese Grand Prix,STR,1.0,1.0,HARD,1.0,109.471,12,False
2,Chinese Grand Prix,STR,2.0,1.0,HARD,2.0,101.83,1,False
2,Chinese Grand Prix,STR,3.0,1.0,HARD,3.0,101.798,1,True
2,Chinese Grand Prix,STR,4.0,1.0,HARD,4.0,101.854,1,True
2,Chinese Grand Prix,STR,5.0,1.0,HARD,5.0,100.992,1,True
2,Chinese Grand Prix,STR,6.0,1.0,HARD,6.0,100.971,1,True
2,Chinese Grand Prix,STR,7.0,1.0,HARD,7.0,100.956,1,True
2,Chinese Grand Prix,STR,8.0,1.0,HARD,8.0,101.174,1,True
2,Chinese Grand Prix,STR,9.0,1.0,HARD,9.0,100.883,1,True
2,Chinese Grand Prix,STR,10.0,1.0,HARD,10.0,,124,False
2,Chinese Grand Prix,HUL,1.0,1.0,HARD,1.0,108.719,12,False
2,Chinese Grand Prix,HUL,2.0,1.0,HARD,2.0,101.634,1,False
2,Chinese Grand Prix,HUL,3.0,1.0,HARD,3.0,99.907,1,True
2,Chinese Grand Prix,HUL,4.0,1.0,HARD,4.0,99.517,1,True
2,Chinese Grand Prix,HUL,5.0,1.0,HARD,5.0,99.264,1,True
2,Chinese Grand Prix,HUL,6.0,1.0,HARD,6.0,98.775,1,True
2,Chinese Grand Prix,HUL,7.0,1.0,HARD,7.0,99.39,1,True
2,Chinese Grand Prix,HUL,8.0,1.0,HARD,8.0,99.027,1,True
2,Chinese Grand Prix,HUL,9.0,1.0,HARD,9.0,99.164,1,True
2,Chinese Grand Prix,HUL,10.0,1.0,HARD,10.0,113.809,124,False
2,Chinese Grand Prix,HUL,11.0,1.0,HARD,11.0,141.998,4,False
2,Chinese Grand Prix,HUL,12.0,1.0,HARD,12.0,,4,False
2,Chinese Grand Prix,HUL,13.0,1.0,HARD,13.0,145.608,41,False
2,Chinese Grand Prix,HUL,14.0,1.0,HARD,14.0,100.945,1,True
2,Chinese Grand Prix,HUL,15.0,1.0,HARD,15.0,99.198,1,True
2,Chinese Grand Prix,HUL,16.0,1.0,HARD,16.0,99.566,1,True
2,Chinese Grand Prix,HUL,17.0,1.0,HARD,17.0,99.235,12,False
2,Chinese Grand Prix,HUL,18.0,1.0,HARD,18.0,98.874,21,False
2,Chinese Grand Prix,HUL,19.0,1.0,HARD,19.0,98.382,1,True
2,Chinese Grand Prix,HUL,20.0,1.0,HARD,20.0,98.824,1,True
2,Chinese Grand Prix,HUL,21.0,1.0,HARD,21.0,98.394,1,True
2,Chinese Grand Prix,HUL,22.0,1.0,HARD,22.0,98.443,1,True
2,Chinese Grand Prix,HUL,23.0,1.0,HARD,23.0,99.496,1,True
2,Chinese Grand Prix,HUL,24.0,1.0,HARD,24.0,98.712,1,True
2,Chinese Grand Prix,HUL,25.0,1.0,HARD,25.0,98.588,1,True
2,Chinese Grand Prix,HUL,26.0,1.0,HARD,26.0,98.302,1,True
2,Chinese Grand Prix,HUL,27.0,1.0,HARD,27.0,97.959,12,False
2,Chinese Grand Prix,HUL,28.0,1.0,HARD,28.0,98.15,21,False
2,Chinese Grand Prix,HUL,29.0,1.0,HARD,29.0,98.677,1,True
2,Chinese Grand Prix,HUL,30.0,1.0,HARD,30.0,97.859,1,True
2,Chinese Grand Prix,HUL,31.0,1.0,HARD,31.0,97.762,1,True
2,Chinese Grand Prix,HUL,32.0,1.0,HARD,32.0,98.296,1,True
2,Chinese Grand Prix,HUL,33.0,1.0,HARD,33.0,98.663,12,False
2,Chinese Grand Prix,HUL,34.0,1.0,HARD,34.0,98.427,1,True
2,Chinese Grand Prix,HUL,35.0,1.0,HARD,35.0,104.913,1,False
2,Chinese Grand Prix,HUL,36.0,2.0,MEDIUM,1.0,132.21,1,False
2,Chinese Grand Prix,HUL,37.0,2.0,MEDIUM,2.0,96.62,1,True
2,Chinese Grand Prix,HUL,38.0,2.0,MEDIUM,3.0,96.18,1,True
2,Chinese Grand Prix,HUL,39.0,2.0,MEDIUM,4.0,97.116,1,True
2,Chinese Grand Prix,HUL,40.0,2.0,MEDIUM,5.0,96.873,1,True
2,Chinese Grand Prix,HUL,41.0,2.0,MEDIUM,6.0,96.625,1,True
2,Chinese Grand Prix,HUL,42.0,2.0,MEDIUM,7.0,98.675,1,True
2,Chinese Grand Prix,HUL,43.0,2.0,MEDIUM,8.0,96.761,1,True
2,Chinese Grand Prix,HUL,44.0,2.0,MEDIUM,9.0,96.868,1,True
2,Chinese Grand Prix,HUL,45.0,2.0,MEDIUM,10.0,96.901,1,True
2,Chinese Grand Prix,HUL,46.0,2.0,MEDIUM,11.0,96.985,1,True
2,Chinese Grand Prix,HUL,47.0,2.0,MEDIUM,12.0,98.763,1,True
2,Chinese Grand Prix,HUL,48.0,2.0,MEDIUM,13.0,96.776,1,True
2,Chinese Grand Prix,HUL,49.0,2.0,MEDIUM,14.0,98.064,1,True
2,Chinese Grand Prix,HUL,50.0,2.0,MEDIUM,15.0,97.696,1,True
2,Chinese Grand Prix,HUL,51.0,2.0,MEDIUM,16.0,97.505,1,True
2,Chinese Grand Prix,HUL,52.0,2.0,MEDIUM,17.0,97.614,12,False
2,Chinese Grand Prix,HUL,53.0,2.0,MEDIUM,18.0,97.97,1,True
2,Chinese Grand Prix,HUL,54.0,2.0,MEDIUM,19.0,97.609,1,True
2,Chinese Grand Prix,HUL,55.0,2.0,MEDIUM,20.0,97.571,1,True
2,Chinese Grand Prix,VER,1.0,1.0,SOFT,4.0,107.91,12,False
2,Chinese Grand Prix,VER,2.0,1.0,SOFT,5.0,100.295,1,False
2,Chinese Grand Prix,VER,3.0,1.0,SOFT,6.0,99.08,1,True
2,Chinese Grand Prix,VER,4.0,1.0,SOFT,7.0,99.12,1,True
2,Chinese Grand Prix,VER,5.0,1.0,SOFT,8.0,99.582,1,True
2,Chinese Grand Prix,VER,6.0,1.0,SOFT,9.0,99.206,1,True
2,Chinese Grand Prix,VER,7.0,1.0,SOFT,10.0,99.574,1,True
2,Chinese Grand Prix,VER,8.0,1.0,SOFT,11.0,99.465,1,True
2,Chinese Grand Prix,VER,9.0,1.0,SOFT,12.0,105.525,1,False
2,Chinese Grand Prix,VER,10.0,2.0,HARD,1.0,143.152,124,False
2,Chinese Grand Prix,VER,11.0,2.0,HARD,2.0,135.068,4,False
2,Chinese Grand Prix,VER,12.0,2.0,HARD,3.0,129.669,4,False
2,Chinese Grand Prix,VER,13.0,2.0,HARD,4.0,142.347,41,False
2,Chinese Grand Prix,VER,14.0,2.0,HARD,5.0,99.573,1,True
2,Chinese Grand Prix,VER,15.0,2.0,HARD,6.0,99.068,1,True
2,Chinese Grand Prix,VER,16.0,2.0,HARD,7.0,98.953,1,True
2,Chinese Grand Prix,VER,17.0,2.0,HARD,8.0,98.267,12,False
2,Chinese Grand Prix,VER,18.0,2.0,HARD,9.0,97.35,21,False
2,Chinese Grand Prix,VER,19.0,2.0,HARD,10.0,99.035,1,True
2,Chinese Grand Prix,VER,20.0,2.0,HARD,11.0,98.531,1,True
2,Chinese Grand Prix,VER,21.0,2.0,HARD,12.0,98.768,1,True
2,Chinese Grand Prix,VER,22.0,2.0,HARD,13.0,98.147,1,True
2,Chinese Grand Prix,VER,23.0,2.0,HARD,14.0,98.039,1,True
2,Chinese Grand Prix,VER,24.0,2.0,HARD,15.0,97.88,1,True
2,Chinese Grand Prix,VER,25.0,2.0,HARD,16.0,97.869,1,True
2,Chinese Grand Prix,VER,26.0,2.0,HARD,17.0,97.38,1,True
2,Chinese Grand Prix,VER,27.0,2.0,HARD,18.0,97.645,1,True
2,Chinese Grand Prix,VER,28.0,2.0,HARD,19.0,97.368,12,False
2,Chinese Grand Prix,VER,29.0,2.0,HARD,20.0,97.672,1,True
2,Chinese Grand Prix,VER,30.0,2.0,HARD,21.0,97.587,1,True
2,Chinese Grand Prix,VER,31.0,2.0,HARD,22.0,97.518,1,True
2,Chinese Grand Prix,VER,32.0,2.0,HARD,23.0,97.76,1,True
2,Chinese Grand Prix,VER,33.0,2.0,HARD,24.0,97.381,12,False
2,Chinese Grand Prix,VER,34.0,2.0,HARD,25.0,97.41,1,True
2,Chinese Grand Prix,VER,35.0,2.0,HARD,26.0,97.49,1,True
2,Chinese Grand Prix,VER,36.0,2.0,HARD,27.0,97.229,1,True
2,Chinese Grand Prix,VER,37.0,2.0,HARD,28.0,97.15,1,True
2,Chinese Grand Prix,VER,38.0,2.0,HARD,29.0,97.063,1,True
2,Chinese Grand Prix,VER,39.0,2.0,HARD,30.0,97.046,1,True
2,Chinese Grand Prix,VER,40.0,2.0,HARD,31.0,97.255,1,True
2,Chinese Grand Prix,VER,41.0,2.0,HARD,32.0,97.405,1,True
2,Chinese Grand Prix,VER,42.0,2.0,HARD,33.0,97.383,1,True
2,Chinese Grand Prix,VER,43.0,2.0,HARD,34.0,97.123,1,True
2,Chinese Grand Prix,VER,44.0,2.0,HARD,35.0,97.092,1,True
2,Chinese Grand Prix,VER,45.0,2.0,HARD,36.0,,1,False
2,Chinese Grand Prix,LAW,1.0,1.0,MEDIUM,1.0,106.084,12,False
2,Chinese Grand Prix,LAW,2.0,1.0,MEDIUM,2.0,99.798,1,False
2,Chinese Grand Prix,LAW,3.0,1.0,MEDIUM,3.0,98.947,1,True
2,Chinese Grand Prix,LAW,4.0,1.0,MEDIUM,4.0,99.114,1,True
2,Chinese Grand Prix,LAW,5.0,1.0,MEDIUM,5.0,100.055,1,True
2,Chinese Grand Prix,LAW,6.0,1.0,MEDIUM,6.0,99.51,1,True
2,Chinese Grand Prix,LAW,7.0,1.0,MEDIUM,7.0,99.709,1,True
2,Chinese Grand Prix,LAW,8.0,1.0,MEDIUM,8.0,99.878,1,True
2,Chinese Grand Prix,LAW,9.0,1.0,MEDIUM,9.0,106.179,1,False
2,Chinese Grand Prix,LAW,10.0,2.0,HARD,1.0,142.138,124,False
2,Chinese Grand Prix,LAW,11.0,2.0,HARD,2.0,135.169,4,False
2,Chinese Grand Prix,LAW,12.0,2.0,HARD,3.0,130.584,4,False
2,Chinese Grand Prix,LAW,13.0,2.0,HARD,4.0,142.417,41,False
2,Chinese Grand Prix,LAW,14.0,2.0,HARD,5.0,100.779,1,True
2,Chinese Grand Prix,LAW,15.0,2.0,HARD,6.0,99.02,1,True
2,Chinese Grand Prix,LAW,16.0,2.0,HARD,7.0,99.437,1,True
2,Chinese Grand Prix,LAW,17.0,2.0,HARD,8.0,98.909,12,False
2,Chinese Grand Prix,LAW,18.0,2.0,HARD,9.0,98.709,21,False
2,Chinese Grand Prix,LAW,19.0,2.0,HARD,10.0,98.989,1,True
2,Chinese Grand Prix,LAW,20.0,2.0,HARD,11.0,99.187,1,True
2,Chinese Grand Prix,LAW,21.0,2.0,HARD,12.0,98.491,1,True
2,Chinese Grand Prix,LAW,22.0,2.0,HARD,13.0,98.8,1,True
2,Chinese Grand Prix,LAW,23.0,2.0,HARD,14.0,98.552,1,True
2,Chinese Grand Prix,LAW,24.0,2.0,HARD,15.0,98.546,1,True
2,Chinese Grand Prix,LAW,25.0,2.0,HARD,16.0,98.599,1,True
2,Chinese Grand Prix,LAW,26.0,2.0,HARD,17.0,98.445,1,True
2,Chinese Grand Prix,LAW,27.0,2.0,HARD,18.0,98.358,12,False
2,Chinese Grand Prix,LAW,28.0,2.0,HARD,19.0,98.389,21,False
2,Chinese Grand Prix,LAW,29.0,2.0,HARD,20.0,98.308,1,True
2,Chinese Grand Prix,LAW,30.0,2.0,HARD,21.0,97.894,1,True
2,Chinese Grand Prix,LAW,31.0,2.0,HARD,22.0,98.084,1,True
2,Chinese Grand Prix,LAW,32.0,2.0,HARD,23.0,97.959,1,True
2,Chinese Grand Prix,LAW,33.0,2.0,HARD,24.0,97.898,12,False
2,Chinese Grand Prix,LAW,34.0,2.0,HARD,25.0,98.224,1,True
2,Chinese Grand Prix,LAW,35.0,2.0,HARD,26.0,98.009,1,True
2,Chinese Grand Prix,LAW,36.0,2.0,HARD,27.0,97.981,1,True
2,Chinese Grand Prix,LAW,37.0,2.0,HARD,28.0,97.972,1,True
2,Chinese Grand Prix,LAW,38.0,2.0,HARD,29.0,97.568,1,True
2,Chinese Grand Prix,LAW,39.0,2.0,HARD,30.0,97.763,1,True
2,Chinese Grand Prix,LAW,40.0,2.0,HARD,31.0,97.81,1,True
2,Chinese Grand Prix,LAW,41.0,2.0,HARD,32.0,97.616,1,True
2,Chinese Grand Prix,LAW,42.0,2.0,HARD,33.0,97.556,1,True
2,Chinese Grand Prix,LAW,43.0,2.0,HARD,34.0,97.561,1,True
2,Chinese Grand Prix,LAW,44.0,2.0,HARD,35.0,97.354,1,True
2,Chinese Grand Prix,LAW,45.0,2.0,HARD,36.0,97.547,1,True
2,Chinese Grand Prix,LAW,46.0,2.0,HARD,37.0,97.369,1,True
2,Chinese Grand Prix,LAW,47.0,2.0,HARD,38.0,97.298,1,True
2,Chinese Grand Prix,LAW,48.0,2.0,HARD,39.0,97.443,1,True
2,Chinese Grand Prix,LAW,49.0,2.0,HARD,40.0,97.457,1,True
2,Chinese Grand Prix,LAW,50.0,2.0,HARD,41.0,97.201,1,True
2,Chinese Grand Prix,LAW,51.0,2.0,HARD,42.0,97.393,1,True
2,Chinese Grand Prix,LAW,52.0,2.0,HARD,43.0,97.324,1,True
2,Chinese Grand Prix,LAW,53.0,2.0,HARD,44.0,97.35,12,False
2,Chinese Grand Prix,LAW,54.0,2.0,HARD,45.0,97.202,1,True
2,Chinese Grand Prix,LAW,55.0,2.0,HARD,46.0,97.166,1,True
2,Chinese Grand Prix,LAW,56.0,2.0,HARD,47.0,97.096,1,True
2,Chinese Grand Prix,OCO,1.0,1.0,HARD,1.0,106.693,12,False
2,Chinese Grand Prix,OCO,2.0,1.0,HARD,2.0,99.736,1,False
2,Chinese Grand Prix,OCO,3.0,1.0,HARD,3.0,99.082,1,True
2,Chinese Grand Prix,OCO,4.0,1.0,HARD,4.0,99.102,1,True
2,Chinese Grand Prix,OCO,5.0,1.0,HARD,5.0,98.846,1,True
2,Chinese Grand Prix,OCO,6.0,1.0,HARD,6.0,98.758,1,True
2,Chinese Grand Prix,OCO,7.0,1.0,HARD,7.0,99.086,1,True
2,Chinese Grand Prix,OCO,8.0,1.0,HARD,8.0,99.015,1,True
2,Chinese Grand Prix,OCO,9.0,1.0,HARD,9.0,99.018,1,True
2,Chinese Grand Prix,OCO,10.0,1.0,HARD,10.0,112.375,124,False
2,Chinese Grand Prix,OCO,11.0,1.0,HARD,11.0,144.244,4,False
2,Chinese Grand Prix,OCO,12.0,1.0,HARD,12.0,149.854,4,False
2,Chinese Grand Prix,OCO,13.0,1.0,HARD,13.0,149.97,41,False
2,Chinese Grand Prix,OCO,14.0,1.0,HARD,14.0,100.325,1,True
2,Chinese Grand Prix,OCO,15.0,1.0,HARD,15.0,99.043,1,True
2,Chinese Grand Prix,OCO,16.0,1.0,HARD,16.0,99.417,1,True
2,Chinese Grand Prix,OCO,17.0,1.0,HARD,17.0,98.357,1,True
2,Chinese Grand Prix,OCO,18.0,1.0,HARD,18.0,98.671,12,False
2,Chinese Grand Prix,OCO,19.0,1.0,HARD,19.0,99.911,1,True
2,Chinese Grand Prix,OCO,20.0,1.0,HARD,20.0,98.991,1,True
2,Chinese Grand Prix,OCO,21.0,1.0,HARD,21.0,99.822,1,True
2,Chinese Grand Prix,OCO,22.0,1.0,HARD,22.0,98.7,1,True
2,Chinese Grand Prix,OCO,23.0,1.0,HARD,23.0,98.334,1,True
2,Chinese Grand Prix,OCO,24.0,1.0,HARD,24.0,98.85,1,True
2,Chinese Grand Prix,OCO,25.0,1.0,HARD,25.0,98.331,1,True
2,Chinese Grand Prix,OCO,26.0,1.0,HARD,26.0,97.825,1,True
2,Chinese Grand Prix,OCO,27.0,1.0,HARD,27.0,98.121,12,False
2,Chinese Grand Prix,OCO,28.0,1.0,HARD,28.0,98.669,21,False
2,Chinese Grand Prix,OCO,29.0,1.0,HARD,29.0,104.567,1,False
2,Chinese Grand Prix,OCO,30.0,2.0,MEDIUM,1.0,118.996,1,False
2,Chinese Grand Prix,OCO,31.0,2.0,MEDIUM,2.0,96.926,1,True
2,Chinese Grand Prix,OCO,32.0,2.0,MEDIUM,3.0,97.104,1,True
2,Chinese Grand Prix,OCO,33.0,2.0,MEDIUM,4.0,108.417,12,False
2,Chinese Grand Prix,OCO,34.0,2.0,MEDIUM,5.0,98.474,1,True
2,Chinese Grand Prix,OCO,35.0,2.0,MEDIUM,6.0,98.037,1,True
2,Chinese Grand Prix,OCO,36.0,2.0,MEDIUM,7.0,98.817,1,True
2,Chinese Grand Prix,OCO,37.0,2.0,MEDIUM,8.0,97.83,1,True
2,Chinese Grand Prix,OCO,38.0,2.0,MEDIUM,9.0,97.694,1,True
2,Chinese Grand Prix,OCO,39.0,2.0,MEDIUM,10.0,98.017,1,True
2,Chinese Grand Prix,OCO,40.0,2.0,MEDIUM,11.0,98.068,1,True
2,Chinese Grand Prix,OCO,41.0,2.0,MEDIUM,12.0,97.901,1,True
2,Chinese Grand Prix,OCO,42.0,2.0,MEDIUM,13.0,98.014,1,True
2,Chinese Grand Prix,OCO,43.0,2.0,MEDIUM,14.0,99.758,1,True
2,Chinese Grand Prix,OCO,44.0,2.0,MEDIUM,15.0,97.846,1,True
2,Chinese Grand Prix,OCO,45.0,2.0,MEDIUM,16.0,99.146,1,True
2,Chinese Grand Prix,OCO,46.0,2.0,MEDIUM,17.0,103.55,1,False
2,Chinese Grand Prix,OCO,47.0,3.0,SOFT,1.0,140.887,1,False
2,Chinese Grand Prix,OCO,48.0,3.0,SOFT,2.0,96.461,1,True
2,Chinese Grand Prix,OCO,49.0,3.0,SOFT,3.0,96.746,1,True
2,Chinese Grand Prix,OCO,50.0,3.0,SOFT,4.0,96.427,1,True
2,Chinese Grand Prix,OCO,51.0,3.0,SOFT,5.0,96.476,1,True
2,Chinese Grand Prix,OCO,52.0,3.0,SOFT,6.0,97.671,12,False
2,Chinese Grand Prix,OCO,53.0,3.0,SOFT,7.0,96.642,1,True
2,Chinese Grand Prix,OCO,54.0,3.0,SOFT,8.0,95.964,1,True
2,Chinese Grand Prix,OCO,55.0,3.0,SOFT,9.0,96.281,1,True
2,Chinese Grand Prix,LIN,1.0,1.0,HARD,1.0,106.513,12,False
2,Chinese Grand Prix,LIN,2.0,1.0,HARD,2.0,101.049,1,False
2,Chinese Grand Prix,LIN,3.0,1.0,HARD,3.0,99.308,1,True
2,Chinese Grand Prix,LIN,4.0,1.0,HARD,4.0,99.298,1,True
2,Chinese Grand Prix,LIN,5.0,1.0,HARD,5.0,99.395,1,True
2,Chinese Grand Prix,LIN,6.0,1.0,HARD,6.0,99.363,1,True
2,Chinese Grand Prix,LIN,7.0,1.0,HARD,7.0,99.198,1,True
2,Chinese Grand Prix,LIN,8.0,1.0,HARD,8.0,99.45,1,True
2,Chinese Grand Prix,LIN,9.0,1.0,HARD,9.0,99.859,1,True
2,Chinese Grand Prix,LIN,10.0,1.0,HARD,10.0,113.138,124,False
2,Chinese Grand Prix,LIN,11.0,1.0,HARD,11.0,143.056,4,False
2,Chinese Grand Prix,LIN,12.0,1.0,HARD,12.0,149.824,4,False
2,Chinese Grand Prix,LIN,13.0,1.0,HARD,13.0,147.571,41,False
2,Chinese Grand Prix,LIN,14.0,1.0,HARD,14.0,100.873,1,True
2,Chinese Grand Prix,LIN,15.0,1.0,HARD,15.0,99.084,1,True
2,Chinese Grand Prix,LIN,16.0,1.0,HARD,16.0,99.328,1,True
2,Chinese Grand Prix,LIN,17.0,1.0,HARD,17.0,99.287,12,False
2,Chinese Grand Prix,LIN,18.0,1.0,HARD,18.0,99.47,21,False
2,Chinese Grand Prix,LIN,19.0,1.0,HARD,19.0,99.363,1,True
2,Chinese Grand Prix,LIN,20.0,1.0,HARD,20.0,99.466,1,True
2,Chinese Grand Prix,LIN,21.0,1.0,HARD,21.0,99.78,1,True
2,Chinese Grand Prix,LIN,22.0,1.0,HARD,22.0,99.306,1,True
2,Chinese Grand Prix,LIN,23.0,1.0,HARD,23.0,98.456,1,True
2,Chinese Grand Prix,LIN,24.0,1.0,HARD,24.0,98.975,1,True
2,Chinese Grand Prix,LIN,25.0,1.0,HARD,25.0,99.529,1,True
2,Chinese Grand Prix,LIN,26.0,1.0,HARD,26.0,99.139,1,True
2,Chinese Grand Prix,LIN,27.0,1.0,HARD,27.0,110.154,12,False
2,Chinese Grand Prix,LIN,28.0,1.0,HARD,28.0,99.843,1,True
2,Chinese Grand Prix,LIN,29.0,1.0,HARD,29.0,98.66,1,True
2,Chinese Grand Prix,LIN,30.0,1.0,HARD,30.0,98.503,1,True
2,Chinese Grand Prix,LIN,31.0,1.0,HARD,31.0,98.543,1,True
2,Chinese Grand Prix,LIN,32.0,1.0,HARD,32.0,98.387,1,True
2,Chinese Grand Prix,LIN,33.0,1.0,HARD,33.0,98.223,12,False
2,Chinese Grand Prix,LIN,34.0,1.0,HARD,34.0,98.471,1,True
2,Chinese Grand Prix,LIN,35.0,1.0,HARD,35.0,98.321,1,True
2,Chinese Grand Prix,LIN,36.0,1.0,HARD,36.0,98.052,1,True
2,Chinese Grand Prix,LIN,37.0,1.0,HARD,37.0,98.067,1,True
2,Chinese Grand Prix,LIN,38.0,1.0,HARD,38.0,97.97,1,True
2,Chinese Grand Prix,LIN,39.0,1.0,HARD,39.0,98.031,1,True
2,Chinese Grand Prix,LIN,40.0,1.0,HARD,40.0,98.037,1,True
2,Chinese Grand Prix,LIN,41.0,1.0,HARD,41.0,100.061,1,True
2,Chinese Grand Prix,LIN,42.0,1.0,HARD,42.0,103.637,1,False
2,Chinese Grand Prix,LIN,43.0,2.0,MEDIUM,1.0,117.028,1,False
2,Chinese Grand Prix,LIN,44.0,2.0,MEDIUM,2.0,96.338,1,True
2,Chinese Grand Prix,LIN,45.0,2.0,MEDIUM,3.0,96.104,1,True
2,Chinese Grand Prix,LIN,46.0,2.0,MEDIUM,4.0,96.099,1,True
2,Chinese Grand Prix,LIN,47.0,2.0,MEDIUM,5.0,96.147,1,True
2,Chinese Grand Prix,LIN,48.0,2.0,MEDIUM,6.0,96.224,1,True
2,Chinese Grand Prix,LIN,49.0,2.0,MEDIUM,7.0,96.203,1,True
2,Chinese Grand Prix,LIN,50.0,2.0,MEDIUM,8.0,96.382,1,True
2,Chinese Grand Prix,LIN,51.0,2.0,MEDIUM,9.0,96.782,1,True
2,Chinese Grand Prix,LIN,52.0,2.0,MEDIUM,10.0,96.945,12,False
2,Chinese Grand Prix,LIN,53.0,2.0,MEDIUM,11.0,97.164,1,True
2,Chinese Grand Prix,LIN,54.0,2.0,MEDIUM,12.0,97.477,1,True
2,Chinese Grand Prix,LIN,55.0,2.0,MEDIUM,13.0,97.504,1,True
2,Chinese Grand Prix,COL,1.0,1.0,HARD,1.0,105.498,12,False
2,Chinese Grand Prix,COL,2.0,1.0,HARD,2.0,99.308,1,False
2,Chinese Grand Prix,COL,3.0,1.0,HARD,3.0,98.925,1,True
2,Chinese Grand Prix,COL,4.0,1.0,HARD,4.0,98.865,1,True
2,Chinese Grand Prix,COL,5.0,1.0,HARD,5.0,98.91,1,True
2,Chinese Grand Prix,COL,6.0,1.0,HARD,6.0,98.734,1,True
2,Chinese Grand Prix,COL,7.0,1.0,HARD,7.0,98.805,1,True
2,Chinese Grand Prix,COL,8.0,1.0,HARD,8.0,98.959,1,True
2,Chinese Grand Prix,COL,9.0,1.0,HARD,9.0,99.036,1,True
2,Chinese Grand Prix,COL,10.0,1.0,HARD,10.0,111.471,124,False
2,Chinese Grand Prix,COL,11.0,1.0,HARD,11.0,146.642,4,False
2,Chinese Grand Prix,COL,12.0,1.0,HARD,12.0,149.978,4,False
2,Chinese Grand Prix,COL,13.0,1.0,HARD,13.0,,41,False
2,Chinese Grand Prix,COL,14.0,1.0,HARD,14.0,99.465,1,True
2,Chinese Grand Prix,COL,15.0,1.0,HARD,15.0,98.829,1,True
2,Chinese Grand Prix,COL,16.0,1.0,HARD,16.0,100.106,1,True
2,Chinese Grand Prix,COL,17.0,1.0,HARD,17.0,98.383,1,True
2,Chinese Grand Prix,COL,18.0,1.0,HARD,18.0,98.946,12,False
2,Chinese Grand Prix,COL,19.0,1.0,HARD,19.0,99.566,1,True
2,Chinese Grand Prix,COL,20.0,1.0,HARD,20.0,98.955,1,True
2,Chinese Grand Prix,COL,21.0,1.0,HARD,21.0,99.324,1,True
2,Chinese Grand Prix,COL,22.0,1.0,HARD,22.0,99.182,1,True
2,Chinese Grand Prix,COL,23.0,1.0,HARD,23.0,98.493,1,True
2,Chinese Grand Prix,COL,24.0,1.0,HARD,24.0,98.447,1,True
2,Chinese Grand Prix,COL,25.0,1.0,HARD,25.0,98.384,1,True
2,Chinese Grand Prix,COL,26.0,1.0,HARD,26.0,98.07,1,True
2,Chinese Grand Prix,COL,27.0,1.0,HARD,27.0,98.288,12,False
2,Chinese Grand Prix,COL,28.0,1.0,HARD,28.0,99.299,21,False
2,Chinese Grand Prix,COL,29.0,1.0,HARD,29.0,98.724,1,True
2,Chinese Grand Prix,COL,30.0,1.0,HARD,30.0,98.235,1,True
2,Chinese Grand Prix,COL,31.0,1.0,HARD,31.0,97.802,1,True
2,Chinese Grand Prix,COL,32.0,1.0,HARD,32.0,102.819,1,False
2,Chinese Grand Prix,COL,33.0,2.0,MEDIUM,1.0,124.117,12,False
2,Chinese Grand Prix,COL,34.0,2.0,MEDIUM,2.0,97.233,1,True
2,Chinese Grand Prix,COL,35.0,2.0,MEDIUM,3.0,96.783,1,True
2,Chinese Grand Prix,COL,36.0,2.0,MEDIUM,4.0,97.023,1,True
2,Chinese Grand Prix,COL,37.0,2.0,MEDIUM,5.0,96.958,1,True
2,Chinese Grand Prix,COL,38.0,2.0,MEDIUM,6.0,96.819,1,True
2,Chinese Grand Prix,COL,39.0,2.0,MEDIUM,7.0,97.217,1,True
2,Chinese Grand Prix,COL,40.0,2.0,MEDIUM,8.0,96.841,1,True
2,Chinese Grand Prix,COL,41.0,2.0,MEDIUM,9.0,97.448,1,True
2,Chinese Grand Prix,COL,42.0,2.0,MEDIUM,10.0,97.53,1,True
2,Chinese Grand Prix,COL,43.0,2.0,MEDIUM,11.0,97.381,1,True
2,Chinese Grand Prix,COL,44.0,2.0,MEDIUM,12.0,97.075,1,True
2,Chinese Grand Prix,COL,45.0,2.0,MEDIUM,13.0,97.426,1,True
2,Chinese Grand Prix,COL,46.0,2.0,MEDIUM,14.0,97.139,1,True
2,Chinese Grand Prix,COL,47.0,2.0,MEDIUM,15.0,97.504,1,True
2,Chinese Grand Prix,COL,48.0,2.0,MEDIUM,16.0,97.598,1,True
2,Chinese Grand Prix,COL,49.0,2.0,MEDIUM,17.0,99.052,1,True
2,Chinese Grand Prix,COL,50.0,2.0,MEDIUM,18.0,97.592,1,True
2,Chinese Grand Prix,COL,51.0,2.0,MEDIUM,19.0,97.781,1,True
2,Chinese Grand Prix,COL,52.0,2.0,MEDIUM,20.0,98.022,12,False
2,Chinese Grand Prix,COL,53.0,2.0,MEDIUM,21.0,99.609,1,True
2,Chinese Grand Prix,COL,54.0,2.0,MEDIUM,22.0,98.685,1,True
2,Chinese Grand Prix,COL,55.0,2.0,MEDIUM,23.0,98.237,1,True
2,Chinese Grand Prix,HAM,1.0,1.0,MEDIUM,1.0,99.448,12,False
2,Chinese Grand Prix,HAM,2.0,1.0,MEDIUM,2.0,99.561,1,False
2,Chinese Grand Prix,HAM,3.0,1.0,MEDIUM,3.0,98.587,1,True
2,Chinese Grand Prix,HAM,4.0,1.0,MEDIUM,4.0,98.234,1,True
2,Chinese Grand Prix,HAM,5.0,1.0,MEDIUM,5.0,97.636,1,True
2,Chinese Grand Prix,HAM,6.0,1.0,MEDIUM,6.0,97.962,1,True
2,Chinese Grand Prix,HAM,7.0,1.0,MEDIUM,7.0,98.221,1,True
2,Chinese Grand Prix,HAM,8.0,1.0,MEDIUM,8.0,97.929,1,True
2,Chinese Grand Prix,HAM,9.0,1.0,MEDIUM,9.0,98.371,1,True
2,Chinese Grand Prix,HAM,10.0,1.0,MEDIUM,10.0,109.946,124,False
2,Chinese Grand Prix,HAM,11.0,2.0,HARD,1.0,,4,False
2,Chinese Grand Prix,HAM,12.0,2.0,HARD,2.0,,4,False
2,Chinese Grand Prix,HAM,13.0,2.0,HARD,3.0,148.395,41,False
2,Chinese Grand Prix,HAM,14.0,2.0,HARD,4.0,98.966,1,True
2,Chinese Grand Prix,HAM,15.0,2.0,HARD,5.0,97.073,1,True
2,Chinese Grand Prix,HAM,16.0,2.0,HARD,6.0,96.931,1,True
2,Chinese Grand Prix,HAM,17.0,2.0,HARD,7.0,96.697,1,True
2,Chinese Grand Prix,HAM,18.0,2.0,HARD,8.0,97.117,12,False
2,Chinese Grand Prix,HAM,19.0,2.0,HARD,9.0,97.103,1,True
2,Chinese Grand Prix,HAM,20.0,2.0,HARD,10.0,96.915,1,True
2,Chinese Grand Prix,HAM,21.0,2.0,HARD,11.0,96.972,1,True
2,Chinese Grand Prix,HAM,22.0,2.0,HARD,12.0,97.006,1,True
2,Chinese Grand Prix,HAM,23.0,2.0,HARD,13.0,97.049,1,True
2,Chinese Grand Prix,HAM,24.0,2.0,HARD,14.0,98.223,1,True
2,Chinese Grand Prix,HAM,25.0,2.0,HARD,15.0,97.893,1,True
2,Chinese Grand Prix,HAM,26.0,2.0,HARD,16.0,96.739,1,True
2,Chinese Grand Prix,HAM,27.0,2.0,HARD,17.0,99.232,1,True
2,Chinese Grand Prix,HAM,28.0,2.0,HARD,18.0,97.218,12,False
2,Chinese Grand Prix,HAM,29.0,2.0,HARD,19.0,96.771,1,True
2,Chinese Grand Prix,HAM,30.0,2.0,HARD,20.0,96.685,1,True
2,Chinese Grand Prix,HAM,31.0,2.0,HARD,21.0,96.496,1,True
2,Chinese Grand Prix,HAM,32.0,2.0,HARD,22.0,96.629,1,True
2,Chinese Grand Prix,HAM,33.0,2.0,HARD,23.0,96.496,12,False
2,Chinese Grand Prix,HAM,34.0,2.0,HARD,24.0,96.752,1,True
2,Chinese Grand Prix,HAM,35.0,2.0,HARD,25.0,97.337,1,True
2,Chinese Grand Prix,HAM,36.0,2.0,HARD,26.0,97.001,1,True
2,Chinese Grand Prix,HAM,37.0,2.0,HARD,27.0,96.649,1,True
2,Chinese Grand Prix,HAM,38.0,2.0,HARD,28.0,96.876,1,True
2,Chinese Grand Prix,HAM,39.0,2.0,HARD,29.0,98.092,1,True
2,Chinese Grand Prix,HAM,40.0,2.0,HARD,30.0,96.952,1,True
2,Chinese Grand Prix,HAM,41.0,2.0,HARD,31.0,96.471,1,True
2,Chinese Grand Prix,HAM,42.0,2.0,HARD,32.0,96.516,1,True
2,Chinese Grand Prix,HAM,43.0,2.0,HARD,33.0,96.218,1,True
2,Chinese Grand Prix,HAM,44.0,2.0,HARD,34.0,96.24,1,True
2,Chinese Grand Prix,HAM,45.0,2.0,HARD,35.0,96.396,1,True
2,Chinese Grand Prix,HAM,46.0,2.0,HARD,36.0,96.309,1,True
2,Chinese Grand Prix,HAM,47.0,2.0,HARD,37.0,96.204,1,True
2,Chinese Grand Prix,HAM,48.0,2.0,HARD,38.0,96.151,1,True
2,Chinese Grand Prix,HAM,49.0,2.0,HARD,39.0,96.385,1,True
2,Chinese Grand Prix,HAM,50.0,2.0,HARD,40.0,96.237,1,True
2,Chinese Grand Prix,HAM,51.0,2.0,HARD,41.0,96.134,1,True
2,Chinese Grand Prix,HAM,52.0,2.0,HARD,42.0,96.296,1,True
2,Chinese Grand Prix,HAM,53.0,2.0,HARD,43.0,96.199,12,False
2,Chinese Grand Prix,HAM,54.0,2.0,HARD,44.0,96.44,1,True
2,Chinese Grand Prix,HAM,55.0,2.0,HARD,45.0,96.092,1,True
2,Chinese Grand Prix,HAM,56.0,2.0,HARD,46.0,96.103,1,True
2,Chinese Grand Prix,SAI,1.0,1.0,MEDIUM,1.0,107.507,12,False
2,Chinese Grand Prix,SAI,2.0,1.0,MEDIUM,2.0,100.743,1,False
2,Chinese Grand Prix,SAI,3.0,1.0,MEDIUM,3.0,99.987,1,True
2,Chinese Grand Prix,SAI,4.0,1.0,MEDIUM,4.0,98.988,1,True
2,Chinese Grand Prix,SAI,5.0,1.0,MEDIUM,5.0,99.754,1,True
2,Chinese Grand Prix,SAI,6.0,1.0,MEDIUM,6.0,100.138,1,True
2,Chinese Grand Prix,SAI,7.0,1.0,MEDIUM,7.0,100.631,1,True
2,Chinese Grand Prix,SAI,8.0,1.0,MEDIUM,8.0,99.913,1,True
2,Chinese Grand Prix,SAI,9.0,1.0,MEDIUM,9.0,105.134,1,False
2,Chinese Grand Prix,SAI,10.0,2.0,HARD,1.0,143.187,124,False
2,Chinese Grand Prix,SAI,11.0,2.0,HARD,2.0,135.222,4,False
2,Chinese Grand Prix,SAI,12.0,2.0,HARD,3.0,127.751,4,False
2,Chinese Grand Prix,SAI,13.0,2.0,HARD,4.0,141.35,41,False
2,Chinese Grand Prix,SAI,14.0,2.0,HARD,5.0,100.484,1,True
2,Chinese Grand Prix,SAI,15.0,2.0,HARD,6.0,99.125,1,True
2,Chinese Grand Prix,SAI,16.0,2.0,HARD,7.0,99.428,1,True
2,Chinese Grand Prix,SAI,17.0,2.0,HARD,8.0,99.029,12,False
2,Chinese Grand Prix,SAI,18.0,2.0,HARD,9.0,98.657,21,False
2,Chinese Grand Prix,SAI,19.0,2.0,HARD,10.0,99.119,1,True
2,Chinese Grand Prix,SAI,20.0,2.0,HARD,11.0,99.397,1,True
2,Chinese Grand Prix,SAI,21.0,2.0,HARD,12.0,99.144,1,True
2,Chinese Grand Prix,SAI,22.0,2.0,HARD,13.0,100.245,1,True
2,Chinese Grand Prix,SAI,23.0,2.0,HARD,14.0,99.101,1,True
2,Chinese Grand Prix,SAI,24.0,2.0,HARD,15.0,98.964,1,True
2,Chinese Grand Prix,SAI,25.0,2.0,HARD,16.0,98.754,1,True
2,Chinese Grand Prix,SAI,26.0,2.0,HARD,17.0,98.708,1,True
2,Chinese Grand Prix,SAI,27.0,2.0,HARD,18.0,99.708,12,False
2,Chinese Grand Prix,SAI,28.0,2.0,HARD,19.0,98.672,1,True
2,Chinese Grand Prix,SAI,29.0,2.0,HARD,20.0,98.814,1,True
2,Chinese Grand Prix,SAI,30.0,2.0,HARD,21.0,98.509,1,True
2,Chinese Grand Prix,SAI,31.0,2.0,HARD,22.0,98.46,1,True
2,Chinese Grand Prix,SAI,32.0,2.0,HARD,23.0,98.339,1,True
2,Chinese Grand Prix,SAI,33.0,2.0,HARD,24.0,98.462,12,False
2,Chinese Grand Prix,SAI,34.0,2.0,HARD,25.0,98.763,1,True
2,Chinese Grand Prix,SAI,35.0,2.0,HARD,26.0,98.672,1,True
2,Chinese Grand Prix,SAI,36.0,2.0,HARD,27.0,98.744,1,True
2,Chinese Grand Prix,SAI,37.0,2.0,HARD,28.0,98.48,1,True
2,Chinese Grand Prix,SAI,38.0,2.0,HARD,29.0,98.495,1,True
2,Chinese Grand Prix,SAI,39.0,2.0,HARD,30.0,98.585,1,True
2,Chinese Grand Prix,SAI,40.0,2.0,HARD,31.0,98.358,1,True
2,Chinese Grand Prix,SAI,41.0,2.0,HARD,32.0,98.421,1,True
2,Chinese Grand Prix,SAI,42.0,2.0,HARD,33.0,98.272,1,True
2,Chinese Grand Prix,SAI,43.0,2.0,HARD,34.0,98.283,1,True
2,Chinese Grand Prix,SAI,44.0,2.0,HARD,35.0,98.268,1,True
2,Chinese Grand Prix,SAI,45.0,2.0,HARD,36.0,98.104,1,True
2,Chinese Grand Prix,SAI,46.0,2.0,HARD,37.0,98.034,1,True
2,Chinese Grand Prix,SAI,47.0,2.0,HARD,38.0,98.329,1,True
2,Chinese Grand Prix,SAI,48.0,2.0,HARD,39.0,98.022,1,True
2,Chinese Grand Prix,SAI,49.0,2.0,HARD,40.0,98.022,1,True
2,Chinese Grand Prix,SAI,50.0,2.0,HARD,41.0,99.03,1,True
2,Chinese Grand Prix,SAI,51.0,2.0,HARD,42.0,97.981,1,True
2,Chinese Grand Prix,SAI,52.0,2.0,HARD,43.0,98.424,12,False
2,Chinese Grand Prix,SAI,53.0,2.0,HARD,44.0,100.087,1,True
2,Chinese Grand Prix,SAI,54.0,2.0,HARD,45.0,98.254,1,True
2,Chinese Grand Prix,SAI,55.0,2.0,HARD,46.0,98.228,1,True
2,Chinese Grand Prix,HAD,1.0,1.0,SOFT,4.0,123.643,12,False
2,Chinese Grand Prix,HAD,2.0,2.0,HARD,1.0,120.199,1,False
2,Chinese Grand Prix,HAD,3.0,2.0,HARD,2.0,98.812,1,True
2,Chinese Grand Prix,HAD,4.0,2.0,HARD,3.0,99.088,1,True
2,Chinese Grand Prix,HAD,5.0,2.0,HARD,4.0,98.824,1,True
2,Chinese Grand Prix,HAD,6.0,2.0,HARD,5.0,98.261,1,True
2,Chinese Grand Prix,HAD,7.0,2.0,HARD,6.0,98.457,1,True
2,Chinese Grand Prix,HAD,8.0,2.0,HARD,7.0,98.661,1,True
2,Chinese Grand Prix,HAD,9.0,2.0,HARD,8.0,98.662,1,True
2,Chinese Grand Prix,HAD,10.0,2.0,HARD,9.0,128.038,124,False
2,Chinese Grand Prix,HAD,11.0,3.0,HARD,1.0,,4,False
2,Chinese Grand Prix,HAD,12.0,3.0,HARD,2.0,111.211,4,False
2,Chinese Grand Prix,HAD,13.0,3.0,HARD,3.0,133.423,41,False
2,Chinese Grand Prix,HAD,14.0,3.0,HARD,4.0,99.331,1,True
2,Chinese Grand Prix,HAD,15.0,3.0,HARD,5.0,99.161,1,True
2,Chinese Grand Prix,HAD,16.0,3.0,HARD,6.0,99.689,1,True
2,Chinese Grand Prix,HAD,17.0,3.0,HARD,7.0,98.952,12,False
2,Chinese Grand Prix,HAD,18.0,3.0,HARD,8.0,98.823,21,False
2,Chinese Grand Prix,HAD,19.0,3.0,HARD,9.0,98.757,1,True
2,Chinese Grand Prix,HAD,20.0,3.0,HARD,10.0,99.269,1,True
2,Chinese Grand Prix,HAD,21.0,3.0,HARD,11.0,99.133,1,True
2,Chinese Grand Prix,HAD,22.0,3.0,HARD,12.0,98.392,1,True
2,Chinese Grand Prix,HAD,23.0,3.0,HARD,13.0,98.437,1,True
2,Chinese Grand Prix,HAD,24.0,3.0,HARD,14.0,98.88,1,True
2,Chinese Grand Prix,HAD,25.0,3.0,HARD,15.0,98.617,1,True
2,Chinese Grand Prix,HAD,26.0,3.0,HARD,16.0,98.374,1,True
2,Chinese Grand Prix,HAD,27.0,3.0,HARD,17.0,98.293,12,False
2,Chinese Grand Prix,HAD,28.0,3.0,HARD,18.0,98.359,1,True
2,Chinese Grand Prix,HAD,29.0,3.0,HARD,19.0,98.082,1,True
2,Chinese Grand Prix,HAD,30.0,3.0,HARD,20.0,97.919,1,True
2,Chinese Grand Prix,HAD,31.0,3.0,HARD,21.0,97.868,1,True
2,Chinese Grand Prix,HAD,32.0,3.0,HARD,22.0,98.089,1,True
2,Chinese Grand Prix,HAD,33.0,3.0,HARD,23.0,97.821,12,False
2,Chinese Grand Prix,HAD,34.0,3.0,HARD,24.0,98.039,1,True
2,Chinese Grand Prix,HAD,35.0,3.0,HARD,25.0,97.938,1,True
2,Chinese Grand Prix,HAD,36.0,3.0,HARD,26.0,97.754,1,True
2,Chinese Grand Prix,HAD,37.0,3.0,HARD,27.0,97.842,1,True
2,Chinese Grand Prix,HAD,38.0,3.0,HARD,28.0,97.579,1,True
2,Chinese Grand Prix,HAD,39.0,3.0,HARD,29.0,97.653,1,True
2,Chinese Grand Prix,HAD,40.0,3.0,HARD,30.0,97.935,1,True
2,Chinese Grand Prix,HAD,41.0,3.0,HARD,31.0,97.923,1,True
2,Chinese Grand Prix,HAD,42.0,3.0,HARD,32.0,97.353,1,True
2,Chinese Grand Prix,HAD,43.0,3.0,HARD,33.0,97.647,1,True
2,Chinese Grand Prix,HAD,44.0,3.0,HARD,34.0,97.359,1,True
2,Chinese Grand Prix,HAD,45.0,3.0,HARD,35.0,97.616,1,True
2,Chinese Grand Prix,HAD,46.0,3.0,HARD,36.0,97.311,1,True
2,Chinese Grand Prix,HAD,47.0,3.0,HARD,37.0,98.205,1,True
2,Chinese Grand Prix,HAD,48.0,3.0,HARD,38.0,98.006,1,True
2,Chinese Grand Prix,HAD,49.0,3.0,HARD,39.0,97.83,1,True
2,Chinese Grand Prix,HAD,50.0,3.0,HARD,40.0,97.689,1,True
2,Chinese Grand Prix,HAD,51.0,3.0,HARD,41.0,98.003,1,True
2,Chinese Grand Prix,HAD,52.0,3.0,HARD,42.0,97.805,1,True
2,Chinese Grand Prix,HAD,53.0,3.0,HARD,43.0,97.937,12,False
2,Chinese Grand Prix,HAD,54.0,3.0,HARD,44.0,97.925,1,True
2,Chinese Grand Prix,HAD,55.0,3.0,HARD,45.0,97.798,1,True
2,Chinese Grand Prix,HAD,56.0,3.0,HARD,46.0,97.544,1,True
2,Chinese Grand Prix,RUS,1.0,1.0,MEDIUM,1.0,101.815,12,False
2,Chinese Grand Prix,RUS,2.0,1.0,MEDIUM,2.0,98.075,1,False
2,Chinese Grand Prix,RUS,3.0,1.0,MEDIUM,3.0,98.125,1,True
2,Chinese Grand Prix,RUS,4.0,1.0,MEDIUM,4.0,97.093,1,True
2,Chinese Grand Prix,RUS,5.0,1.0,MEDIUM,5.0,97.462,1,True
2,Chinese Grand Prix,RUS,6.0,1.0,MEDIUM,6.0,97.375,1,True
2,Chinese Grand Prix,RUS,7.0,1.0,MEDIUM,7.0,97.383,1,True
2,Chinese Grand Prix,RUS,8.0,1.0,MEDIUM,8.0,97.266,1,True
2,Chinese Grand Prix,RUS,9.0,1.0,MEDIUM,9.0,97.261,1,True
2,Chinese Grand Prix,RUS,10.0,1.0,MEDIUM,10.0,112.779,124,False
2,Chinese Grand Prix,RUS,11.0,2.0,HARD,1.0,,4,False
2,Chinese Grand Prix,RUS,12.0,2.0,HARD,2.0,149.667,4,False
2,Chinese Grand Prix,RUS,13.0,2.0,HARD,3.0,149.28,41,False
2,Chinese Grand Prix,RUS,14.0,2.0,HARD,4.0,100.588,1,True
2,Chinese Grand Prix,RUS,15.0,2.0,HARD,5.0,98.91,1,True
2,Chinese Grand Prix,RUS,16.0,2.0,HARD,6.0,97.532,1,True
2,Chinese Grand Prix,RUS,17.0,2.0,HARD,7.0,96.42,1,True
2,Chinese Grand Prix,RUS,18.0,2.0,HARD,8.0,96.313,12,False
2,Chinese Grand Prix,RUS,19.0,2.0,HARD,9.0,96.668,1,True
2,Chinese Grand Prix,RUS,20.0,2.0,HARD,10.0,96.617,1,True
2,Chinese Grand Prix,RUS,21.0,2.0,HARD,11.0,96.663,1,True
2,Chinese Grand Prix,RUS,22.0,2.0,HARD,12.0,96.894,1,True
2,Chinese Grand Prix,RUS,23.0,2.0,HARD,13.0,96.561,1,True
2,Chinese Grand Prix,RUS,24.0,2.0,HARD,14.0,97.445,1,True
2,Chinese Grand Prix,RUS,25.0,2.0,HARD,15.0,98.063,1,True
2,Chinese Grand Prix,RUS,26.0,2.0,HARD,16.0,97.187,1,True
2,Chinese Grand Prix,RUS,27.0,2.0,HARD,17.0,97.771,1,True
2,Chinese Grand Prix,RUS,28.0,2.0,HARD,18.0,96.971,12,False
2,Chinese Grand Prix,RUS,29.0,2.0,HARD,19.0,96.158,1,True
2,Chinese Grand Prix,RUS,30.0,2.0,HARD,20.0,96.438,1,True
2,Chinese Grand Prix,RUS,31.0,2.0,HARD,21.0,96.207,1,True
2,Chinese Grand Prix,RUS,32.0,2.0,HARD,22.0,95.977,1,True
2,Chinese Grand Prix,RUS,33.0,2.0,HARD,23.0,96.107,12,False
2,Chinese Grand Prix,RUS,34.0,2.0,HARD,24.0,95.852,1,True
2,Chinese Grand Prix,RUS,35.0,2.0,HARD,25.0,96.162,1,True
2,Chinese Grand Prix,RUS,36.0,2.0,HARD,26.0,95.914,1,True
2,Chinese Grand Prix,RUS,37.0,2.0,HARD,27.0,95.531,1,True
2,Chinese Grand Prix,RUS,38.0,2.0,HARD,28.0,95.529,1,True
2,Chinese Grand Prix,RUS,39.0,2.0,HARD,29.0,95.497,1,True
2,Chinese Grand Prix,RUS,40.0,2.0,HARD,30.0,95.636,1,True
2,Chinese Grand Prix,RUS,41.0,2.0,HARD,31.0,95.641,1,True
2,Chinese Grand Prix,RUS,42.0,2.0,HARD,32.0,96.661,1,True
2,Chinese Grand Prix,RUS,43.0,2.0,HARD,33.0,95.644,1,True
2,Chinese Grand Prix,RUS,44.0,2.0,HARD,34.0,95.542,1,True
2,Chinese Grand Prix,RUS,45.0,2.0,HARD,35.0,95.677,1,True
2,Chinese Grand Prix,RUS,46.0,2.0,HARD,36.0,96.407,1,True
2,Chinese Grand Prix,RUS,47.0,2.0,HARD,37.0,95.668,1,True
2,Chinese Grand Prix,RUS,48.0,2.0,HARD,38.0,96.095,1,True
2,Chinese Grand Prix,RUS,49.0,2.0,HARD,39.0,95.87,1,True
2,Chinese Grand Prix,RUS,50.0,2.0,HARD,40.0,95.681,1,True
2,Chinese Grand Prix,RUS,51.0,2.0,HARD,41.0,95.531,1,True
2,Chinese Grand Prix,RUS,52.0,2.0,HARD,42.0,95.547,1,True
2,Chinese Grand Prix,RUS,53.0,2.0,HARD,43.0,95.691,12,False
2,Chinese Grand Prix,RUS,54.0,2.0,HARD,44.0,96.457,1,True
2,Chinese Grand Prix,RUS,55.0,2.0,HARD,45.0,95.695,1,True
2,Chinese Grand Prix,RUS,56.0,2.0,HARD,46.0,95.4,1,True
2,Chinese Grand Prix,BOT,1.0,1.0,MEDIUM,1.0,108.335,12,False
2,Chinese Grand Prix,BOT,2.0,1.0,MEDIUM,2.0,101.601,1,False
2,Chinese Grand Prix,BOT,3.0,1.0,MEDIUM,3.0,101.829,1,True
2,Chinese Grand Prix,BOT,4.0,1.0,MEDIUM,4.0,100.904,1,True
2,Chinese Grand Prix,BOT,5.0,1.0,MEDIUM,5.0,101.396,1,True
2,Chinese Grand Prix,BOT,6.0,1.0,MEDIUM,6.0,100.278,1,True
2,Chinese Grand Prix,BOT,7.0,1.0,MEDIUM,7.0,100.875,1,True
2,Chinese Grand Prix,BOT,8.0,1.0,MEDIUM,8.0,101.258,1,True
2,Chinese Grand Prix,BOT,9.0,1.0,MEDIUM,9.0,101.349,1,True
2,Chinese Grand Prix,BOT,10.0,1.0,MEDIUM,10.0,125.131,124,False
2,Chinese Grand Prix,BOT,11.0,2.0,HARD,1.0,,4,False
2,Chinese Grand Prix,BOT,12.0,2.0,HARD,2.0,121.448,4,False
2,Chinese Grand Prix,BOT,13.0,2.0,HARD,3.0,139.819,41,False
2,Chinese Grand Prix,BOT,14.0,2.0,HARD,4.0,101.294,1,True
2,Chinese Grand Prix,BOT,15.0,2.0,HARD,5.0,100.006,1,True
2,Chinese Grand Prix,BOT,16.0,2.0,HARD,6.0,99.739,1,True
2,Chinese Grand Prix,BOT,17.0,2.0,HARD,7.0,100.23,12,False
2,Chinese Grand Prix,BOT,18.0,2.0,HARD,8.0,100.099,21,False
2,Chinese Grand Prix,BOT,19.0,2.0,HARD,9.0,100.164,1,True
2,Chinese Grand Prix,BOT,20.0,2.0,HARD,10.0,99.976,1,True
2,Chinese Grand Prix,BOT,21.0,2.0,HARD,11.0,100.045,1,True
2,Chinese Grand Prix,BOT,22.0,2.0,HARD,12.0,99.813,1,True
2,Chinese Grand Prix,BOT,23.0,2.0,HARD,13.0,99.967,1,True
2,Chinese Grand Prix,BOT,24.0,2.0,HARD,14.0,99.846,1,True
2,Chinese Grand Prix,BOT,25.0,2.0,HARD,15.0,99.813,1,True
2,Chinese Grand Prix,BOT,26.0,2.0,HARD,16.0,99.744,1,True
2,Chinese Grand Prix,BOT,27.0,2.0,HARD,17.0,100.805,12,False
2,Chinese Grand Prix,BOT,28.0,2.0,HARD,18.0,99.636,1,True
2,Chinese Grand Prix,BOT,29.0,2.0,HARD,19.0,99.566,1,True
2,Chinese Grand Prix,BOT,30.0,2.0,HARD,20.0,99.692,1,True
2,Chinese Grand Prix,BOT,31.0,2.0,HARD,21.0,99.768,1,True
2,Chinese Grand Prix,BOT,32.0,2.0,HARD,22.0,99.542,1,True
2,Chinese Grand Prix,BOT,33.0,2.0,HARD,23.0,101.146,12,False
2,Chinese Grand Prix,BOT,34.0,2.0,HARD,24.0,99.695,1,True
2,Chinese Grand Prix,BOT,35.0,2.0,HARD,25.0,99.539,1,True
2,Chinese Grand Prix,BOT,36.0,2.0,HARD,26.0,100.552,1,True
2,Chinese Grand Prix,BOT,37.0,2.0,HARD,27.0,99.444,1,True
2,Chinese Grand Prix,BOT,38.0,2.0,HARD,28.0,100.047,1,True
2,Chinese Grand Prix,BOT,39.0,2.0,HARD,29.0,99.734,1,True
2,Chinese Grand Prix,BOT,40.0,2.0,HARD,30.0,100.571,1,True
2,Chinese Grand Prix,BOT,41.0,2.0,HARD,31.0,100.077,1,True
2,Chinese Grand Prix,BOT,42.0,2.0,HARD,32.0,99.02,1,True
2,Chinese Grand Prix,BOT,43.0,2.0,HARD,33.0,99.461,1,True
2,Chinese Grand Prix,BOT,44.0,2.0,HARD,34.0,98.914,1,True
2,Chinese Grand Prix,BOT,45.0,2.0,HARD,35.0,100.379,1,True
2,Chinese Grand Prix,BOT,46.0,2.0,HARD,36.0,99.658,1,True
2,Chinese Grand Prix,BOT,47.0,2.0,HARD,37.0,98.93,1,True
2,Chinese Grand Prix,BOT,48.0,2.0,HARD,38.0,99.135,1,True
2,Chinese Grand Prix,BOT,49.0,2.0,HARD,39.0,99.212,1,True
2,Chinese Grand Prix,BOT,50.0,2.0,HARD,40.0,99.327,1,True
2,Chinese Grand Prix,BOT,51.0,2.0,HARD,41.0,99.581,1,True
2,Chinese Grand Prix,BOT,52.0,2.0,HARD,42.0,99.423,12,False
2,Chinese Grand Prix,BOT,53.0,2.0,HARD,43.0,99.353,1,True
2,Chinese Grand Prix,BOT,54.0,2.0,HARD,44.0,99.423,1,True
2,Chinese Grand Prix,BOT,55.0,2.0,HARD,45.0,98.393,1,True
2,Chinese Grand Prix,BEA,1.0,1.0,MEDIUM,1.0,107.851,12,False
2,Chinese Grand Prix,BEA,2.0,1.0,MEDIUM,2.0,101.136,1,False
2,Chinese Grand Prix,BEA,3.0,1.0,MEDIUM,3.0,99.715,1,True
2,Chinese Grand Prix,BEA,4.0,1.0,MEDIUM,4.0,99.18,1,True
2,Chinese Grand Prix,BEA,5.0,1.0,MEDIUM,5.0,99.504,1,True
2,Chinese Grand Prix,BEA,6.0,1.0,MEDIUM,6.0,98.61,1,True
2,Chinese Grand Prix,BEA,7.0,1.0,MEDIUM,7.0,99.323,1,True
2,Chinese Grand Prix,BEA,8.0,1.0,MEDIUM,8.0,99.436,1,True
2,Chinese Grand Prix,BEA,9.0,1.0,MEDIUM,9.0,99.71,1,True
2,Chinese Grand Prix,BEA,10.0,1.0,MEDIUM,10.0,117.43,124,False
2,Chinese Grand Prix,BEA,11.0,2.0,HARD,1.0,,4,False
2,Chinese Grand Prix,BEA,12.0,2.0,HARD,2.0,140.475,4,False
2,Chinese Grand Prix,BEA,13.0,2.0,HARD,3.0,144.54,41,False
2,Chinese Grand Prix,BEA,14.0,2.0,HARD,4.0,99.24,1,True
2,Chinese Grand Prix,BEA,15.0,2.0,HARD,5.0,99.289,1,True
2,Chinese Grand Prix,BEA,16.0,2.0,HARD,6.0,98.269,1,True
2,Chinese Grand Prix,BEA,17.0,2.0,HARD,7.0,98.343,1,True
2,Chinese Grand Prix,BEA,18.0,2.0,HARD,8.0,98.197,12,False
2,Chinese Grand Prix,BEA,19.0,2.0,HARD,9.0,99.009,1,True
2,Chinese Grand Prix,BEA,20.0,2.0,HARD,10.0,98.618,1,True
2,Chinese Grand Prix,BEA,21.0,2.0,HARD,11.0,98.526,1,True
2,Chinese Grand Prix,BEA,22.0,2.0,HARD,12.0,97.867,1,True
2,Chinese Grand Prix,BEA,23.0,2.0,HARD,13.0,97.615,1,True
2,Chinese Grand Prix,BEA,24.0,2.0,HARD,14.0,97.86,1,True
2,Chinese Grand Prix,BEA,25.0,2.0,HARD,15.0,97.68,1,True
2,Chinese Grand Prix,BEA,26.0,2.0,HARD,16.0,97.392,1,True
2,Chinese Grand Prix,BEA,27.0,2.0,HARD,17.0,97.405,1,True
2,Chinese Grand Prix,BEA,28.0,2.0,HARD,18.0,97.638,12,False
2,Chinese Grand Prix,BEA,29.0,2.0,HARD,19.0,97.684,1,True
2,Chinese Grand Prix,BEA,30.0,2.0,HARD,20.0,97.276,1,True
2,Chinese Grand Prix,BEA,31.0,2.0,HARD,21.0,97.583,1,True
2,Chinese Grand Prix,BEA,32.0,2.0,HARD,22.0,97.496,1,True
2,Chinese Grand Prix,BEA,33.0,2.0,HARD,23.0,97.267,12,False
2,Chinese Grand Prix,BEA,34.0,2.0,HARD,24.0,97.395,1,True
2,Chinese Grand Prix,BEA,35.0,2.0,HARD,25.0,97.42,1,True
2,Chinese Grand Prix,BEA,36.0,2.0,HARD,26.0,97.48,1,True
2,Chinese Grand Prix,BEA,37.0,2.0,HARD,27.0,97.242,1,True
2,Chinese Grand Prix,BEA,38.0,2.0,HARD,28.0,97.222,1,True
2,Chinese Grand Prix,BEA,39.0,2.0,HARD,29.0,97.043,1,True
2,Chinese Grand Prix,BEA,40.0,2.0,HARD,30.0,97.153,1,True
2,Chinese Grand Prix,BEA,41.0,2.0,HARD,31.0,97.029,1,True
2,Chinese Grand Prix,BEA,42.0,2.0,HARD,32.0,97.712,1,True
2,Chinese Grand Prix,BEA,43.0,2.0,HARD,33.0,97.214,1,True
2,Chinese Grand Prix,BEA,44.0,2.0,HARD,34.0,97.416,1,True
2,Chinese Grand Prix,BEA,45.0,2.0,HARD,35.0,97.232,1,True
2,Chinese Grand Prix,BEA,46.0,2.0,HARD,36.0,97.301,1,True
2,Chinese Grand Prix,BEA,47.0,2.0,HARD,37.0,96.805,1,True
2,Chinese Grand Prix,BEA,48.0,2.0,HARD,38.0,97.238,1,True
2,Chinese Grand Prix,BEA,49.0,2.0,HARD,39.0,97.642,1,True
2,Chinese Grand Prix,BEA,50.0,2.0,HARD,40.0,96.989,1,True
2,Chinese Grand Prix,BEA,51.0,2.0,HARD,41.0,96.825,1,True
2,Chinese Grand Prix,BEA,52.0,2.0,HARD,42.0,96.778,1,True
2,Chinese Grand Prix,BEA,53.0,2.0,HARD,43.0,96.68,12,False
2,Chinese Grand Prix,BEA,54.0,2.0,HARD,44.0,96.788,1,True
2,Chinese Grand Prix,BEA,55.0,2.0,HARD,45.0,96.648,1,True
2,Chinese Grand Prix,BEA,56.0,2.0,HARD,46.0,96.429,1,True
3,Japanese Grand Prix,NOR,1.0,1.0,MEDIUM,1.0,97.206,1,False
3,Japanese Grand Prix,NOR,2.0,1.0,MEDIUM,2.0,94.905,1,False
3,Japanese Grand Prix,NOR,3.0,1.0,MEDIUM,3.0,96.301,1,True
3,Japanese Grand Prix,NOR,4.0,1.0,MEDIUM,4.0,95.451,1,True
3,Japanese Grand Prix,NOR,5.0,1.0,MEDIUM,5.0,95.17,1,True
3,Japanese Grand Prix,NOR,6.0,1.0,MEDIUM,6.0,95.051,1,True
3,Japanese Grand Prix,NOR,7.0,1.0,MEDIUM,7.0,95.045,1,True
3,Japanese Grand Prix,NOR,8.0,1.0,MEDIUM,8.0,95.247,1,True
3,Japanese Grand Prix,NOR,9.0,1.0,MEDIUM,9.0,95.672,1,True
3,Japanese Grand Prix,NOR,10.0,1.0,MEDIUM,10.0,95.228,1,True
3,Japanese Grand Prix,NOR,11.0,1.0,MEDIUM,11.0,96.219,1,True
3,Japanese Grand Prix,NOR,12.0,1.0,MEDIUM,12.0,95.457,1,True
3,Japanese Grand Prix,NOR,13.0,1.0,MEDIUM,13.0,95.079,1,True
3,Japanese Grand Prix,NOR,14.0,1.0,MEDIUM,14.0,95.339,1,True
3,Japanese Grand Prix,NOR,15.0,1.0,MEDIUM,15.0,95.315,1,True
3,Japanese Grand Prix,NOR,16.0,1.0,MEDIUM,16.0,98.222,1,False
3,Japanese Grand Prix,NOR,17.0,2.0,HARD,1.0,114.481,1,False
3,Japanese Grand Prix,NOR,18.0,2.0,HARD,2.0,94.916,1,True
3,Japanese Grand Prix,NOR,19.0,2.0,HARD,3.0,94.285,1,True
3,Japanese Grand Prix,NOR,20.0,2.0,HARD,4.0,93.771,1,True
3,Japanese Grand Prix,NOR,21.0,2.0,HARD,5.0,94.161,1,True
3,Japanese Grand Prix,NOR,22.0,2.0,HARD,6.0,120.54,124,False
3,Japanese Grand Prix,NOR,23.0,2.0,HARD,7.0,139.586,4,False
3,Japanese Grand Prix,NOR,24.0,2.0,HARD,8.0,147.128,4,False
3,Japanese Grand Prix,NOR,25.0,2.0,HARD,9.0,,4,False
3,Japanese Grand Prix,NOR,26.0,2.0,HARD,10.0,146.957,4,False
3,Japanese Grand Prix,NOR,27.0,2.0,HARD,11.0,140.302,41,False
3,Japanese Grand Prix,NOR,28.0,2.0,HARD,12.0,95.248,1,True
3,Japanese Grand Prix,NOR,29.0,2.0,HARD,13.0,94.083,1,True
3,Japanese Grand Prix,NOR,30.0,2.0,HARD,14.0,93.851,1,True
3,Japanese Grand Prix,NOR,31.0,2.0,HARD,15.0,94.131,1,True
3,Japanese Grand Prix,NOR,32.0,2.0,HARD,16.0,94.419,1,True
3,Japanese Grand Prix,NOR,33.0,2.0,HARD,17.0,93.787,1,True
3,Japanese Grand Prix,NOR,34.0,2.0,HARD,18.0,93.494,1,True
3,Japanese Grand Prix,NOR,35.0,2.0,HARD,19.0,93.58,1,True
3,Japanese Grand Prix,NOR,36.0,2.0,HARD,20.0,93.359,1,True
3,Japanese Grand Prix,NOR,37.0,2.0,HARD,21.0,93.602,1,True
3,Japanese Grand Prix,NOR,38.0,2.0,HARD,22.0,93.455,1,True
3,Japanese Grand Prix,NOR,39.0,2.0,HARD,23.0,93.679,1,True
3,Japanese Grand Prix,NOR,40.0,2.0,HARD,24.0,93.347,1,True
3,Japanese Grand Prix,NOR,41.0,2.0,HARD,25.0,93.398,1,True
3,Japanese Grand Prix,NOR,42.0,2.0,HARD,26.0,93.702,1,True
3,Japanese Grand Prix,NOR,43.0,2.0,HARD,27.0,93.927,1,True
3,Japanese Grand Prix,NOR,44.0,2.0,HARD,28.0,93.362,1,True
3,Japanese Grand Prix,NOR,45.0,2.0,HARD,29.0,93.521,1,True
3,Japanese Grand Prix,NOR,46.0,2.0,HARD,30.0,93.437,1,True
3,Japanese Grand Prix,NOR,47.0,2.0,HARD,31.0,93.624,1,True
3,Japanese Grand Prix,NOR,48.0,2.0,HARD,32.0,94.608,1,True
3,Japanese Grand Prix,NOR,49.0,2.0,HARD,33.0,93.483,1,True
3,Japanese Grand Prix,NOR,50.0,2.0,HARD,34.0,94.087,1,True
3,Japanese Grand Prix,NOR,51.0,2.0,HARD,35.0,95.007,1,True
3,Japanese Grand Prix,NOR,52.0,2.0,HARD,36.0,93.208,1,True
3,Japanese Grand Prix,NOR,53.0,2.0,HARD,37.0,93.56,1,True
3,Japanese Grand Prix,GAS,1.0,1.0,MEDIUM,1.0,99.651,1,False
3,Japanese Grand Prix,GAS,2.0,1.0,MEDIUM,2.0,95.436,1,False
3,Japanese Grand Prix,GAS,3.0,1.0,MEDIUM,3.0,95.809,1,True
3,Japanese Grand Prix,GAS,4.0,1.0,MEDIUM,4.0,95.899,1,True
3,Japanese Grand Prix,GAS,5.0,1.0,MEDIUM,5.0,95.872,1,True
3,Japanese Grand Prix,GAS,6.0,1.0,MEDIUM,6.0,96.143,1,True
3,Japanese Grand Prix,GAS,7.0,1.0,MEDIUM,7.0,95.944,1,True
3,Japanese Grand Prix,GAS,8.0,1.0,MEDIUM,8.0,95.566,1,True
3,Japanese Grand Prix,GAS,9.0,1.0,MEDIUM,9.0,95.616,1,True
3,Japanese Grand Prix,GAS,10.0,1.0,MEDIUM,10.0,95.871,1,True
3,Japanese Grand Prix,GAS,11.0,1.0,MEDIUM,11.0,95.717,1,True
3,Japanese Grand Prix,GAS,12.0,1.0,MEDIUM,12.0,95.524,1,True
3,Japanese Grand Prix,GAS,13.0,1.0,MEDIUM,13.0,95.928,1,True
3,Japanese Grand Prix,GAS,14.0,1.0,MEDIUM,14.0,96.11,1,True
3,Japanese Grand Prix,GAS,15.0,1.0,MEDIUM,15.0,95.94,1,True
3,Japanese Grand Prix,GAS,16.0,1.0,MEDIUM,16.0,95.837,1,True
3,Japanese Grand Prix,GAS,17.0,1.0,MEDIUM,17.0,95.906,1,True
3,Japanese Grand Prix,GAS,18.0,1.0,MEDIUM,18.0,95.825,1,True
3,Japanese Grand Prix,GAS,19.0,1.0,MEDIUM,19.0,95.802,1,True
3,Japanese Grand Prix,GAS,20.0,1.0,MEDIUM,20.0,95.528,1,True
3,Japanese Grand Prix,GAS,21.0,1.0,MEDIUM,21.0,95.655,1,True
3,Japanese Grand Prix,GAS,22.0,1.0,MEDIUM,22.0,120.96,124,False
3,Japanese Grand Prix,GAS,23.0,2.0,HARD,1.0,148.721,4,False
3,Japanese Grand Prix,GAS,24.0,2.0,HARD,2.0,146.25,4,False
3,Japanese Grand Prix,GAS,25.0,2.0,HARD,3.0,,4,False
3,Japanese Grand Prix,GAS,26.0,2.0,HARD,4.0,146.896,4,False
3,Japanese Grand Prix,GAS,27.0,2.0,HARD,5.0,139.854,41,False
3,Japanese Grand Prix,GAS,28.0,2.0,HARD,6.0,95.812,1,True
3,Japanese Grand Prix,GAS,29.0,2.0,HARD,7.0,94.096,1,True
3,Japanese Grand Prix,GAS,30.0,2.0,HARD,8.0,94.792,1,True
3,Japanese Grand Prix,GAS,31.0,2.0,HARD,9.0,93.999,1,True
3,Japanese Grand Prix,GAS,32.0,2.0,HARD,10.0,94.066,1,True
3,Japanese Grand Prix,GAS,33.0,2.0,HARD,11.0,93.823,1,True
3,Japanese Grand Prix,GAS,34.0,2.0,HARD,12.0,94.021,1,True
3,Japanese Grand Prix,GAS,35.0,2.0,HARD,13.0,93.864,1,True
3,Japanese Grand Prix,GAS,36.0,2.0,HARD,14.0,94.029,1,True
3,Japanese Grand Prix,GAS,37.0,2.0,HARD,15.0,93.839,1,True
3,Japanese Grand Prix,GAS,38.0,2.0,HARD,16.0,94.051,1,True
3,Japanese Grand Prix,GAS,39.0,2.0,HARD,17.0,93.691,1,True
3,Japanese Grand Prix,GAS,40.0,2.0,HARD,18.0,93.776,1,True
3,Japanese Grand Prix,GAS,41.0,2.0,HARD,19.0,93.693,1,True
3,Japanese Grand Prix,GAS,42.0,2.0,HARD,20.0,93.891,1,True
3,Japanese Grand Prix,GAS,43.0,2.0,HARD,21.0,94.329,1,True
3,Japanese Grand Prix,GAS,44.0,2.0,HARD,22.0,94.457,1,True
3,Japanese Grand Prix,GAS,45.0,2.0,HARD,23.0,94.071,1,True
3,Japanese Grand Prix,GAS,46.0,2.0,HARD,24.0,93.861,1,True
3,Japanese Grand Prix,GAS,47.0,2.0,HARD,25.0,94.063,1,True
3,Japanese Grand Prix,GAS,48.0,2.0,HARD,26.0,94.619,1,True
3,Japanese Grand Prix,GAS,49.0,2.0,HARD,27.0,93.824,1,True
3,Japanese Grand Prix,GAS,50.0,2.0,HARD,28.0,94.222,1,True
3,Japanese Grand Prix,GAS,51.0,2.0,HARD,29.0,93.827,1,True
3,Japanese Grand Prix,GAS,52.0,2.0,HARD,30.0,94.097,1,True
3,Japanese Grand Prix,GAS,53.0,2.0,HARD,31.0,94.169,1,True
3,Japanese Grand Prix,PER,1.0,1.0,MEDIUM,1.0,105.73,1,False
3,Japanese Grand Prix,PER,2.0,1.0,MEDIUM,2.0,97.947,1,False
3,Japanese Grand Prix,PER,3.0,1.0,MEDIUM,3.0,98.292,1,True
3,Japanese Grand Prix,PER,4.0,1.0,MEDIUM,4.0,97.934,1,True
3,Japanese Grand Prix,PER,5.0,1.0,MEDIUM,5.0,97.605,1,True
3,Japanese Grand Prix,PER,6.0,1.0,MEDIUM,6.0,98.037,1,True
3,Japanese Grand Prix,PER,7.0,1.0,MEDIUM,7.0,98.207,1,True
3,Japanese Grand Prix,PER,8.0,1.0,MEDIUM,8.0,98.126,1,True
3,Japanese Grand Prix,PER,9.0,1.0,MEDIUM,9.0,97.999,1,True
3,Japanese Grand Prix,PER,10.0,1.0,MEDIUM,10.0,98.258,1,True
3,Japanese Grand Prix,PER,11.0,1.0,MEDIUM,11.0,97.864,1,True
3,Japanese Grand Prix,PER,12.0,1.0,MEDIUM,12.0,97.952,1,True
3,Japanese Grand Prix,PER,13.0,1.0,MEDIUM,13.0,97.942,1,True
3,Japanese Grand Prix,PER,14.0,1.0,MEDIUM,14.0,97.902,1,True
3,Japanese Grand Prix,PER,15.0,1.0,MEDIUM,15.0,98.076,1,True
3,Japanese Grand Prix,PER,16.0,1.0,MEDIUM,16.0,97.789,1,True
3,Japanese Grand Prix,PER,17.0,1.0,MEDIUM,17.0,97.91,1,True
3,Japanese Grand Prix,PER,18.0,1.0,MEDIUM,18.0,99.088,1,True
3,Japanese Grand Prix,PER,19.0,1.0,MEDIUM,19.0,97.961,1,True
3,Japanese Grand Prix,PER,20.0,1.0,MEDIUM,20.0,98.735,1,True
3,Japanese Grand Prix,PER,21.0,1.0,MEDIUM,21.0,108.146,124,False
3,Japanese Grand Prix,PER,22.0,2.0,HARD,1.0,146.275,4,False
3,Japanese Grand Prix,PER,23.0,2.0,HARD,2.0,107.84,4,False
3,Japanese Grand Prix,PER,24.0,2.0,HARD,3.0,113.513,4,False
3,Japanese Grand Prix,PER,25.0,2.0,HARD,4.0,148.789,4,False
3,Japanese Grand Prix,PER,26.0,2.0,HARD,5.0,147.716,4,False
3,Japanese Grand Prix,PER,27.0,2.0,HARD,6.0,132.022,41,False
3,Japanese Grand Prix,PER,28.0,2.0,HARD,7.0,96.988,1,True
3,Japanese Grand Prix,PER,29.0,2.0,HARD,8.0,96.293,1,True
3,Japanese Grand Prix,PER,30.0,2.0,HARD,9.0,96.86,1,True
3,Japanese Grand Prix,PER,31.0,2.0,HARD,10.0,96.192,1,True
3,Japanese Grand Prix,PER,32.0,2.0,HARD,11.0,96.564,1,True
3,Japanese Grand Prix,PER,33.0,2.0,HARD,12.0,96.366,1,True
3,Japanese Grand Prix,PER,34.0,2.0,HARD,13.0,96.37,1,True
3,Japanese Grand Prix,PER,35.0,2.0,HARD,14.0,96.07,1,True
3,Japanese Grand Prix,PER,36.0,2.0,HARD,15.0,96.238,1,True
3,Japanese Grand Prix,PER,37.0,2.0,HARD,16.0,96.249,1,True
3,Japanese Grand Prix,PER,38.0,2.0,HARD,17.0,96.365,1,True
3,Japanese Grand Prix,PER,39.0,2.0,HARD,18.0,96.059,1,True
3,Japanese Grand Prix,PER,40.0,2.0,HARD,19.0,96.26,1,True
3,Japanese Grand Prix,PER,41.0,2.0,HARD,20.0,96.621,1,True
3,Japanese Grand Prix,PER,42.0,2.0,HARD,21.0,96.226,1,True
3,Japanese Grand Prix,PER,43.0,2.0,HARD,22.0,96.354,1,True
3,Japanese Grand Prix,PER,44.0,2.0,HARD,23.0,96.229,1,True
3,Japanese Grand Prix,PER,45.0,2.0,HARD,24.0,96.161,1,True
3,Japanese Grand Prix,PER,46.0,2.0,HARD,25.0,96.088,1,True
3,Japanese Grand Prix,PER,47.0,2.0,HARD,26.0,96.104,1,True
3,Japanese Grand Prix,PER,48.0,2.0,HARD,27.0,95.96,1,True
3,Japanese Grand Prix,PER,49.0,2.0,HARD,28.0,96.18,1,True
3,Japanese Grand Prix,PER,50.0,2.0,HARD,29.0,96.069,1,True
3,Japanese Grand Prix,PER,51.0,2.0,HARD,30.0,95.994,1,True
3,Japanese Grand Prix,PER,52.0,2.0,HARD,31.0,95.704,1,True
3,Japanese Grand Prix,PER,53.0,2.0,HARD,32.0,95.637,1,True
3,Japanese Grand Prix,ANT,1.0,1.0,MEDIUM,1.0,98.784,1,False
3,Japanese Grand Prix,ANT,2.0,1.0,MEDIUM,2.0,94.475,1,False
3,Japanese Grand Prix,ANT,3.0,1.0,MEDIUM,3.0,95.536,1,True
3,Japanese Grand Prix,ANT,4.0,1.0,MEDIUM,4.0,95.523,1,True
3,Japanese Grand Prix,ANT,5.0,1.0,MEDIUM,5.0,95.24,1,True
3,Japanese Grand Prix,ANT,6.0,1.0,MEDIUM,6.0,94.962,1,True
3,Japanese Grand Prix,ANT,7.0,1.0,MEDIUM,7.0,95.076,1,True
3,Japanese Grand Prix,ANT,8.0,1.0,MEDIUM,8.0,95.203,1,True
3,Japanese Grand Prix,ANT,9.0,1.0,MEDIUM,9.0,95.534,1,True
3,Japanese Grand Prix,ANT,10.0,1.0,MEDIUM,10.0,95.41,1,True
3,Japanese Grand Prix,ANT,11.0,1.0,MEDIUM,11.0,95.115,1,True
3,Japanese Grand Prix,ANT,12.0,1.0,MEDIUM,12.0,95.027,1,True
3,Japanese Grand Prix,ANT,13.0,1.0,MEDIUM,13.0,94.944,1,True
3,Japanese Grand Prix,ANT,14.0,1.0,MEDIUM,14.0,95.261,1,True
3,Japanese Grand Prix,ANT,15.0,1.0,MEDIUM,15.0,95.377,1,True
3,Japanese Grand Prix,ANT,16.0,1.0,MEDIUM,16.0,96.164,1,True
3,Japanese Grand Prix,ANT,17.0,1.0,MEDIUM,17.0,94.686,1,True
3,Japanese Grand Prix,ANT,18.0,1.0,MEDIUM,18.0,94.095,1,True
3,Japanese Grand Prix,ANT,19.0,1.0,MEDIUM,19.0,94.343,1,True
3,Japanese Grand Prix,ANT,20.0,1.0,MEDIUM,20.0,94.241,1,True
3,Japanese Grand Prix,ANT,21.0,1.0,MEDIUM,21.0,93.948,1,True
3,Japanese Grand Prix,ANT,22.0,1.0,MEDIUM,22.0,113.376,124,False
3,Japanese Grand Prix,ANT,23.0,2.0,HARD,1.0,,4,False
3,Japanese Grand Prix,ANT,24.0,2.0,HARD,2.0,,4,False
3,Japanese Grand Prix,ANT,25.0,2.0,HARD,3.0,,4,False
3,Japanese Grand Prix,ANT,26.0,2.0,HARD,4.0,146.03,4,False
3,Japanese Grand Prix,ANT,27.0,2.0,HARD,5.0,146.237,41,False
3,Japanese Grand Prix,ANT,28.0,2.0,HARD,6.0,93.649,1,True
3,Japanese Grand Prix,ANT,29.0,2.0,HARD,7.0,93.367,1,True
3,Japanese Grand Prix,ANT,30.0,2.0,HARD,8.0,92.859,1,True
3,Japanese Grand Prix,ANT,31.0,2.0,HARD,9.0,93.258,1,True
3,Japanese Grand Prix,ANT,32.0,2.0,HARD,10.0,92.868,1,True
3,Japanese Grand Prix,ANT,33.0,2.0,HARD,11.0,92.999,1,True
3,Japanese Grand Prix,ANT,34.0,2.0,HARD,12.0,92.909,1,True
3,Japanese Grand Prix,ANT,35.0,2.0,HARD,13.0,92.912,1,True
3,Japanese Grand Prix,ANT,36.0,2.0,HARD,14.0,92.933,1,True
3,Japanese Grand Prix,ANT,37.0,2.0,HARD,15.0,92.984,1,True
3,Japanese Grand Prix,ANT,38.0,2.0,HARD,16.0,92.955,1,True
3,Japanese Grand Prix,ANT,39.0,2.0,HARD,17.0,92.731,1,True
3,Japanese Grand Prix,ANT,40.0,2.0,HARD,18.0,92.993,1,True
3,Japanese Grand Prix,ANT,41.0,2.0,HARD,19.0,92.736,1,True
3,Japanese Grand Prix,ANT,42.0,2.0,HARD,20.0,92.826,1,True
3,Japanese Grand Prix,ANT,43.0,2.0,HARD,21.0,92.538,1,True
3,Japanese Grand Prix,ANT,44.0,2.0,HARD,22.0,92.57,1,True
3,Japanese Grand Prix,ANT,45.0,2.0,HARD,23.0,92.819,1,True
3,Japanese Grand Prix,ANT,46.0,2.0,HARD,24.0,92.722,1,True
3,Japanese Grand Prix,ANT,47.0,2.0,HARD,25.0,93.211,1,True
3,Japanese Grand Prix,ANT,48.0,2.0,HARD,26.0,93.589,1,True
3,Japanese Grand Prix,ANT,49.0,2.0,HARD,27.0,92.432,1,True
3,Japanese Grand Prix,ANT,50.0,2.0,HARD,28.0,93.352,1,True
3,Japanese Grand Prix,ANT,51.0,2.0,HARD,29.0,92.889,1,True
3,Japanese Grand Prix,ANT,52.0,2.0,HARD,30.0,92.925,1,True
3,Japanese Grand Prix,ANT,53.0,2.0,HARD,31.0,94.063,1,True
3,Japanese Grand Prix,ALO,1.0,1.0,MEDIUM,1.0,107.044,1,False
3,Japanese Grand Prix,ALO,2.0,1.0,MEDIUM,2.0,98.589,1,False
3,Japanese Grand Prix,ALO,3.0,1.0,MEDIUM,3.0,98.501,1,True
3,Japanese Grand Prix,ALO,4.0,1.0,MEDIUM,4.0,98.517,1,True
3,Japanese Grand Prix,ALO,5.0,1.0,MEDIUM,5.0,98.528,1,True
3,Japanese Grand Prix,ALO,6.0,1.0,MEDIUM,6.0,98.652,1,True
3,Japanese Grand Prix,ALO,7.0,1.0,MEDIUM,7.0,98.592,1,True
3,Japanese Grand Prix,ALO,8.0,1.0,MEDIUM,8.0,98.889,1,True
3,Japanese Grand Prix,ALO,9.0,1.0,MEDIUM,9.0,98.296,1,True
3,Japanese Grand Prix,ALO,10.0,1.0,MEDIUM,10.0,98.487,1,True
3,Japanese Grand Prix,ALO,11.0,1.0,MEDIUM,11.0,97.866,1,True
3,Japanese Grand Prix,ALO,12.0,1.0,MEDIUM,12.0,98.235,1,True
3,Japanese Grand Prix,ALO,13.0,1.0,MEDIUM,13.0,98.591,1,True
3,Japanese Grand Prix,ALO,14.0,1.0,MEDIUM,14.0,98.222,1,True
3,Japanese Grand Prix,ALO,15.0,1.0,MEDIUM,15.0,98.641,1,True
3,Japanese Grand Prix,ALO,16.0,1.0,MEDIUM,16.0,98.731,1,True
3,Japanese Grand Prix,ALO,17.0,1.0,MEDIUM,17.0,98.303,1,True
3,Japanese Grand Prix,ALO,18.0,1.0,MEDIUM,18.0,98.504,1,True
3,Japanese Grand Prix,ALO,19.0,1.0,MEDIUM,19.0,98.602,1,True
3,Japanese Grand Prix,ALO,20.0,1.0,MEDIUM,20.0,98.18,1,True
3,Japanese Grand Prix,ALO,21.0,1.0,MEDIUM,21.0,119.021,124,False
3,Japanese Grand Prix,ALO,22.0,2.0,HARD,1.0,144.568,4,False
3,Japanese Grand Prix,ALO,23.0,2.0,HARD,2.0,113.088,4,False
3,Japanese Grand Prix,ALO,24.0,3.0,MEDIUM,1.0,125.307,4,False
3,Japanese Grand Prix,ALO,25.0,3.0,MEDIUM,2.0,118.917,4,False
3,Japanese Grand Prix,ALO,26.0,3.0,MEDIUM,3.0,146.015,4,False
3,Japanese Grand Prix,ALO,27.0,3.0,MEDIUM,4.0,129.786,41,False
3,Japanese Grand Prix,ALO,28.0,3.0,MEDIUM,5.0,97.909,1,True
3,Japanese Grand Prix,ALO,29.0,3.0,MEDIUM,6.0,97.079,1,True
3,Japanese Grand Prix,ALO,30.0,3.0,MEDIUM,7.0,97.411,1,True
3,Japanese Grand Prix,ALO,31.0,3.0,MEDIUM,8.0,97.864,1,True
3,Japanese Grand Prix,ALO,32.0,3.0,MEDIUM,9.0,98.062,1,True
3,Japanese Grand Prix,ALO,33.0,3.0,MEDIUM,10.0,97.702,1,True
3,Japanese Grand Prix,ALO,34.0,3.0,MEDIUM,11.0,97.651,1,True
3,Japanese Grand Prix,ALO,35.0,3.0,MEDIUM,12.0,97.754,1,True
3,Japanese Grand Prix,ALO,36.0,3.0,MEDIUM,13.0,97.786,1,True
3,Japanese Grand Prix,ALO,37.0,3.0,MEDIUM,14.0,97.458,1,True
3,Japanese Grand Prix,ALO,38.0,3.0,MEDIUM,15.0,97.241,1,True
3,Japanese Grand Prix,ALO,39.0,3.0,MEDIUM,16.0,97.124,1,True
3,Japanese Grand Prix,ALO,40.0,3.0,MEDIUM,17.0,97.098,1,True
3,Japanese Grand Prix,ALO,41.0,3.0,MEDIUM,18.0,96.828,1,True
3,Japanese Grand Prix,ALO,42.0,3.0,MEDIUM,19.0,96.957,1,True
3,Japanese Grand Prix,ALO,43.0,3.0,MEDIUM,20.0,97.337,1,True
3,Japanese Grand Prix,ALO,44.0,3.0,MEDIUM,21.0,96.771,1,True
3,Japanese Grand Prix,ALO,45.0,3.0,MEDIUM,22.0,96.677,1,True
3,Japanese Grand Prix,ALO,46.0,3.0,MEDIUM,23.0,97.589,1,True
3,Japanese Grand Prix,ALO,47.0,3.0,MEDIUM,24.0,96.221,1,True
3,Japanese Grand Prix,ALO,48.0,3.0,MEDIUM,25.0,96.837,1,True
3,Japanese Grand Prix,ALO,49.0,3.0,MEDIUM,26.0,97.112,1,True
3,Japanese Grand Prix,ALO,50.0,3.0,MEDIUM,27.0,99.107,1,True
3,Japanese Grand Prix,ALO,51.0,3.0,MEDIUM,28.0,96.751,1,True
3,Japanese Grand Prix,ALO,52.0,3.0,MEDIUM,29.0,98.953,1,True
3,Japanese Grand Prix,LEC,1.0,1.0,MEDIUM,1.0,96.36,1,False
3,Japanese Grand Prix,LEC,2.0,1.0,MEDIUM,2.0,95.126,1,False
3,Japanese Grand Prix,LEC,3.0,1.0,MEDIUM,3.0,95.105,1,True
3,Japanese Grand Prix,LEC,4.0,1.0,MEDIUM,4.0,96.431,1,True
3,Japanese Grand Prix,LEC,5.0,1.0,MEDIUM,5.0,95.209,1,True
3,Japanese Grand Prix,LEC,6.0,1.0,MEDIUM,6.0,95.287,1,True
3,Japanese Grand Prix,LEC,7.0,1.0,MEDIUM,7.0,94.955,1,True
3,Japanese Grand Prix,LEC,8.0,1.0,MEDIUM,8.0,95.458,1,True
3,Japanese Grand Prix,LEC,9.0,1.0,MEDIUM,9.0,95.623,1,True
3,Japanese Grand Prix,LEC,10.0,1.0,MEDIUM,10.0,95.146,1,True
3,Japanese Grand Prix,LEC,11.0,1.0,MEDIUM,11.0,95.145,1,True
3,Japanese Grand Prix,LEC,12.0,1.0,MEDIUM,12.0,95.201,1,True
3,Japanese Grand Prix,LEC,13.0,1.0,MEDIUM,13.0,95.408,1,True
3,Japanese Grand Prix,LEC,14.0,1.0,MEDIUM,14.0,95.305,1,True
3,Japanese Grand Prix,LEC,15.0,1.0,MEDIUM,15.0,95.903,1,True
3,Japanese Grand Prix,LEC,16.0,1.0,MEDIUM,16.0,95.307,1,True
3,Japanese Grand Prix,LEC,17.0,1.0,MEDIUM,17.0,97.448,1,False
3,Japanese Grand Prix,LEC,18.0,2.0,HARD,1.0,114.337,1,False
3,Japanese Grand Prix,LEC,19.0,2.0,HARD,2.0,94.426,1,True
3,Japanese Grand Prix,LEC,20.0,2.0,HARD,3.0,94.266,1,True
3,Japanese Grand Prix,LEC,21.0,2.0,HARD,4.0,94.132,1,True
3,Japanese Grand Prix,LEC,22.0,2.0,HARD,5.0,120.306,124,False
3,Japanese Grand Prix,LEC,23.0,2.0,HARD,6.0,138.074,4,False
3,Japanese Grand Prix,LEC,24.0,2.0,HARD,7.0,147.1,4,False
3,Japanese Grand Prix,LEC,25.0,2.0,HARD,8.0,,4,False
3,Japanese Grand Prix,LEC,26.0,2.0,HARD,9.0,146.662,4,False
3,Japanese Grand Prix,LEC,27.0,2.0,HARD,10.0,142.148,41,False
3,Japanese Grand Prix,LEC,28.0,2.0,HARD,11.0,95.287,1,True
3,Japanese Grand Prix,LEC,29.0,2.0,HARD,12.0,93.666,1,True
3,Japanese Grand Prix,LEC,30.0,2.0,HARD,13.0,93.696,1,True
3,Japanese Grand Prix,LEC,31.0,2.0,HARD,14.0,93.915,1,True
3,Japanese Grand Prix,LEC,32.0,2.0,HARD,15.0,93.494,1,True
3,Japanese Grand Prix,LEC,33.0,2.0,HARD,16.0,93.444,1,True
3,Japanese Grand Prix,LEC,34.0,2.0,HARD,17.0,93.508,1,True
3,Japanese Grand Prix,LEC,35.0,2.0,HARD,18.0,93.252,1,True
3,Japanese Grand Prix,LEC,36.0,2.0,HARD,19.0,93.663,1,True
3,Japanese Grand Prix,LEC,37.0,2.0,HARD,20.0,93.744,1,True
3,Japanese Grand Prix,LEC,38.0,2.0,HARD,21.0,93.128,1,True
3,Japanese Grand Prix,LEC,39.0,2.0,HARD,22.0,93.457,1,True
3,Japanese Grand Prix,LEC,40.0,2.0,HARD,23.0,93.705,1,True
3,Japanese Grand Prix,LEC,41.0,2.0,HARD,24.0,94.154,1,True
3,Japanese Grand Prix,LEC,42.0,2.0,HARD,25.0,93.418,1,True
3,Japanese Grand Prix,LEC,43.0,2.0,HARD,26.0,93.205,1,True
3,Japanese Grand Prix,LEC,44.0,2.0,HARD,27.0,93.304,1,True
3,Japanese Grand Prix,LEC,45.0,2.0,HARD,28.0,93.607,1,True
3,Japanese Grand Prix,LEC,46.0,2.0,HARD,29.0,93.16,1,True
3,Japanese Grand Prix,LEC,47.0,2.0,HARD,30.0,93.122,1,True
3,Japanese Grand Prix,LEC,48.0,2.0,HARD,31.0,93.011,1,True
3,Japanese Grand Prix,LEC,49.0,2.0,HARD,32.0,93.486,1,True
3,Japanese Grand Prix,LEC,50.0,2.0,HARD,33.0,94.173,1,True
3,Japanese Grand Prix,LEC,51.0,2.0,HARD,34.0,92.897,1,True
3,Japanese Grand Prix,LEC,52.0,2.0,HARD,35.0,93.201,1,True
3,Japanese Grand Prix,LEC,53.0,2.0,HARD,36.0,92.634,1,True
3,Japanese Grand Prix,STR,1.0,1.0,MEDIUM,1.0,108.234,1,False
3,Japanese Grand Prix,STR,2.0,1.0,MEDIUM,2.0,98.369,1,False
3,Japanese Grand Prix,STR,3.0,1.0,MEDIUM,3.0,98.229,1,True
3,Japanese Grand Prix,STR,4.0,1.0,MEDIUM,4.0,98.587,1,True
3,Japanese Grand Prix,STR,5.0,1.0,MEDIUM,5.0,98.426,1,True
3,Japanese Grand Prix,STR,6.0,1.0,MEDIUM,6.0,98.617,1,True
3,Japanese Grand Prix,STR,7.0,1.0,MEDIUM,7.0,98.462,1,True
3,Japanese Grand Prix,STR,8.0,1.0,MEDIUM,8.0,97.683,1,True
3,Japanese Grand Prix,STR,9.0,1.0,MEDIUM,9.0,98.199,1,True
3,Japanese Grand Prix,STR,10.0,1.0,MEDIUM,10.0,98.293,1,True
3,Japanese Grand Prix,STR,11.0,1.0,MEDIUM,11.0,98.051,1,True
3,Japanese Grand Prix,STR,12.0,1.0,MEDIUM,12.0,98.622,1,True
3,Japanese Grand Prix,STR,13.0,1.0,MEDIUM,13.0,98.454,1,True
3,Japanese Grand Prix,STR,14.0,1.0,MEDIUM,14.0,98.187,1,True
3,Japanese Grand Prix,STR,15.0,1.0,MEDIUM,15.0,98.853,1,True
3,Japanese Grand Prix,STR,16.0,1.0,MEDIUM,16.0,98.427,1,True
3,Japanese Grand Prix,STR,17.0,1.0,MEDIUM,17.0,98.576,1,True
3,Japanese Grand Prix,STR,18.0,1.0,MEDIUM,18.0,98.454,1,True
3,Japanese Grand Prix,STR,19.0,1.0,MEDIUM,19.0,98.372,1,True
3,Japanese Grand Prix,STR,20.0,1.0,MEDIUM,20.0,98.406,1,True
3,Japanese Grand Prix,STR,21.0,1.0,MEDIUM,21.0,111.658,124,False
3,Japanese Grand Prix,STR,22.0,2.0,HARD,1.0,146.19,4,False
3,Japanese Grand Prix,STR,23.0,2.0,HARD,2.0,105.541,4,False
3,Japanese Grand Prix,STR,24.0,2.0,HARD,3.0,107.875,4,False
3,Japanese Grand Prix,STR,25.0,3.0,MEDIUM,1.0,146.413,4,False
3,Japanese Grand Prix,STR,26.0,3.0,MEDIUM,2.0,148.043,4,False
3,Japanese Grand Prix,STR,27.0,3.0,MEDIUM,3.0,130.846,41,False
3,Japanese Grand Prix,STR,28.0,3.0,MEDIUM,4.0,97.515,1,True
3,Japanese Grand Prix,STR,29.0,3.0,MEDIUM,5.0,97.217,1,True
3,Japanese Grand Prix,STR,30.0,3.0,MEDIUM,6.0,100.631,1,False
3,Japanese Grand Prix,ALB,1.0,1.0,MEDIUM,1.0,105.225,1,False
3,Japanese Grand Prix,ALB,2.0,1.0,MEDIUM,2.0,97.418,1,False
3,Japanese Grand Prix,ALB,3.0,1.0,MEDIUM,3.0,97.464,1,True
3,Japanese Grand Prix,ALB,4.0,1.0,MEDIUM,4.0,98.076,1,True
3,Japanese Grand Prix,ALB,5.0,1.0,MEDIUM,5.0,96.796,1,True
3,Japanese Grand Prix,ALB,6.0,1.0,MEDIUM,6.0,97.307,1,True
3,Japanese Grand Prix,ALB,7.0,1.0,MEDIUM,7.0,97.545,1,True
3,Japanese Grand Prix,ALB,8.0,1.0,MEDIUM,8.0,97.437,1,True
3,Japanese Grand Prix,ALB,9.0,1.0,MEDIUM,9.0,97.212,1,True
3,Japanese Grand Prix,ALB,10.0,1.0,MEDIUM,10.0,97.235,1,True
3,Japanese Grand Prix,ALB,11.0,1.0,MEDIUM,11.0,97.028,1,True
3,Japanese Grand Prix,ALB,12.0,1.0,MEDIUM,12.0,97.058,1,True
3,Japanese Grand Prix,ALB,13.0,1.0,MEDIUM,13.0,96.733,1,True
3,Japanese Grand Prix,ALB,14.0,1.0,MEDIUM,14.0,97.146,1,True
3,Japanese Grand Prix,ALB,15.0,1.0,MEDIUM,15.0,96.948,1,True
3,Japanese Grand Prix,ALB,16.0,1.0,MEDIUM,16.0,96.879,1,True
3,Japanese Grand Prix,ALB,17.0,1.0,MEDIUM,17.0,96.78,1,True
3,Japanese Grand Prix,ALB,18.0,1.0,MEDIUM,18.0,96.992,1,True
3,Japanese Grand Prix,ALB,19.0,1.0,MEDIUM,19.0,96.592,1,True
3,Japanese Grand Prix,ALB,20.0,1.0,MEDIUM,20.0,96.812,1,True
3,Japanese Grand Prix,ALB,21.0,1.0,MEDIUM,21.0,96.417,12,False
3,Japanese Grand Prix,ALB,22.0,1.0,MEDIUM,22.0,131.647,24,False
3,Japanese Grand Prix,ALB,23.0,2.0,HARD,1.0,145.208,4,False
3,Japanese Grand Prix,ALB,24.0,2.0,HARD,2.0,120.292,4,False
3,Japanese Grand Prix,ALB,25.0,2.0,HARD,3.0,148.665,4,False
3,Japanese Grand Prix,ALB,26.0,2.0,HARD,4.0,147.78,4,False
3,Japanese Grand Prix,ALB,27.0,2.0,HARD,5.0,132.369,41,False
3,Japanese Grand Prix,ALB,28.0,2.0,HARD,6.0,96.86,1,True
3,Japanese Grand Prix,ALB,29.0,2.0,HARD,7.0,96.092,1,True
3,Japanese Grand Prix,ALB,30.0,2.0,HARD,8.0,96.762,1,True
3,Japanese Grand Prix,ALB,31.0,2.0,HARD,9.0,95.72,1,True
3,Japanese Grand Prix,ALB,32.0,2.0,HARD,10.0,95.909,1,True
3,Japanese Grand Prix,ALB,33.0,2.0,HARD,11.0,95.767,1,True
3,Japanese Grand Prix,ALB,34.0,2.0,HARD,12.0,95.598,1,True
3,Japanese Grand Prix,ALB,35.0,2.0,HARD,13.0,95.207,1,True
3,Japanese Grand Prix,ALB,36.0,2.0,HARD,14.0,95.138,1,True
3,Japanese Grand Prix,ALB,37.0,2.0,HARD,15.0,95.464,1,True
3,Japanese Grand Prix,ALB,38.0,2.0,HARD,16.0,95.086,1,True
3,Japanese Grand Prix,ALB,39.0,2.0,HARD,17.0,95.036,1,True
3,Japanese Grand Prix,ALB,40.0,2.0,HARD,18.0,94.969,1,True
3,Japanese Grand Prix,ALB,41.0,2.0,HARD,19.0,94.973,1,True
3,Japanese Grand Prix,ALB,42.0,2.0,HARD,20.0,95.7,1,True
3,Japanese Grand Prix,ALB,43.0,2.0,HARD,21.0,95.195,1,True
3,Japanese Grand Prix,ALB,44.0,2.0,HARD,22.0,95.263,1,True
3,Japanese Grand Prix,ALB,45.0,2.0,HARD,23.0,97.604,1,False
3,Japanese Grand Prix,ALB,46.0,3.0,SOFT,1.0,116.651,1,False
3,Japanese Grand Prix,ALB,47.0,4.0,SOFT,2.0,117.5,1,False
3,Japanese Grand Prix,ALB,48.0,5.0,SOFT,3.0,119.619,1,False
3,Japanese Grand Prix,ALB,49.0,6.0,SOFT,4.0,127.219,1,False
3,Japanese Grand Prix,ALB,50.0,7.0,MEDIUM,1.0,118.65,1,False
3,Japanese Grand Prix,ALB,51.0,7.0,MEDIUM,2.0,93.427,1,True
3,Japanese Grand Prix,HUL,1.0,1.0,MEDIUM,1.0,106.149,1,False
3,Japanese Grand Prix,HUL,2.0,1.0,MEDIUM,2.0,98.019,1,False
3,Japanese Grand Prix,HUL,3.0,1.0,MEDIUM,3.0,96.53,1,True
3,Japanese Grand Prix,HUL,4.0,1.0,MEDIUM,4.0,96.632,1,True
3,Japanese Grand Prix,HUL,5.0,1.0,MEDIUM,5.0,96.858,1,True
3,Japanese Grand Prix,HUL,6.0,1.0,MEDIUM,6.0,97.522,1,True
3,Japanese Grand Prix,HUL,7.0,1.0,MEDIUM,7.0,97.424,1,True
3,Japanese Grand Prix,HUL,8.0,1.0,MEDIUM,8.0,97.149,1,True
3,Japanese Grand Prix,HUL,9.0,1.0,MEDIUM,9.0,96.695,1,True
3,Japanese Grand Prix,HUL,10.0,1.0,MEDIUM,10.0,96.943,1,True
3,Japanese Grand Prix,HUL,11.0,1.0,MEDIUM,11.0,96.387,1,True
3,Japanese Grand Prix,HUL,12.0,1.0,MEDIUM,12.0,97.397,1,True
3,Japanese Grand Prix,HUL,13.0,1.0,MEDIUM,13.0,96.972,1,True
3,Japanese Grand Prix,HUL,14.0,1.0,MEDIUM,14.0,96.49,1,True
3,Japanese Grand Prix,HUL,15.0,1.0,MEDIUM,15.0,95.778,1,True
3,Japanese Grand Prix,HUL,16.0,1.0,MEDIUM,16.0,96.277,1,True
3,Japanese Grand Prix,HUL,17.0,1.0,MEDIUM,17.0,96.171,1,True
3,Japanese Grand Prix,HUL,18.0,1.0,MEDIUM,18.0,96.037,1,True
3,Japanese Grand Prix,HUL,19.0,1.0,MEDIUM,19.0,95.575,1,True
3,Japanese Grand Prix,HUL,20.0,1.0,MEDIUM,20.0,95.655,1,True
3,Japanese Grand Prix,HUL,21.0,1.0,MEDIUM,21.0,95.944,12,False
3,Japanese Grand Prix,HUL,22.0,1.0,MEDIUM,22.0,124.599,24,False
3,Japanese Grand Prix,HUL,23.0,1.0,MEDIUM,23.0,129.419,4,False
3,Japanese Grand Prix,HUL,24.0,2.0,HARD,1.0,144.563,4,False
3,Japanese Grand Prix,HUL,25.0,2.0,HARD,2.0,,4,False
3,Japanese Grand Prix,HUL,26.0,2.0,HARD,3.0,147.547,4,False
3,Japanese Grand Prix,HUL,27.0,2.0,HARD,4.0,135.697,41,False
3,Japanese Grand Prix,HUL,28.0,2.0,HARD,5.0,96.375,1,True
3,Japanese Grand Prix,HUL,29.0,2.0,HARD,6.0,96.82,1,True
3,Japanese Grand Prix,HUL,30.0,2.0,HARD,7.0,96.242,1,True
3,Japanese Grand Prix,HUL,31.0,2.0,HARD,8.0,94.637,1,True
3,Japanese Grand Prix,HUL,32.0,2.0,HARD,9.0,94.905,1,True
3,Japanese Grand Prix,HUL,33.0,2.0,HARD,10.0,94.82,1,True
3,Japanese Grand Prix,HUL,34.0,2.0,HARD,11.0,95.027,1,True
3,Japanese Grand Prix,HUL,35.0,2.0,HARD,12.0,95.547,1,True
3,Japanese Grand Prix,HUL,36.0,2.0,HARD,13.0,95.386,1,True
3,Japanese Grand Prix,HUL,37.0,2.0,HARD,14.0,95.018,1,True
3,Japanese Grand Prix,HUL,38.0,2.0,HARD,15.0,94.831,1,True
3,Japanese Grand Prix,HUL,39.0,2.0,HARD,16.0,94.222,1,True
3,Japanese Grand Prix,HUL,40.0,2.0,HARD,17.0,94.132,1,True
3,Japanese Grand Prix,HUL,41.0,2.0,HARD,18.0,94.011,1,True
3,Japanese Grand Prix,HUL,42.0,2.0,HARD,19.0,94.212,1,True
3,Japanese Grand Prix,HUL,43.0,2.0,HARD,20.0,94.168,1,True
3,Japanese Grand Prix,HUL,44.0,2.0,HARD,21.0,94.426,1,True
3,Japanese Grand Prix,HUL,45.0,2.0,HARD,22.0,95.678,1,True
3,Japanese Grand Prix,HUL,46.0,2.0,HARD,23.0,96.379,1,True
3,Japanese Grand Prix,HUL,47.0,2.0,HARD,24.0,93.732,1,True
3,Japanese Grand Prix,HUL,48.0,2.0,HARD,25.0,94.137,1,True
3,Japanese Grand Prix,HUL,49.0,2.0,HARD,26.0,94.171,1,True
3,Japanese Grand Prix,HUL,50.0,2.0,HARD,27.0,94.177,1,True
3,Japanese Grand Prix,HUL,51.0,2.0,HARD,28.0,94.101,1,True
3,Japanese Grand Prix,HUL,52.0,2.0,HARD,29.0,93.853,1,True
3,Japanese Grand Prix,HUL,53.0,2.0,HARD,30.0,93.796,1,True
3,Japanese Grand Prix,VER,1.0,1.0,MEDIUM,1.0,101.273,1,False
3,Japanese Grand Prix,VER,2.0,1.0,MEDIUM,2.0,96.628,1,False
3,Japanese Grand Prix,VER,3.0,1.0,MEDIUM,3.0,95.854,1,True
3,Japanese Grand Prix,VER,4.0,1.0,MEDIUM,4.0,95.867,1,True
3,Japanese Grand Prix,VER,5.0,1.0,MEDIUM,5.0,96.922,1,True
3,Japanese Grand Prix,VER,6.0,1.0,MEDIUM,6.0,96.551,1,True
3,Japanese Grand Prix,VER,7.0,1.0,MEDIUM,7.0,96.067,1,True
3,Japanese Grand Prix,VER,8.0,1.0,MEDIUM,8.0,95.725,1,True
3,Japanese Grand Prix,VER,9.0,1.0,MEDIUM,9.0,95.848,1,True
3,Japanese Grand Prix,VER,10.0,1.0,MEDIUM,10.0,95.727,1,True
3,Japanese Grand Prix,VER,11.0,1.0,MEDIUM,11.0,95.63,1,True
3,Japanese Grand Prix,VER,12.0,1.0,MEDIUM,12.0,95.699,1,True
3,Japanese Grand Prix,VER,13.0,1.0,MEDIUM,13.0,95.755,1,True
3,Japanese Grand Prix,VER,14.0,1.0,MEDIUM,14.0,95.773,1,True
3,Japanese Grand Prix,VER,15.0,1.0,MEDIUM,15.0,95.652,1,True
3,Japanese Grand Prix,VER,16.0,1.0,MEDIUM,16.0,95.587,1,True
3,Japanese Grand Prix,VER,17.0,1.0,MEDIUM,17.0,95.535,1,True
3,Japanese Grand Prix,VER,18.0,1.0,MEDIUM,18.0,95.608,1,True
3,Japanese Grand Prix,VER,19.0,1.0,MEDIUM,19.0,95.587,1,True
3,Japanese Grand Prix,VER,20.0,1.0,MEDIUM,20.0,95.6,1,True
3,Japanese Grand Prix,VER,21.0,1.0,MEDIUM,21.0,96.124,1,True
3,Japanese Grand Prix,VER,22.0,1.0,MEDIUM,22.0,121.756,124,False
3,Japanese Grand Prix,VER,23.0,2.0,HARD,1.0,145.562,4,False
3,Japanese Grand Prix,VER,24.0,2.0,HARD,2.0,146.013,4,False
3,Japanese Grand Prix,VER,25.0,2.0,HARD,3.0,,4,False
3,Japanese Grand Prix,VER,26.0,2.0,HARD,4.0,147.257,4,False
3,Japanese Grand Prix,VER,27.0,2.0,HARD,5.0,139.224,41,False
3,Japanese Grand Prix,VER,28.0,2.0,HARD,6.0,96.011,1,True
3,Japanese Grand Prix,VER,29.0,2.0,HARD,7.0,94.141,1,True
3,Japanese Grand Prix,VER,30.0,2.0,HARD,8.0,94.752,1,True
3,Japanese Grand Prix,VER,31.0,2.0,HARD,9.0,94.295,1,True
3,Japanese Grand Prix,VER,32.0,2.0,HARD,10.0,94.128,1,True
3,Japanese Grand Prix,VER,33.0,2.0,HARD,11.0,93.925,1,True
3,Japanese Grand Prix,VER,34.0,2.0,HARD,12.0,93.841,1,True
3,Japanese Grand Prix,VER,35.0,2.0,HARD,13.0,93.861,1,True
3,Japanese Grand Prix,VER,36.0,2.0,HARD,14.0,93.97,1,True
3,Japanese Grand Prix,VER,37.0,2.0,HARD,15.0,93.852,1,True
3,Japanese Grand Prix,VER,38.0,2.0,HARD,16.0,94.052,1,True
3,Japanese Grand Prix,VER,39.0,2.0,HARD,17.0,94.139,1,True
3,Japanese Grand Prix,VER,40.0,2.0,HARD,18.0,93.988,1,True
3,Japanese Grand Prix,VER,41.0,2.0,HARD,19.0,93.552,1,True
3,Japanese Grand Prix,VER,42.0,2.0,HARD,20.0,93.706,1,True
3,Japanese Grand Prix,VER,43.0,2.0,HARD,21.0,94.147,1,True
3,Japanese Grand Prix,VER,44.0,2.0,HARD,22.0,94.215,1,True
3,Japanese Grand Prix,VER,45.0,2.0,HARD,23.0,94.346,1,True
3,Japanese Grand Prix,VER,46.0,2.0,HARD,24.0,93.911,1,True
3,Japanese Grand Prix,VER,47.0,2.0,HARD,25.0,93.886,1,True
3,Japanese Grand Prix,VER,48.0,2.0,HARD,26.0,93.704,1,True
3,Japanese Grand Prix,VER,49.0,2.0,HARD,27.0,95.043,1,True
3,Japanese Grand Prix,VER,50.0,2.0,HARD,28.0,93.921,1,True
3,Japanese Grand Prix,VER,51.0,2.0,HARD,29.0,93.845,1,True
3,Japanese Grand Prix,VER,52.0,2.0,HARD,30.0,93.973,1,True
3,Japanese Grand Prix,VER,53.0,2.0,HARD,31.0,94.007,1,True
3,Japanese Grand Prix,LAW,1.0,1.0,MEDIUM,1.0,102.498,1,False
3,Japanese Grand Prix,LAW,2.0,1.0,MEDIUM,2.0,97.029,1,False
3,Japanese Grand Prix,LAW,3.0,1.0,MEDIUM,3.0,97.03,1,True
3,Japanese Grand Prix,LAW,4.0,1.0,MEDIUM,4.0,96.522,1,True
3,Japanese Grand Prix,LAW,5.0,1.0,MEDIUM,5.0,96.38,1,True
3,Japanese Grand Prix,LAW,6.0,1.0,MEDIUM,6.0,97.206,1,True
3,Japanese Grand Prix,LAW,7.0,1.0,MEDIUM,7.0,96.572,1,True
3,Japanese Grand Prix,LAW,8.0,1.0,MEDIUM,8.0,96.432,1,True
3,Japanese Grand Prix,LAW,9.0,1.0,MEDIUM,9.0,96.629,1,True
3,Japanese Grand Prix,LAW,10.0,1.0,MEDIUM,10.0,96.618,1,True
3,Japanese Grand Prix,LAW,11.0,1.0,MEDIUM,11.0,96.55,1,True
3,Japanese Grand Prix,LAW,12.0,1.0,MEDIUM,12.0,97.258,1,True
3,Japanese Grand Prix,LAW,13.0,1.0,MEDIUM,13.0,97.049,1,True
3,Japanese Grand Prix,LAW,14.0,1.0,MEDIUM,14.0,97.013,1,False
3,Japanese Grand Prix,LAW,15.0,1.0,MEDIUM,15.0,96.726,1,True
3,Japanese Grand Prix,LAW,16.0,1.0,MEDIUM,16.0,96.822,1,True
3,Japanese Grand Prix,LAW,17.0,1.0,MEDIUM,17.0,96.72,1,True
3,Japanese Grand Prix,LAW,18.0,1.0,MEDIUM,18.0,96.604,1,True
3,Japanese Grand Prix,LAW,19.0,1.0,MEDIUM,19.0,96.716,1,True
3,Japanese Grand Prix,LAW,20.0,1.0,MEDIUM,20.0,96.442,1,True
3,Japanese Grand Prix,LAW,21.0,1.0,MEDIUM,21.0,96.18,12,False
3,Japanese Grand Prix,LAW,22.0,1.0,MEDIUM,22.0,126.314,24,False
3,Japanese Grand Prix,LAW,23.0,2.0,HARD,1.0,144.976,4,False
3,Japanese Grand Prix,LAW,24.0,2.0,HARD,2.0,125.496,4,False
3,Japanese Grand Prix,LAW,25.0,2.0,HARD,3.0,,4,False
3,Japanese Grand Prix,LAW,26.0,2.0,HARD,4.0,147.096,4,False
3,Japanese Grand Prix,LAW,27.0,2.0,HARD,5.0,138.047,41,False
3,Japanese Grand Prix,LAW,28.0,2.0,HARD,6.0,96.376,1,True
3,Japanese Grand Prix,LAW,29.0,2.0,HARD,7.0,94.925,1,True
3,Japanese Grand Prix,LAW,30.0,2.0,HARD,8.0,94.86,1,True
3,Japanese Grand Prix,LAW,31.0,2.0,HARD,9.0,94.716,1,True
3,Japanese Grand Prix,LAW,32.0,2.0,HARD,10.0,94.647,1,True
3,Japanese Grand Prix,LAW,33.0,2.0,HARD,11.0,94.773,1,True
3,Japanese Grand Prix,LAW,34.0,2.0,HARD,12.0,94.85,1,True
3,Japanese Grand Prix,LAW,35.0,2.0,HARD,13.0,94.999,1,True
3,Japanese Grand Prix,LAW,36.0,2.0,HARD,14.0,94.581,1,True
3,Japanese Grand Prix,LAW,37.0,2.0,HARD,15.0,94.938,1,True
3,Japanese Grand Prix,LAW,38.0,2.0,HARD,16.0,94.436,1,True
3,Japanese Grand Prix,LAW,39.0,2.0,HARD,17.0,94.526,1,True
3,Japanese Grand Prix,LAW,40.0,2.0,HARD,18.0,94.879,1,True
3,Japanese Grand Prix,LAW,41.0,2.0,HARD,19.0,94.796,1,True
3,Japanese Grand Prix,LAW,42.0,2.0,HARD,20.0,94.926,1,True
3,Japanese Grand Prix,LAW,43.0,2.0,HARD,21.0,94.87,1,True
3,Japanese Grand Prix,LAW,44.0,2.0,HARD,22.0,94.882,1,True
3,Japanese Grand Prix,LAW,45.0,2.0,HARD,23.0,94.794,1,True
3,Japanese Grand Prix,LAW,46.0,2.0,HARD,24.0,94.827,1,True
3,Japanese Grand Prix,LAW,47.0,2.0,HARD,25.0,94.955,1,True
3,Japanese Grand Prix,LAW,48.0,2.0,HARD,26.0,94.668,1,True
3,Japanese Grand Prix,LAW,49.0,2.0,HARD,27.0,94.701,1,True
3,Japanese Grand Prix,LAW,50.0,2.0,HARD,28.0,94.634,1,True
3,Japanese Grand Prix,LAW,51.0,2.0,HARD,29.0,94.341,1,True
3,Japanese Grand Prix,LAW,52.0,2.0,HARD,30.0,94.295,1,True
3,Japanese Grand Prix,LAW,53.0,2.0,HARD,31.0,94.23,1,True
3,Japanese Grand Prix,OCO,1.0,1.0,MEDIUM,1.0,101.913,1,False
3,Japanese Grand Prix,OCO,2.0,1.0,MEDIUM,2.0,96.654,1,False
3,Japanese Grand Prix,OCO,3.0,1.0,MEDIUM,3.0,96.094,1,True
3,Japanese Grand Prix,OCO,4.0,1.0,MEDIUM,4.0,95.956,1,True
3,Japanese Grand Prix,OCO,5.0,1.0,MEDIUM,5.0,96.746,1,True
3,Japanese Grand Prix,OCO,6.0,1.0,MEDIUM,6.0,96.55,1,True
3,Japanese Grand Prix,OCO,7.0,1.0,MEDIUM,7.0,96.288,1,True
3,Japanese Grand Prix,OCO,8.0,1.0,MEDIUM,8.0,95.822,1,True
3,Japanese Grand Prix,OCO,9.0,1.0,MEDIUM,9.0,96.357,1,True
3,Japanese Grand Prix,OCO,10.0,1.0,MEDIUM,10.0,96.43,1,True
3,Japanese Grand Prix,OCO,11.0,1.0,MEDIUM,11.0,96.476,1,True
3,Japanese Grand Prix,OCO,12.0,1.0,MEDIUM,12.0,96.593,1,True
3,Japanese Grand Prix,OCO,13.0,1.0,MEDIUM,13.0,96.759,1,True
3,Japanese Grand Prix,OCO,14.0,1.0,MEDIUM,14.0,96.706,1,True
3,Japanese Grand Prix,OCO,15.0,1.0,MEDIUM,15.0,96.608,1,True
3,Japanese Grand Prix,OCO,16.0,1.0,MEDIUM,16.0,96.779,1,True
3,Japanese Grand Prix,OCO,17.0,1.0,MEDIUM,17.0,97.457,1,True
3,Japanese Grand Prix,OCO,18.0,1.0,MEDIUM,18.0,96.456,1,True
3,Japanese Grand Prix,OCO,19.0,1.0,MEDIUM,19.0,98.899,1,False
3,Japanese Grand Prix,OCO,20.0,2.0,HARD,1.0,116.919,1,False
3,Japanese Grand Prix,OCO,21.0,2.0,HARD,2.0,99.072,124,False
3,Japanese Grand Prix,OCO,22.0,2.0,HARD,3.0,125.682,4,False
3,Japanese Grand Prix,OCO,23.0,2.0,HARD,4.0,127.988,4,False
3,Japanese Grand Prix,OCO,24.0,2.0,HARD,5.0,124.437,4,False
3,Japanese Grand Prix,OCO,25.0,2.0,HARD,6.0,,4,False
3,Japanese Grand Prix,OCO,26.0,2.0,HARD,7.0,148.089,4,False
3,Japanese Grand Prix,OCO,27.0,2.0,HARD,8.0,135.872,41,False
3,Japanese Grand Prix,OCO,28.0,2.0,HARD,9.0,96.64,1,True
3,Japanese Grand Prix,OCO,29.0,2.0,HARD,10.0,94.428,1,True
3,Japanese Grand Prix,OCO,30.0,2.0,HARD,11.0,94.872,1,True
3,Japanese Grand Prix,OCO,31.0,2.0,HARD,12.0,94.631,1,True
3,Japanese Grand Prix,OCO,32.0,2.0,HARD,13.0,94.665,1,True
3,Japanese Grand Prix,OCO,33.0,2.0,HARD,14.0,94.697,1,True
3,Japanese Grand Prix,OCO,34.0,2.0,HARD,15.0,94.773,1,True
3,Japanese Grand Prix,OCO,35.0,2.0,HARD,16.0,94.881,1,True
3,Japanese Grand Prix,OCO,36.0,2.0,HARD,17.0,94.717,1,True
3,Japanese Grand Prix,OCO,37.0,2.0,HARD,18.0,94.858,1,True
3,Japanese Grand Prix,OCO,38.0,2.0,HARD,19.0,94.878,1,True
3,Japanese Grand Prix,OCO,39.0,2.0,HARD,20.0,94.348,1,True
3,Japanese Grand Prix,OCO,40.0,2.0,HARD,21.0,94.789,1,True
3,Japanese Grand Prix,OCO,41.0,2.0,HARD,22.0,94.787,1,True
3,Japanese Grand Prix,OCO,42.0,2.0,HARD,23.0,94.903,1,True
3,Japanese Grand Prix,OCO,43.0,2.0,HARD,24.0,94.863,1,True
3,Japanese Grand Prix,OCO,44.0,2.0,HARD,25.0,94.968,1,True
3,Japanese Grand Prix,OCO,45.0,2.0,HARD,26.0,94.967,1,True
3,Japanese Grand Prix,OCO,46.0,2.0,HARD,27.0,94.785,1,True
3,Japanese Grand Prix,OCO,47.0,2.0,HARD,28.0,94.917,1,True
3,Japanese Grand Prix,OCO,48.0,2.0,HARD,29.0,94.692,1,True
3,Japanese Grand Prix,OCO,49.0,2.0,HARD,30.0,94.766,1,True
3,Japanese Grand Prix,OCO,50.0,2.0,HARD,31.0,94.669,1,True
3,Japanese Grand Prix,OCO,51.0,2.0,HARD,32.0,94.389,1,True
3,Japanese Grand Prix,OCO,52.0,2.0,HARD,33.0,94.268,1,True
3,Japanese Grand Prix,OCO,53.0,2.0,HARD,34.0,94.256,1,True
3,Japanese Grand Prix,LIN,1.0,1.0,MEDIUM,1.0,100.66,1,False
3,Japanese Grand Prix,LIN,2.0,1.0,MEDIUM,2.0,96.174,1,False
3,Japanese Grand Prix,LIN,3.0,1.0,MEDIUM,3.0,96.233,1,True
3,Japanese Grand Prix,LIN,4.0,1.0,MEDIUM,4.0,96.039,1,True
3,Japanese Grand Prix,LIN,5.0,1.0,MEDIUM,5.0,98.053,1,True
3,Japanese Grand Prix,LIN,6.0,1.0,MEDIUM,6.0,97.489,1,True
3,Japanese Grand Prix,LIN,7.0,1.0,MEDIUM,7.0,96.39,1,True
3,Japanese Grand Prix,LIN,8.0,1.0,MEDIUM,8.0,96.083,1,True
3,Japanese Grand Prix,LIN,9.0,1.0,MEDIUM,9.0,96.39,1,True
3,Japanese Grand Prix,LIN,10.0,1.0,MEDIUM,10.0,96.491,1,True
3,Japanese Grand Prix,LIN,11.0,1.0,MEDIUM,11.0,97.139,1,True
3,Japanese Grand Prix,LIN,12.0,1.0,MEDIUM,12.0,98.709,1,True
3,Japanese Grand Prix,LIN,13.0,1.0,MEDIUM,13.0,96.242,1,True
3,Japanese Grand Prix,LIN,14.0,1.0,MEDIUM,14.0,96.534,1,True
3,Japanese Grand Prix,LIN,15.0,1.0,MEDIUM,15.0,97.289,1,True
3,Japanese Grand Prix,LIN,16.0,1.0,MEDIUM,16.0,96.823,1,True
3,Japanese Grand Prix,LIN,17.0,1.0,MEDIUM,17.0,96.552,1,True
3,Japanese Grand Prix,LIN,18.0,1.0,MEDIUM,18.0,99.196,1,False
3,Japanese Grand Prix,LIN,19.0,2.0,HARD,1.0,118.75,1,False
3,Japanese Grand Prix,LIN,20.0,2.0,HARD,2.0,95.464,1,True
3,Japanese Grand Prix,LIN,21.0,2.0,HARD,3.0,100.801,124,False
3,Japanese Grand Prix,LIN,22.0,2.0,HARD,4.0,126.769,4,False
3,Japanese Grand Prix,LIN,23.0,2.0,HARD,5.0,123.701,4,False
3,Japanese Grand Prix,LIN,24.0,2.0,HARD,6.0,125.165,4,False
3,Japanese Grand Prix,LIN,25.0,2.0,HARD,7.0,,4,False
3,Japanese Grand Prix,LIN,26.0,2.0,HARD,8.0,147.33,4,False
3,Japanese Grand Prix,LIN,27.0,2.0,HARD,9.0,134.607,41,False
3,Japanese Grand Prix,LIN,28.0,2.0,HARD,10.0,96.421,1,True
3,Japanese Grand Prix,LIN,29.0,2.0,HARD,11.0,96.405,1,True
3,Japanese Grand Prix,LIN,30.0,2.0,HARD,12.0,95.724,1,True
3,Japanese Grand Prix,LIN,31.0,2.0,HARD,13.0,95.962,1,True
3,Japanese Grand Prix,LIN,32.0,2.0,HARD,14.0,95.137,1,True
3,Japanese Grand Prix,LIN,33.0,2.0,HARD,15.0,95.16,1,True
3,Japanese Grand Prix,LIN,34.0,2.0,HARD,16.0,95.225,1,True
3,Japanese Grand Prix,LIN,35.0,2.0,HARD,17.0,95.402,1,True
3,Japanese Grand Prix,LIN,36.0,2.0,HARD,18.0,94.96,1,True
3,Japanese Grand Prix,LIN,37.0,2.0,HARD,19.0,94.86,1,True
3,Japanese Grand Prix,LIN,38.0,2.0,HARD,20.0,94.723,1,True
3,Japanese Grand Prix,LIN,39.0,2.0,HARD,21.0,95.096,1,True
3,Japanese Grand Prix,LIN,40.0,2.0,HARD,22.0,94.521,1,True
3,Japanese Grand Prix,LIN,41.0,2.0,HARD,23.0,94.853,1,True
3,Japanese Grand Prix,LIN,42.0,2.0,HARD,24.0,94.964,1,True
3,Japanese Grand Prix,LIN,43.0,2.0,HARD,25.0,94.885,1,True
3,Japanese Grand Prix,LIN,44.0,2.0,HARD,26.0,94.769,1,True
3,Japanese Grand Prix,LIN,45.0,2.0,HARD,27.0,94.733,1,True
3,Japanese Grand Prix,LIN,46.0,2.0,HARD,28.0,94.676,1,True
3,Japanese Grand Prix,LIN,47.0,2.0,HARD,29.0,94.716,1,True
3,Japanese Grand Prix,LIN,48.0,2.0,HARD,30.0,94.872,1,True
3,Japanese Grand Prix,LIN,49.0,2.0,HARD,31.0,95.229,1,True
3,Japanese Grand Prix,LIN,50.0,2.0,HARD,32.0,94.845,1,True
3,Japanese Grand Prix,LIN,51.0,2.0,HARD,33.0,94.6,1,True
3,Japanese Grand Prix,LIN,52.0,2.0,HARD,34.0,94.585,1,True
3,Japanese Grand Prix,LIN,53.0,2.0,HARD,35.0,94.314,1,True
3,Japanese Grand Prix,COL,1.0,1.0,MEDIUM,1.0,103.16,1,False
3,Japanese Grand Prix,COL,2.0,1.0,MEDIUM,2.0,97.218,1,False
3,Japanese Grand Prix,COL,3.0,1.0,MEDIUM,3.0,97.204,1,True
3,Japanese Grand Prix,COL,4.0,1.0,MEDIUM,4.0,96.549,1,True
3,Japanese Grand Prix,COL,5.0,1.0,MEDIUM,5.0,96.568,1,True
3,Japanese Grand Prix,COL,6.0,1.0,MEDIUM,6.0,96.907,1,True
3,Japanese Grand Prix,COL,7.0,1.0,MEDIUM,7.0,96.509,1,True
3,Japanese Grand Prix,COL,8.0,1.0,MEDIUM,8.0,96.428,1,True
3,Japanese Grand Prix,COL,9.0,1.0,MEDIUM,9.0,96.572,1,True
3,Japanese Grand Prix,COL,10.0,1.0,MEDIUM,10.0,96.649,1,True
3,Japanese Grand Prix,COL,11.0,1.0,MEDIUM,11.0,96.675,1,True
3,Japanese Grand Prix,COL,12.0,1.0,MEDIUM,12.0,96.922,1,True
3,Japanese Grand Prix,COL,13.0,1.0,MEDIUM,13.0,97.357,1,True
3,Japanese Grand Prix,COL,14.0,1.0,MEDIUM,14.0,96.909,1,True
3,Japanese Grand Prix,COL,15.0,1.0,MEDIUM,15.0,96.841,1,True
3,Japanese Grand Prix,COL,16.0,1.0,MEDIUM,16.0,96.702,1,True
3,Japanese Grand Prix,COL,17.0,1.0,MEDIUM,17.0,99.258,1,False
3,Japanese Grand Prix,COL,18.0,2.0,HARD,1.0,116.885,1,False
3,Japanese Grand Prix,COL,19.0,2.0,HARD,2.0,96.885,1,True
3,Japanese Grand Prix,COL,20.0,2.0,HARD,3.0,95.624,1,True
3,Japanese Grand Prix,COL,21.0,2.0,HARD,4.0,103.165,124,False
3,Japanese Grand Prix,COL,22.0,2.0,HARD,5.0,126.567,4,False
3,Japanese Grand Prix,COL,23.0,2.0,HARD,6.0,124.352,4,False
3,Japanese Grand Prix,COL,24.0,2.0,HARD,7.0,123.556,4,False
3,Japanese Grand Prix,COL,25.0,2.0,HARD,8.0,,4,False
3,Japanese Grand Prix,COL,26.0,2.0,HARD,9.0,147.587,4,False
3,Japanese Grand Prix,COL,27.0,2.0,HARD,10.0,133.37,41,False
3,Japanese Grand Prix,COL,28.0,2.0,HARD,11.0,96.673,1,True
3,Japanese Grand Prix,COL,29.0,2.0,HARD,12.0,96.172,1,True
3,Japanese Grand Prix,COL,30.0,2.0,HARD,13.0,96.475,1,True
3,Japanese Grand Prix,COL,31.0,2.0,HARD,14.0,95.922,1,True
3,Japanese Grand Prix,COL,32.0,2.0,HARD,15.0,95.555,1,True
3,Japanese Grand Prix,COL,33.0,2.0,HARD,16.0,95.672,1,True
3,Japanese Grand Prix,COL,34.0,2.0,HARD,17.0,94.76,1,True
3,Japanese Grand Prix,COL,35.0,2.0,HARD,18.0,95.158,1,True
3,Japanese Grand Prix,COL,36.0,2.0,HARD,19.0,95.128,1,True
3,Japanese Grand Prix,COL,37.0,2.0,HARD,20.0,94.952,1,True
3,Japanese Grand Prix,COL,38.0,2.0,HARD,21.0,95.25,1,True
3,Japanese Grand Prix,COL,39.0,2.0,HARD,22.0,95.133,1,True
3,Japanese Grand Prix,COL,40.0,2.0,HARD,23.0,95.333,1,True
3,Japanese Grand Prix,COL,41.0,2.0,HARD,24.0,94.512,1,True
3,Japanese Grand Prix,COL,42.0,2.0,HARD,25.0,95.365,1,True
3,Japanese Grand Prix,COL,43.0,2.0,HARD,26.0,94.746,1,True
3,Japanese Grand Prix,COL,44.0,2.0,HARD,27.0,95.055,1,True
3,Japanese Grand Prix,COL,45.0,2.0,HARD,28.0,95.358,1,True
3,Japanese Grand Prix,COL,46.0,2.0,HARD,29.0,94.853,1,True
3,Japanese Grand Prix,COL,47.0,2.0,HARD,30.0,94.8,1,True
3,Japanese Grand Prix,COL,48.0,2.0,HARD,31.0,94.824,1,True
3,Japanese Grand Prix,COL,49.0,2.0,HARD,32.0,95.043,1,True
3,Japanese Grand Prix,COL,50.0,2.0,HARD,33.0,95.074,1,True
3,Japanese Grand Prix,COL,51.0,2.0,HARD,34.0,95.285,1,True
3,Japanese Grand Prix,COL,52.0,2.0,HARD,35.0,94.784,1,True
3,Japanese Grand Prix,COL,53.0,2.0,HARD,36.0,94.685,1,True
3,Japanese Grand Prix,HAM,1.0,1.0,MEDIUM,1.0,98.386,1,False
3,Japanese Grand Prix,HAM,2.0,1.0,MEDIUM,2.0,95.496,1,False
3,Japanese Grand Prix,HAM,3.0,1.0,MEDIUM,3.0,95.394,1,True
3,Japanese Grand Prix,HAM,4.0,1.0,MEDIUM,4.0,95.805,1,True
3,Japanese Grand Prix,HAM,5.0,1.0,MEDIUM,5.0,95.453,1,True
3,Japanese Grand Prix,HAM,6.0,1.0,MEDIUM,6.0,95.172,1,True
3,Japanese Grand Prix,HAM,7.0,1.0,MEDIUM,7.0,95.448,1,True
3,Japanese Grand Prix,HAM,8.0,1.0,MEDIUM,8.0,95.565,1,True
3,Japanese Grand Prix,HAM,9.0,1.0,MEDIUM,9.0,95.765,1,True
3,Japanese Grand Prix,HAM,10.0,1.0,MEDIUM,10.0,95.166,1,True
3,Japanese Grand Prix,HAM,11.0,1.0,MEDIUM,11.0,95.434,1,True
3,Japanese Grand Prix,HAM,12.0,1.0,MEDIUM,12.0,95.161,1,True
3,Japanese Grand Prix,HAM,13.0,1.0,MEDIUM,13.0,95.397,1,True
3,Japanese Grand Prix,HAM,14.0,1.0,MEDIUM,14.0,95.283,1,True
3,Japanese Grand Prix,HAM,15.0,1.0,MEDIUM,15.0,95.054,1,True
3,Japanese Grand Prix,HAM,16.0,1.0,MEDIUM,16.0,95.355,1,True
3,Japanese Grand Prix,HAM,17.0,1.0,MEDIUM,17.0,94.876,1,True
3,Japanese Grand Prix,HAM,18.0,1.0,MEDIUM,18.0,94.959,1,True
3,Japanese Grand Prix,HAM,19.0,1.0,MEDIUM,19.0,94.98,1,True
3,Japanese Grand Prix,HAM,20.0,1.0,MEDIUM,20.0,95.168,1,True
3,Japanese Grand Prix,HAM,21.0,1.0,MEDIUM,21.0,95.01,1,True
3,Japanese Grand Prix,HAM,22.0,1.0,MEDIUM,22.0,116.919,124,False
3,Japanese Grand Prix,HAM,23.0,2.0,HARD,1.0,,4,False
3,Japanese Grand Prix,HAM,24.0,2.0,HARD,2.0,147.559,4,False
3,Japanese Grand Prix,HAM,25.0,2.0,HARD,3.0,,4,False
3,Japanese Grand Prix,HAM,26.0,2.0,HARD,4.0,145.726,4,False
3,Japanese Grand Prix,HAM,27.0,2.0,HARD,5.0,143.756,41,False
3,Japanese Grand Prix,HAM,28.0,2.0,HARD,6.0,94.067,1,True
3,Japanese Grand Prix,HAM,29.0,2.0,HARD,7.0,93.742,1,True
3,Japanese Grand Prix,HAM,30.0,2.0,HARD,8.0,93.875,1,True
3,Japanese Grand Prix,HAM,31.0,2.0,HARD,9.0,93.67,1,True
3,Japanese Grand Prix,HAM,32.0,2.0,HARD,10.0,93.501,1,True
3,Japanese Grand Prix,HAM,33.0,2.0,HARD,11.0,93.524,1,True
3,Japanese Grand Prix,HAM,34.0,2.0,HARD,12.0,93.301,1,True
3,Japanese Grand Prix,HAM,35.0,2.0,HARD,13.0,93.696,1,True
3,Japanese Grand Prix,HAM,36.0,2.0,HARD,14.0,93.658,1,True
3,Japanese Grand Prix,HAM,37.0,2.0,HARD,15.0,93.934,1,True
3,Japanese Grand Prix,HAM,38.0,2.0,HARD,16.0,93.436,1,True
3,Japanese Grand Prix,HAM,39.0,2.0,HARD,17.0,93.576,1,True
3,Japanese Grand Prix,HAM,40.0,2.0,HARD,18.0,93.869,1,True
3,Japanese Grand Prix,HAM,41.0,2.0,HARD,19.0,94.177,1,True
3,Japanese Grand Prix,HAM,42.0,2.0,HARD,20.0,94.662,1,True
3,Japanese Grand Prix,HAM,43.0,2.0,HARD,21.0,94.359,1,True
3,Japanese Grand Prix,HAM,44.0,2.0,HARD,22.0,93.636,1,True
3,Japanese Grand Prix,HAM,45.0,2.0,HARD,23.0,93.495,1,True
3,Japanese Grand Prix,HAM,46.0,2.0,HARD,24.0,93.442,1,True
3,Japanese Grand Prix,HAM,47.0,2.0,HARD,25.0,94.676,1,True
3,Japanese Grand Prix,HAM,48.0,2.0,HARD,26.0,92.777,1,True
3,Japanese Grand Prix,HAM,49.0,2.0,HARD,27.0,93.867,1,True
3,Japanese Grand Prix,HAM,50.0,2.0,HARD,28.0,95.689,1,True
3,Japanese Grand Prix,HAM,51.0,2.0,HARD,29.0,94.927,1,True
3,Japanese Grand Prix,HAM,52.0,2.0,HARD,30.0,94.193,1,True
3,Japanese Grand Prix,HAM,53.0,2.0,HARD,31.0,93.669,1,True
3,Japanese Grand Prix,BOR,1.0,1.0,MEDIUM,1.0,102.93,1,False
3,Japanese Grand Prix,BOR,2.0,1.0,MEDIUM,2.0,97.158,1,False
3,Japanese Grand Prix,BOR,3.0,1.0,MEDIUM,3.0,98.924,1,True
3,Japanese Grand Prix,BOR,4.0,1.0,MEDIUM,4.0,97.014,1,True
3,Japanese Grand Prix,BOR,5.0,1.0,MEDIUM,5.0,96.613,1,True
3,Japanese Grand Prix,BOR,6.0,1.0,MEDIUM,6.0,96.651,1,True
3,Japanese Grand Prix,BOR,7.0,1.0,MEDIUM,7.0,96.146,1,True
3,Japanese Grand Prix,BOR,8.0,1.0,MEDIUM,8.0,96.613,1,True
3,Japanese Grand Prix,BOR,9.0,1.0,MEDIUM,9.0,96.233,1,True
3,Japanese Grand Prix,BOR,10.0,1.0,MEDIUM,10.0,96.263,1,True
3,Japanese Grand Prix,BOR,11.0,1.0,MEDIUM,11.0,96.814,1,True
3,Japanese Grand Prix,BOR,12.0,1.0,MEDIUM,12.0,96.742,1,True
3,Japanese Grand Prix,BOR,13.0,1.0,MEDIUM,13.0,97.393,1,True
3,Japanese Grand Prix,BOR,14.0,1.0,MEDIUM,14.0,96.882,1,True
3,Japanese Grand Prix,BOR,15.0,1.0,MEDIUM,15.0,96.508,1,True
3,Japanese Grand Prix,BOR,16.0,1.0,MEDIUM,16.0,97.257,1,True
3,Japanese Grand Prix,BOR,17.0,1.0,MEDIUM,17.0,96.844,1,True
3,Japanese Grand Prix,BOR,18.0,1.0,MEDIUM,18.0,96.582,1,True
3,Japanese Grand Prix,BOR,19.0,1.0,MEDIUM,19.0,96.561,1,True
3,Japanese Grand Prix,BOR,20.0,1.0,MEDIUM,20.0,96.022,1,True
3,Japanese Grand Prix,BOR,21.0,1.0,MEDIUM,21.0,95.825,12,False
3,Japanese Grand Prix,BOR,22.0,1.0,MEDIUM,22.0,126.395,24,False
3,Japanese Grand Prix,BOR,23.0,2.0,HARD,1.0,145.57,4,False
3,Japanese Grand Prix,BOR,24.0,2.0,HARD,2.0,124.495,4,False
3,Japanese Grand Prix,BOR,25.0,2.0,HARD,3.0,,4,False
3,Japanese Grand Prix,BOR,26.0,2.0,HARD,4.0,147.016,4,False
3,Japanese Grand Prix,BOR,27.0,2.0,HARD,5.0,137.481,41,False
3,Japanese Grand Prix,BOR,28.0,2.0,HARD,6.0,96.907,1,True
3,Japanese Grand Prix,BOR,29.0,2.0,HARD,7.0,96.612,1,True
3,Japanese Grand Prix,BOR,30.0,2.0,HARD,8.0,95.524,1,True
3,Japanese Grand Prix,BOR,31.0,2.0,HARD,9.0,95.18,1,True
3,Japanese Grand Prix,BOR,32.0,2.0,HARD,10.0,94.993,1,True
3,Japanese Grand Prix,BOR,33.0,2.0,HARD,11.0,94.891,1,True
3,Japanese Grand Prix,BOR,34.0,2.0,HARD,12.0,95.093,1,True
3,Japanese Grand Prix,BOR,35.0,2.0,HARD,13.0,95.767,1,True
3,Japanese Grand Prix,BOR,36.0,2.0,HARD,14.0,95.476,1,True
3,Japanese Grand Prix,BOR,37.0,2.0,HARD,15.0,95.043,1,True
3,Japanese Grand Prix,BOR,38.0,2.0,HARD,16.0,95.887,1,True
3,Japanese Grand Prix,BOR,39.0,2.0,HARD,17.0,94.641,1,True
3,Japanese Grand Prix,BOR,40.0,2.0,HARD,18.0,94.164,1,True
3,Japanese Grand Prix,BOR,41.0,2.0,HARD,19.0,94.664,1,True
3,Japanese Grand Prix,BOR,42.0,2.0,HARD,20.0,95.021,1,True
3,Japanese Grand Prix,BOR,43.0,2.0,HARD,21.0,95.143,1,True
3,Japanese Grand Prix,BOR,44.0,2.0,HARD,22.0,95.013,1,True
3,Japanese Grand Prix,BOR,45.0,2.0,HARD,23.0,94.894,1,True
3,Japanese Grand Prix,BOR,46.0,2.0,HARD,24.0,94.786,1,True
3,Japanese Grand Prix,BOR,47.0,2.0,HARD,25.0,94.722,1,True
3,Japanese Grand Prix,BOR,48.0,2.0,HARD,26.0,94.278,1,True
3,Japanese Grand Prix,BOR,49.0,2.0,HARD,27.0,95.055,1,True
3,Japanese Grand Prix,BOR,50.0,2.0,HARD,28.0,94.586,1,True
3,Japanese Grand Prix,BOR,51.0,2.0,HARD,29.0,94.33,1,True
3,Japanese Grand Prix,BOR,52.0,2.0,HARD,30.0,95.002,1,True
3,Japanese Grand Prix,BOR,53.0,2.0,HARD,31.0,95.123,1,True
3,Japanese Grand Prix,SAI,1.0,1.0,MEDIUM,1.0,103.908,1,False
3,Japanese Grand Prix,SAI,2.0,1.0,MEDIUM,2.0,97.798,1,False
3,Japanese Grand Prix,SAI,3.0,1.0,MEDIUM,3.0,97.881,1,True
3,Japanese Grand Prix,SAI,4.0,1.0,MEDIUM,4.0,97.39,1,True
3,Japanese Grand Prix,SAI,5.0,1.0,MEDIUM,5.0,96.72,1,True
3,Japanese Grand Prix,SAI,6.0,1.0,MEDIUM,6.0,97.683,1,True
3,Japanese Grand Prix,SAI,7.0,1.0,MEDIUM,7.0,97.362,1,True
3,Japanese Grand Prix,SAI,8.0,1.0,MEDIUM,8.0,96.893,1,True
3,Japanese Grand Prix,SAI,9.0,1.0,MEDIUM,9.0,96.848,1,True
3,Japanese Grand Prix,SAI,10.0,1.0,MEDIUM,10.0,96.761,1,True
3,Japanese Grand Prix,SAI,11.0,1.0,MEDIUM,11.0,96.489,1,True
3,Japanese Grand Prix,SAI,12.0,1.0,MEDIUM,12.0,97.374,1,True
3,Japanese Grand Prix,SAI,13.0,1.0,MEDIUM,13.0,96.893,1,True
3,Japanese Grand Prix,SAI,14.0,1.0,MEDIUM,14.0,97.031,1,True
3,Japanese Grand Prix,SAI,15.0,1.0,MEDIUM,15.0,97.747,1,True
3,Japanese Grand Prix,SAI,16.0,1.0,MEDIUM,16.0,96.557,1,True
3,Japanese Grand Prix,SAI,17.0,1.0,MEDIUM,17.0,96.914,1,True
3,Japanese Grand Prix,SAI,18.0,1.0,MEDIUM,18.0,96.768,1,True
3,Japanese Grand Prix,SAI,19.0,1.0,MEDIUM,19.0,96.593,1,True
3,Japanese Grand Prix,SAI,20.0,1.0,MEDIUM,20.0,96.46,1,True
3,Japanese Grand Prix,SAI,21.0,1.0,MEDIUM,21.0,96.49,12,False
3,Japanese Grand Prix,SAI,22.0,1.0,MEDIUM,22.0,126.871,24,False
3,Japanese Grand Prix,SAI,23.0,2.0,HARD,1.0,146.337,4,False
3,Japanese Grand Prix,SAI,24.0,2.0,HARD,2.0,122.885,4,False
3,Japanese Grand Prix,SAI,25.0,2.0,HARD,3.0,,4,False
3,Japanese Grand Prix,SAI,26.0,2.0,HARD,4.0,147.744,4,False
3,Japanese Grand Prix,SAI,27.0,2.0,HARD,5.0,133.468,41,False
3,Japanese Grand Prix,SAI,28.0,2.0,HARD,6.0,96.533,1,True
3,Japanese Grand Prix,SAI,29.0,2.0,HARD,7.0,96.427,1,True
3,Japanese Grand Prix,SAI,30.0,2.0,HARD,8.0,96.134,1,True
3,Japanese Grand Prix,SAI,31.0,2.0,HARD,9.0,96.121,1,True
3,Japanese Grand Prix,SAI,32.0,2.0,HARD,10.0,95.583,1,True
3,Japanese Grand Prix,SAI,33.0,2.0,HARD,11.0,95.094,1,True
3,Japanese Grand Prix,SAI,34.0,2.0,HARD,12.0,95.138,1,True
3,Japanese Grand Prix,SAI,35.0,2.0,HARD,13.0,95.085,1,True
3,Japanese Grand Prix,SAI,36.0,2.0,HARD,14.0,94.903,1,True
3,Japanese Grand Prix,SAI,37.0,2.0,HARD,15.0,94.992,1,True
3,Japanese Grand Prix,SAI,38.0,2.0,HARD,16.0,94.514,1,True
3,Japanese Grand Prix,SAI,39.0,2.0,HARD,17.0,95.177,1,True
3,Japanese Grand Prix,SAI,40.0,2.0,HARD,18.0,94.926,1,True
3,Japanese Grand Prix,SAI,41.0,2.0,HARD,19.0,95.064,1,True
3,Japanese Grand Prix,SAI,42.0,2.0,HARD,20.0,95.071,1,True
3,Japanese Grand Prix,SAI,43.0,2.0,HARD,21.0,95.246,1,True
3,Japanese Grand Prix,SAI,44.0,2.0,HARD,22.0,95.054,1,True
3,Japanese Grand Prix,SAI,45.0,2.0,HARD,23.0,95.017,1,True
3,Japanese Grand Prix,SAI,46.0,2.0,HARD,24.0,95.307,1,True
3,Japanese Grand Prix,SAI,47.0,2.0,HARD,25.0,94.97,1,True
3,Japanese Grand Prix,SAI,48.0,2.0,HARD,26.0,95.021,1,True
3,Japanese Grand Prix,SAI,49.0,2.0,HARD,27.0,95.093,1,True
3,Japanese Grand Prix,SAI,50.0,2.0,HARD,28.0,95.218,1,True
3,Japanese Grand Prix,SAI,51.0,2.0,HARD,29.0,95.356,1,True
3,Japanese Grand Prix,SAI,52.0,2.0,HARD,30.0,94.661,1,True
3,Japanese Grand Prix,SAI,53.0,2.0,HARD,31.0,94.539,1,True
3,Japanese Grand Prix,HAD,1.0,1.0,MEDIUM,1.0,100.293,1,False
3,Japanese Grand Prix,HAD,2.0,1.0,MEDIUM,2.0,98.261,1,False
3,Japanese Grand Prix,HAD,3.0,1.0,MEDIUM,3.0,97.193,1,True
3,Japanese Grand Prix,HAD,4.0,1.0,MEDIUM,4.0,96.017,1,True
3,Japanese Grand Prix,HAD,5.0,1.0,MEDIUM,5.0,96.363,1,True
3,Japanese Grand Prix,HAD,6.0,1.0,MEDIUM,6.0,97.105,1,True
3,Japanese Grand Prix,HAD,7.0,1.0,MEDIUM,7.0,96.393,1,True
3,Japanese Grand Prix,HAD,8.0,1.0,MEDIUM,8.0,96.203,1,True
3,Japanese Grand Prix,HAD,9.0,1.0,MEDIUM,9.0,96.505,1,True
3,Japanese Grand Prix,HAD,10.0,1.0,MEDIUM,10.0,96.234,1,True
3,Japanese Grand Prix,HAD,11.0,1.0,MEDIUM,11.0,96.941,1,True
3,Japanese Grand Prix,HAD,12.0,1.0,MEDIUM,12.0,98.692,1,True
3,Japanese Grand Prix,HAD,13.0,1.0,MEDIUM,13.0,96.464,1,True
3,Japanese Grand Prix,HAD,14.0,1.0,MEDIUM,14.0,96.672,1,True
3,Japanese Grand Prix,HAD,15.0,1.0,MEDIUM,15.0,96.777,1,True
3,Japanese Grand Prix,HAD,16.0,1.0,MEDIUM,16.0,97.204,1,True
3,Japanese Grand Prix,HAD,17.0,1.0,MEDIUM,17.0,96.985,1,True
3,Japanese Grand Prix,HAD,18.0,1.0,MEDIUM,18.0,96.294,1,True
3,Japanese Grand Prix,HAD,19.0,1.0,MEDIUM,19.0,97.735,1,False
3,Japanese Grand Prix,HAD,20.0,2.0,HARD,1.0,115.961,1,False
3,Japanese Grand Prix,HAD,21.0,2.0,HARD,2.0,99.933,124,False
3,Japanese Grand Prix,HAD,22.0,2.0,HARD,3.0,125.71,4,False
3,Japanese Grand Prix,HAD,23.0,2.0,HARD,4.0,127.64,4,False
3,Japanese Grand Prix,HAD,24.0,2.0,HARD,5.0,124.942,4,False
3,Japanese Grand Prix,HAD,25.0,2.0,HARD,6.0,,4,False
3,Japanese Grand Prix,HAD,26.0,2.0,HARD,7.0,147.242,4,False
3,Japanese Grand Prix,HAD,27.0,2.0,HARD,8.0,135.125,41,False
3,Japanese Grand Prix,HAD,28.0,2.0,HARD,9.0,96.376,1,True
3,Japanese Grand Prix,HAD,29.0,2.0,HARD,10.0,96.05,1,True
3,Japanese Grand Prix,HAD,30.0,2.0,HARD,11.0,95.485,1,True
3,Japanese Grand Prix,HAD,31.0,2.0,HARD,12.0,95.255,1,True
3,Japanese Grand Prix,HAD,32.0,2.0,HARD,13.0,94.986,1,True
3,Japanese Grand Prix,HAD,33.0,2.0,HARD,14.0,94.718,1,True
3,Japanese Grand Prix,HAD,34.0,2.0,HARD,15.0,95.145,1,True
3,Japanese Grand Prix,HAD,35.0,2.0,HARD,16.0,95.64,1,True
3,Japanese Grand Prix,HAD,36.0,2.0,HARD,17.0,93.96,1,True
3,Japanese Grand Prix,HAD,37.0,2.0,HARD,18.0,94.637,1,True
3,Japanese Grand Prix,HAD,38.0,2.0,HARD,19.0,94.466,1,True
3,Japanese Grand Prix,HAD,39.0,2.0,HARD,20.0,94.558,1,True
3,Japanese Grand Prix,HAD,40.0,2.0,HARD,21.0,94.361,1,True
3,Japanese Grand Prix,HAD,41.0,2.0,HARD,22.0,94.482,1,True
3,Japanese Grand Prix,HAD,42.0,2.0,HARD,23.0,94.543,1,True
3,Japanese Grand Prix,HAD,43.0,2.0,HARD,24.0,94.872,1,True
3,Japanese Grand Prix,HAD,44.0,2.0,HARD,25.0,94.376,1,True
3,Japanese Grand Prix,HAD,45.0,2.0,HARD,26.0,95.914,1,True
3,Japanese Grand Prix,HAD,46.0,2.0,HARD,27.0,96.112,1,True
3,Japanese Grand Prix,HAD,47.0,2.0,HARD,28.0,95.366,1,True
3,Japanese Grand Prix,HAD,48.0,2.0,HARD,29.0,94.972,1,True
3,Japanese Grand Prix,HAD,49.0,2.0,HARD,30.0,94.946,1,True
3,Japanese Grand Prix,HAD,50.0,2.0,HARD,31.0,94.774,1,True
3,Japanese Grand Prix,HAD,51.0,2.0,HARD,32.0,94.126,1,True
3,Japanese Grand Prix,HAD,52.0,2.0,HARD,33.0,94.301,1,True
3,Japanese Grand Prix,HAD,53.0,2.0,HARD,34.0,93.837,1,True
3,Japanese Grand Prix,RUS,1.0,1.0,MEDIUM,1.0,97.823,1,False
3,Japanese Grand Prix,RUS,2.0,1.0,MEDIUM,2.0,94.87,1,False
3,Japanese Grand Prix,RUS,3.0,1.0,MEDIUM,3.0,94.469,1,True
3,Japanese Grand Prix,RUS,4.0,1.0,MEDIUM,4.0,94.772,1,True
3,Japanese Grand Prix,RUS,5.0,1.0,MEDIUM,5.0,94.71,1,True
3,Japanese Grand Prix,RUS,6.0,1.0,MEDIUM,6.0,94.796,1,True
3,Japanese Grand Prix,RUS,7.0,1.0,MEDIUM,7.0,94.741,1,True
3,Japanese Grand Prix,RUS,8.0,1.0,MEDIUM,8.0,95.043,1,True
3,Japanese Grand Prix,RUS,9.0,1.0,MEDIUM,9.0,96.042,1,True
3,Japanese Grand Prix,RUS,10.0,1.0,MEDIUM,10.0,94.936,1,True
3,Japanese Grand Prix,RUS,11.0,1.0,MEDIUM,11.0,95.332,1,True
3,Japanese Grand Prix,RUS,12.0,1.0,MEDIUM,12.0,95.078,1,True
3,Japanese Grand Prix,RUS,13.0,1.0,MEDIUM,13.0,95.249,1,True
3,Japanese Grand Prix,RUS,14.0,1.0,MEDIUM,14.0,95.101,1,True
3,Japanese Grand Prix,RUS,15.0,1.0,MEDIUM,15.0,95.148,1,True
3,Japanese Grand Prix,RUS,16.0,1.0,MEDIUM,16.0,95.253,1,True
3,Japanese Grand Prix,RUS,17.0,1.0,MEDIUM,17.0,95.033,1,True
3,Japanese Grand Prix,RUS,18.0,1.0,MEDIUM,18.0,94.788,1,True
3,Japanese Grand Prix,RUS,19.0,1.0,MEDIUM,19.0,94.987,1,True
3,Japanese Grand Prix,RUS,20.0,1.0,MEDIUM,20.0,94.523,1,True
3,Japanese Grand Prix,RUS,21.0,1.0,MEDIUM,21.0,96.505,1,False
3,Japanese Grand Prix,RUS,22.0,2.0,HARD,1.0,139.263,124,False
3,Japanese Grand Prix,RUS,23.0,2.0,HARD,2.0,138.104,4,False
3,Japanese Grand Prix,RUS,24.0,2.0,HARD,3.0,149.072,4,False
3,Japanese Grand Prix,RUS,25.0,2.0,HARD,4.0,,4,False
3,Japanese Grand Prix,RUS,26.0,2.0,HARD,5.0,144.757,4,False
3,Japanese Grand Prix,RUS,27.0,2.0,HARD,6.0,145.74,41,False
3,Japanese Grand Prix,RUS,28.0,2.0,HARD,7.0,95.242,1,True
3,Japanese Grand Prix,RUS,29.0,2.0,HARD,8.0,93.717,1,True
3,Japanese Grand Prix,RUS,30.0,2.0,HARD,9.0,93.612,1,True
3,Japanese Grand Prix,RUS,31.0,2.0,HARD,10.0,93.905,1,True
3,Japanese Grand Prix,RUS,32.0,2.0,HARD,11.0,93.405,1,True
3,Japanese Grand Prix,RUS,33.0,2.0,HARD,12.0,93.5,1,True
3,Japanese Grand Prix,RUS,34.0,2.0,HARD,13.0,93.485,1,True
3,Japanese Grand Prix,RUS,35.0,2.0,HARD,14.0,93.336,1,True
3,Japanese Grand Prix,RUS,36.0,2.0,HARD,15.0,93.673,1,True
3,Japanese Grand Prix,RUS,37.0,2.0,HARD,16.0,94.808,1,True
3,Japanese Grand Prix,RUS,38.0,2.0,HARD,17.0,93.527,1,True
3,Japanese Grand Prix,RUS,39.0,2.0,HARD,18.0,93.454,1,True
3,Japanese Grand Prix,RUS,40.0,2.0,HARD,19.0,93.661,1,True
3,Japanese Grand Prix,RUS,41.0,2.0,HARD,20.0,94.191,1,True
3,Japanese Grand Prix,RUS,42.0,2.0,HARD,21.0,94.031,1,True
3,Japanese Grand Prix,RUS,43.0,2.0,HARD,22.0,92.897,1,True
3,Japanese Grand Prix,RUS,44.0,2.0,HARD,23.0,93.053,1,True
3,Japanese Grand Prix,RUS,45.0,2.0,HARD,24.0,93.274,1,True
3,Japanese Grand Prix,RUS,46.0,2.0,HARD,25.0,93.146,1,True
3,Japanese Grand Prix,RUS,47.0,2.0,HARD,26.0,93.176,1,True
3,Japanese Grand Prix,RUS,48.0,2.0,HARD,27.0,93.046,1,True
3,Japanese Grand Prix,RUS,49.0,2.0,HARD,28.0,93.354,1,True
3,Japanese Grand Prix,RUS,50.0,2.0,HARD,29.0,93.217,1,True
3,Japanese Grand Prix,RUS,51.0,2.0,HARD,30.0,94.088,1,True
3,Japanese Grand Prix,RUS,52.0,2.0,HARD,31.0,93.11,1,True
3,Japanese Grand Prix,RUS,53.0,2.0,HARD,32.0,92.549,1,True
3,Japanese Grand Prix,BOT,1.0,1.0,HARD,1.0,107.837,1,False
3,Japanese Grand Prix,BOT,2.0,1.0,HARD,2.0,99.358,1,False
3,Japanese Grand Prix,BOT,3.0,1.0,HARD,3.0,98.311,1,True
3,Japanese Grand Prix,BOT,4.0,1.0,HARD,4.0,98.484,1,True
3,Japanese Grand Prix,BOT,5.0,1.0,HARD,5.0,98.495,1,True
3,Japanese Grand Prix,BOT,6.0,1.0,HARD,6.0,98.627,1,True
3,Japanese Grand Prix,BOT,7.0,1.0,HARD,7.0,98.485,1,True
3,Japanese Grand Prix,BOT,8.0,1.0,HARD,8.0,98.658,1,True
3,Japanese Grand Prix,BOT,9.0,1.0,HARD,9.0,98.823,1,True
3,Japanese Grand Prix,BOT,10.0,1.0,HARD,10.0,98.835,1,True
3,Japanese Grand Prix,BOT,11.0,1.0,HARD,11.0,98.869,1,True
3,Japanese Grand Prix,BOT,12.0,1.0,HARD,12.0,99.272,1,True
3,Japanese Grand Prix,BOT,13.0,1.0,HARD,13.0,98.714,1,True
3,Japanese Grand Prix,BOT,14.0,1.0,HARD,14.0,99.447,1,True
3,Japanese Grand Prix,BOT,15.0,1.0,HARD,15.0,98.951,1,True
3,Japanese Grand Prix,BOT,16.0,1.0,HARD,16.0,98.42,1,True
3,Japanese Grand Prix,BOT,17.0,1.0,HARD,17.0,99.127,1,True
3,Japanese Grand Prix,BOT,18.0,1.0,HARD,18.0,102.013,1,True
3,Japanese Grand Prix,BOT,19.0,1.0,HARD,19.0,101.943,1,False
3,Japanese Grand Prix,BOT,20.0,2.0,MEDIUM,1.0,120.289,1,False
3,Japanese Grand Prix,BOT,21.0,2.0,MEDIUM,2.0,119.977,124,False
3,Japanese Grand Prix,BOT,22.0,2.0,MEDIUM,3.0,140.358,4,False
3,Japanese Grand Prix,BOT,23.0,2.0,MEDIUM,4.0,149.827,4,False
3,Japanese Grand Prix,BOT,24.0,2.0,MEDIUM,5.0,,4,False
3,Japanese Grand Prix,BOT,25.0,2.0,MEDIUM,6.0,116.396,4,False
3,Japanese Grand Prix,BOT,26.0,2.0,MEDIUM,7.0,99.379,4,False
3,Japanese Grand Prix,BOT,27.0,2.0,MEDIUM,8.0,98.153,41,False
3,Japanese Grand Prix,BOT,28.0,2.0,MEDIUM,9.0,97.163,1,True
3,Japanese Grand Prix,BOT,29.0,2.0,MEDIUM,10.0,97.203,1,True
3,Japanese Grand Prix,BOT,30.0,2.0,MEDIUM,11.0,97.369,1,True
3,Japanese Grand Prix,BOT,31.0,2.0,MEDIUM,12.0,97.112,1,True
3,Japanese Grand Prix,BOT,32.0,2.0,MEDIUM,13.0,97.142,1,True
3,Japanese Grand Prix,BOT,33.0,2.0,MEDIUM,14.0,97.072,1,True
3,Japanese Grand Prix,BOT,34.0,2.0,MEDIUM,15.0,97.059,1,True
3,Japanese Grand Prix,BOT,35.0,2.0,MEDIUM,16.0,97.169,1,True
3,Japanese Grand Prix,BOT,36.0,2.0,MEDIUM,17.0,97.19,1,True
3,Japanese Grand Prix,BOT,37.0,2.0,MEDIUM,18.0,96.878,1,True
3,Japanese Grand Prix,BOT,38.0,2.0,MEDIUM,19.0,96.853,1,True
3,Japanese Grand Prix,BOT,39.0,2.0,MEDIUM,20.0,96.92,1,True
3,Japanese Grand Prix,BOT,40.0,2.0,MEDIUM,21.0,96.919,1,True
3,Japanese Grand Prix,BOT,41.0,2.0,MEDIUM,22.0,96.737,1,True
3,Japanese Grand Prix,BOT,42.0,2.0,MEDIUM,23.0,96.631,1,True
3,Japanese Grand Prix,BOT,43.0,2.0,MEDIUM,24.0,96.859,1,True
3,Japanese Grand Prix,BOT,44.0,2.0,MEDIUM,25.0,96.847,1,True
3,Japanese Grand Prix,BOT,45.0,2.0,MEDIUM,26.0,98.889,1,True
3,Japanese Grand Prix,BOT,46.0,2.0,MEDIUM,27.0,96.821,1,True
3,Japanese Grand Prix,BOT,47.0,2.0,MEDIUM,28.0,106.651,1,True
3,Japanese Grand Prix,BOT,48.0,2.0,MEDIUM,29.0,97.066,1,True
3,Japanese Grand Prix,BOT,49.0,2.0,MEDIUM,30.0,99.218,1,True
3,Japanese Grand Prix,BOT,50.0,2.0,MEDIUM,31.0,96.806,1,True
3,Japanese Grand Prix,BOT,51.0,2.0,MEDIUM,32.0,97.217,1,True
3,Japanese Grand Prix,BOT,52.0,2.0,MEDIUM,33.0,96.269,1,True
3,Japanese Grand Prix,PIA,1.0,1.0,MEDIUM,1.0,95.268,1,False
3,Japanese Grand Prix,PIA,2.0,1.0,MEDIUM,2.0,94.949,1,False
3,Japanese Grand Prix,PIA,3.0,1.0,MEDIUM,3.0,94.999,1,True
3,Japanese Grand Prix,PIA,4.0,1.0,MEDIUM,4.0,95.136,1,True
3,Japanese Grand Prix,PIA,5.0,1.0,MEDIUM,5.0,95.124,1,True
3,Japanese Grand Prix,PIA,6.0,1.0,MEDIUM,6.0,95.109,1,True
3,Japanese Grand Prix,PIA,7.0,1.0,MEDIUM,7.0,95.078,1,True
3,Japanese Grand Prix,PIA,8.0,1.0,MEDIUM,8.0,95.815,1,True
3,Japanese Grand Prix,PIA,9.0,1.0,MEDIUM,9.0,94.793,1,True
3,Japanese Grand Prix,PIA,10.0,1.0,MEDIUM,10.0,95.111,1,True
3,Japanese Grand Prix,PIA,11.0,1.0,MEDIUM,11.0,95.419,1,True
3,Japanese Grand Prix,PIA,12.0,1.0,MEDIUM,12.0,95.108,1,True
3,Japanese Grand Prix,PIA,13.0,1.0,MEDIUM,13.0,94.856,1,True
3,Japanese Grand Prix,PIA,14.0,1.0,MEDIUM,14.0,95.095,1,True
3,Japanese Grand Prix,PIA,15.0,1.0,MEDIUM,15.0,94.905,1,True
3,Japanese Grand Prix,PIA,16.0,1.0,MEDIUM,16.0,94.885,1,True
3,Japanese Grand Prix,PIA,17.0,1.0,MEDIUM,17.0,94.916,1,True
3,Japanese Grand Prix,PIA,18.0,1.0,MEDIUM,18.0,97.327,1,False
3,Japanese Grand Prix,PIA,19.0,2.0,HARD,1.0,114.537,1,False
3,Japanese Grand Prix,PIA,20.0,2.0,HARD,2.0,94.774,1,True
3,Japanese Grand Prix,PIA,21.0,2.0,HARD,3.0,94.01,1,True
3,Japanese Grand Prix,PIA,22.0,2.0,HARD,4.0,118.972,124,False
3,Japanese Grand Prix,PIA,23.0,2.0,HARD,5.0,138.911,4,False
3,Japanese Grand Prix,PIA,24.0,2.0,HARD,6.0,149.294,4,False
3,Japanese Grand Prix,PIA,25.0,2.0,HARD,7.0,,4,False
3,Japanese Grand Prix,PIA,26.0,2.0,HARD,8.0,145.382,4,False
3,Japanese Grand Prix,PIA,27.0,2.0,HARD,9.0,146.074,41,False
3,Japanese Grand Prix,PIA,28.0,2.0,HARD,10.0,94.314,1,True
3,Japanese Grand Prix,PIA,29.0,2.0,HARD,11.0,93.667,1,True
3,Japanese Grand Prix,PIA,30.0,2.0,HARD,12.0,93.699,1,True
3,Japanese Grand Prix,PIA,31.0,2.0,HARD,13.0,93.41,1,True
3,Japanese Grand Prix,PIA,32.0,2.0,HARD,14.0,93.605,1,True
3,Japanese Grand Prix,PIA,33.0,2.0,HARD,15.0,93.484,1,True
3,Japanese Grand Prix,PIA,34.0,2.0,HARD,16.0,93.401,1,True
3,Japanese Grand Prix,PIA,35.0,2.0,HARD,17.0,93.509,1,True
3,Japanese Grand Prix,PIA,36.0,2.0,HARD,18.0,93.411,1,True
3,Japanese Grand Prix,PIA,37.0,2.0,HARD,19.0,93.708,1,True
3,Japanese Grand Prix,PIA,38.0,2.0,HARD,20.0,93.712,1,True
3,Japanese Grand Prix,PIA,39.0,2.0,HARD,21.0,93.467,1,True
3,Japanese Grand Prix,PIA,40.0,2.0,HARD,22.0,93.469,1,True
3,Japanese Grand Prix,PIA,41.0,2.0,HARD,23.0,93.764,1,True
3,Japanese Grand Prix,PIA,42.0,2.0,HARD,24.0,93.513,1,True
3,Japanese Grand Prix,PIA,43.0,2.0,HARD,25.0,93.518,1,True
3,Japanese Grand Prix,PIA,44.0,2.0,HARD,26.0,93.431,1,True
3,Japanese Grand Prix,PIA,45.0,2.0,HARD,27.0,93.523,1,True
3,Japanese Grand Prix,PIA,46.0,2.0,HARD,28.0,93.329,1,True
3,Japanese Grand Prix,PIA,47.0,2.0,HARD,29.0,93.197,1,True
3,Japanese Grand Prix,PIA,48.0,2.0,HARD,30.0,93.371,1,True
3,Japanese Grand Prix,PIA,49.0,2.0,HARD,31.0,92.996,1,True
3,Japanese Grand Prix,PIA,50.0,2.0,HARD,32.0,93.266,1,True
3,Japanese Grand Prix,PIA,51.0,2.0,HARD,33.0,93.826,1,True
3,Japanese Grand Prix,PIA,52.0,2.0,HARD,34.0,93.012,1,True
3,Japanese Grand Prix,PIA,53.0,2.0,HARD,35.0,93.294,1,True
3,Japanese Grand Prix,BEA,1.0,1.0,MEDIUM,1.0,104.406,1,False
3,Japanese Grand Prix,BEA,2.0,1.0,MEDIUM,2.0,96.402,1,False
3,Japanese Grand Prix,BEA,3.0,1.0,MEDIUM,3.0,97.62,1,True
3,Japanese Grand Prix,BEA,4.0,1.0,MEDIUM,4.0,96.663,1,True
3,Japanese Grand Prix,BEA,5.0,1.0,MEDIUM,5.0,96.847,1,True
3,Japanese Grand Prix,BEA,6.0,1.0,MEDIUM,6.0,96.914,1,True
3,Japanese Grand Prix,BEA,7.0,1.0,MEDIUM,7.0,97.42,1,True
3,Japanese Grand Prix,BEA,8.0,1.0,MEDIUM,8.0,96.291,1,True
3,Japanese Grand Prix,BEA,9.0,1.0,MEDIUM,9.0,96.294,1,True
3,Japanese Grand Prix,BEA,10.0,1.0,MEDIUM,10.0,96.764,1,True
3,Japanese Grand Prix,BEA,11.0,1.0,MEDIUM,11.0,97.79,1,True
3,Japanese Grand Prix,BEA,12.0,1.0,MEDIUM,12.0,97.128,1,True
3,Japanese Grand Prix,BEA,13.0,1.0,MEDIUM,13.0,96.764,1,True
3,Japanese Grand Prix,BEA,14.0,1.0,MEDIUM,14.0,96.645,1,True
3,Japanese Grand Prix,BEA,15.0,1.0,MEDIUM,15.0,96.624,1,True
3,Japanese Grand Prix,BEA,16.0,1.0,MEDIUM,16.0,98.787,1,False
3,Japanese Grand Prix,BEA,17.0,2.0,HARD,1.0,117.448,1,False
3,Japanese Grand Prix,BEA,18.0,2.0,HARD,2.0,96.054,1,True
3,Japanese Grand Prix,BEA,19.0,2.0,HARD,3.0,95.905,1,True
3,Japanese Grand Prix,BEA,20.0,2.0,HARD,4.0,95.604,1,True
3,Japanese Grand Prix,BEA,21.0,2.0,HARD,5.0,,124,False
4,Miami Grand Prix,NOR,1.0,1.0,MEDIUM,1.0,98.115,1,False
4,Miami Grand Prix,NOR,2.0,1.0,MEDIUM,2.0,92.77,1,False
4,Miami Grand Prix,NOR,3.0,1.0,MEDIUM,3.0,93.263,1,True
4,Miami Grand Prix,NOR,4.0,1.0,MEDIUM,4.0,93.814,1,True
4,Miami Grand Prix,NOR,5.0,1.0,MEDIUM,5.0,93.842,12,False
4,Miami Grand Prix,NOR,6.0,1.0,MEDIUM,6.0,130.35,24,False
4,Miami Grand Prix,NOR,7.0,1.0,MEDIUM,7.0,137.842,4,False
4,Miami Grand Prix,NOR,8.0,1.0,MEDIUM,8.0,142.399,4,False
4,Miami Grand Prix,NOR,9.0,1.0,MEDIUM,9.0,147.626,4,False
4,Miami Grand Prix,NOR,10.0,1.0,MEDIUM,10.0,139.119,4,False
4,Miami Grand Prix,NOR,11.0,1.0,MEDIUM,11.0,,41,False
4,Miami Grand Prix,NOR,12.0,1.0,MEDIUM,12.0,92.556,1,True
4,Miami Grand Prix,NOR,13.0,1.0,MEDIUM,13.0,92.894,1,True
4,Miami Grand Prix,NOR,14.0,1.0,MEDIUM,14.0,92.794,1,True
4,Miami Grand Prix,NOR,15.0,1.0,MEDIUM,15.0,92.987,1,True
4,Miami Grand Prix,NOR,16.0,1.0,MEDIUM,16.0,92.87,12,False
4,Miami Grand Prix,NOR,17.0,1.0,MEDIUM,17.0,93.094,1,True
4,Miami Grand Prix,NOR,18.0,1.0,MEDIUM,18.0,93.04,1,True
4,Miami Grand Prix,NOR,19.0,1.0,MEDIUM,19.0,93.008,1,True
4,Miami Grand Prix,NOR,20.0,1.0,MEDIUM,20.0,93.193,1,True
4,Miami Grand Prix,NOR,21.0,1.0,MEDIUM,21.0,92.881,1,True
4,Miami Grand Prix,NOR,22.0,1.0,MEDIUM,22.0,93.048,1,True
4,Miami Grand Prix,NOR,23.0,1.0,MEDIUM,23.0,93.098,1,True
4,Miami Grand Prix,NOR,24.0,1.0,MEDIUM,24.0,93.093,1,True
4,Miami Grand Prix,NOR,25.0,1.0,MEDIUM,25.0,93.384,1,True
4,Miami Grand Prix,NOR,26.0,1.0,MEDIUM,26.0,93.059,1,True
4,Miami Grand Prix,NOR,27.0,1.0,MEDIUM,27.0,98.504,1,False
4,Miami Grand Prix,NOR,28.0,2.0,HARD,1.0,107.153,1,False
4,Miami Grand Prix,NOR,29.0,2.0,HARD,2.0,93.451,1,True
4,Miami Grand Prix,NOR,30.0,2.0,HARD,3.0,92.247,1,True
4,Miami Grand Prix,NOR,31.0,2.0,HARD,4.0,92.069,1,True
4,Miami Grand Prix,NOR,32.0,2.0,HARD,5.0,92.155,1,True
4,Miami Grand Prix,NOR,33.0,2.0,HARD,6.0,91.991,1,True
4,Miami Grand Prix,NOR,34.0,2.0,HARD,7.0,92.32,1,True
4,Miami Grand Prix,NOR,35.0,2.0,HARD,8.0,91.869,1,True
4,Miami Grand Prix,NOR,36.0,2.0,HARD,9.0,92.326,1,True
4,Miami Grand Prix,NOR,37.0,2.0,HARD,10.0,92.391,1,True
4,Miami Grand Prix,NOR,38.0,2.0,HARD,11.0,92.383,1,True
4,Miami Grand Prix,NOR,39.0,2.0,HARD,12.0,92.657,1,True
4,Miami Grand Prix,NOR,40.0,2.0,HARD,13.0,92.64,1,True
4,Miami Grand Prix,NOR,41.0,2.0,HARD,14.0,92.676,1,True
4,Miami Grand Prix,NOR,42.0,2.0,HARD,15.0,92.662,1,True
4,Miami Grand Prix,NOR,43.0,2.0,HARD,16.0,92.491,1,True
4,Miami Grand Prix,NOR,44.0,2.0,HARD,17.0,92.591,1,True
4,Miami Grand Prix,NOR,45.0,2.0,HARD,18.0,92.469,1,True
4,Miami Grand Prix,NOR,46.0,2.0,HARD,19.0,92.715,1,True
4,Miami Grand Prix,NOR,47.0,2.0,HARD,20.0,92.235,1,True
4,Miami Grand Prix,NOR,48.0,2.0,HARD,21.0,92.398,12,False
4,Miami Grand Prix,NOR,49.0,2.0,HARD,22.0,92.269,1,True
4,Miami Grand Prix,NOR,50.0,2.0,HARD,23.0,92.428,1,True
4,Miami Grand Prix,NOR,51.0,2.0,HARD,24.0,92.394,1,True
4,Miami Grand Prix,NOR,52.0,2.0,HARD,25.0,92.464,1,True
4,Miami Grand Prix,NOR,53.0,2.0,HARD,26.0,92.738,1,True
4,Miami Grand Prix,NOR,54.0,2.0,HARD,27.0,92.038,1,True
4,Miami Grand Prix,NOR,55.0,2.0,HARD,28.0,92.493,1,True
4,Miami Grand Prix,NOR,56.0,2.0,HARD,29.0,92.849,1,True
4,Miami Grand Prix,NOR,57.0,2.0,HARD,30.0,93.474,12,False
4,Miami Grand Prix,GAS,1.0,1.0,MEDIUM,1.0,105.243,1,False
4,Miami Grand Prix,GAS,2.0,1.0,MEDIUM,2.0,95.576,1,False
4,Miami Grand Prix,GAS,3.0,1.0,MEDIUM,3.0,95.046,1,True
4,Miami Grand Prix,GAS,4.0,1.0,MEDIUM,4.0,94.856,1,True
4,Miami Grand Prix,GAS,5.0,1.0,MEDIUM,5.0,,124,False
4,Miami Grand Prix,PER,1.0,1.0,MEDIUM,1.0,107.924,1,False
4,Miami Grand Prix,PER,2.0,1.0,MEDIUM,2.0,96.783,1,False
4,Miami Grand Prix,PER,3.0,1.0,MEDIUM,3.0,97.009,1,True
4,Miami Grand Prix,PER,4.0,1.0,MEDIUM,4.0,96.307,1,True
4,Miami Grand Prix,PER,5.0,1.0,MEDIUM,5.0,96.828,124,False
4,Miami Grand Prix,PER,6.0,1.0,MEDIUM,6.0,134.677,4,False
4,Miami Grand Prix,PER,7.0,1.0,MEDIUM,7.0,128.893,4,False
4,Miami Grand Prix,PER,8.0,1.0,MEDIUM,8.0,141.449,4,False
4,Miami Grand Prix,PER,9.0,1.0,MEDIUM,9.0,143.123,4,False
4,Miami Grand Prix,PER,10.0,1.0,MEDIUM,10.0,140.172,4,False
4,Miami Grand Prix,PER,11.0,1.0,MEDIUM,11.0,142.406,41,False
4,Miami Grand Prix,PER,12.0,1.0,MEDIUM,12.0,96.951,1,True
4,Miami Grand Prix,PER,13.0,1.0,MEDIUM,13.0,96.605,1,True
4,Miami Grand Prix,PER,14.0,1.0,MEDIUM,14.0,96.571,1,True
4,Miami Grand Prix,PER,15.0,1.0,MEDIUM,15.0,96.214,12,False
4,Miami Grand Prix,PER,16.0,1.0,MEDIUM,16.0,96.404,1,True
4,Miami Grand Prix,PER,17.0,1.0,MEDIUM,17.0,96.436,1,True
4,Miami Grand Prix,PER,18.0,1.0,MEDIUM,18.0,96.558,1,True
4,Miami Grand Prix,PER,19.0,1.0,MEDIUM,19.0,96.405,1,True
4,Miami Grand Prix,PER,20.0,1.0,MEDIUM,20.0,96.498,1,True
4,Miami Grand Prix,PER,21.0,1.0,MEDIUM,21.0,96.52,1,True
4,Miami Grand Prix,PER,22.0,1.0,MEDIUM,22.0,96.255,1,True
4,Miami Grand Prix,PER,23.0,1.0,MEDIUM,23.0,96.617,1,True
4,Miami Grand Prix,PER,24.0,1.0,MEDIUM,24.0,96.353,1,True
4,Miami Grand Prix,PER,25.0,1.0,MEDIUM,25.0,96.732,1,True
4,Miami Grand Prix,PER,26.0,1.0,MEDIUM,26.0,96.278,1,True
4,Miami Grand Prix,PER,27.0,1.0,MEDIUM,27.0,96.385,1,True
4,Miami Grand Prix,PER,28.0,1.0,MEDIUM,28.0,96.919,1,True
4,Miami Grand Prix,PER,29.0,1.0,MEDIUM,29.0,102.282,1,False
4,Miami Grand Prix,PER,30.0,2.0,HARD,1.0,109.853,1,False
4,Miami Grand Prix,PER,31.0,2.0,HARD,2.0,94.895,1,True
4,Miami Grand Prix,PER,32.0,2.0,HARD,3.0,95.379,1,True
4,Miami Grand Prix,PER,33.0,2.0,HARD,4.0,95.011,1,True
4,Miami Grand Prix,PER,34.0,2.0,HARD,5.0,95.312,1,True
4,Miami Grand Prix,PER,35.0,2.0,HARD,6.0,95.648,1,True
4,Miami Grand Prix,PER,36.0,2.0,HARD,7.0,97.862,1,True
4,Miami Grand Prix,PER,37.0,2.0,HARD,8.0,95.733,1,True
4,Miami Grand Prix,PER,38.0,2.0,HARD,9.0,95.539,1,True
4,Miami Grand Prix,PER,39.0,2.0,HARD,10.0,95.829,1,True
4,Miami Grand Prix,PER,40.0,2.0,HARD,11.0,97.17,1,True
4,Miami Grand Prix,PER,41.0,2.0,HARD,12.0,97.35,1,True
4,Miami Grand Prix,PER,42.0,2.0,HARD,13.0,96.678,1,True
4,Miami Grand Prix,PER,43.0,2.0,HARD,14.0,97.179,1,True
4,Miami Grand Prix,PER,44.0,2.0,HARD,15.0,95.557,1,True
4,Miami Grand Prix,PER,45.0,2.0,HARD,16.0,96.376,1,True
4,Miami Grand Prix,PER,46.0,2.0,HARD,17.0,96.409,12,False
4,Miami Grand Prix,PER,47.0,2.0,HARD,18.0,96.892,1,True
4,Miami Grand Prix,PER,48.0,2.0,HARD,19.0,96.634,1,True
4,Miami Grand Prix,PER,49.0,2.0,HARD,20.0,96.887,1,True
4,Miami Grand Prix,PER,50.0,2.0,HARD,21.0,96.556,1,True
4,Miami Grand Prix,PER,51.0,2.0,HARD,22.0,96.311,1,True
4,Miami Grand Prix,PER,52.0,2.0,HARD,23.0,95.814,1,True
4,Miami Grand Prix,PER,53.0,2.0,HARD,24.0,95.356,1,True
4,Miami Grand Prix,PER,54.0,2.0,HARD,25.0,95.502,1,True
4,Miami Grand Prix,PER,55.0,2.0,HARD,26.0,95.25,12,False
4,Miami Grand Prix,PER,56.0,2.0,HARD,27.0,95.25,1,True
4,Miami Grand Prix,ANT,1.0,1.0,MEDIUM,1.0,97.243,1,False
4,Miami Grand Prix,ANT,2.0,1.0,MEDIUM,2.0,92.936,1,False
4,Miami Grand Prix,ANT,3.0,1.0,MEDIUM,3.0,93.224,1,True
4,Miami Grand Prix,ANT,4.0,1.0,MEDIUM,4.0,93.586,1,True
4,Miami Grand Prix,ANT,5.0,1.0,MEDIUM,5.0,94.602,12,False
4,Miami Grand Prix,ANT,6.0,1.0,MEDIUM,6.0,132.093,24,False
4,Miami Grand Prix,ANT,7.0,1.0,MEDIUM,7.0,137.101,4,False
4,Miami Grand Prix,ANT,8.0,1.0,MEDIUM,8.0,142.628,4,False
4,Miami Grand Prix,ANT,9.0,1.0,MEDIUM,9.0,148.02,4,False
4,Miami Grand Prix,ANT,10.0,1.0,MEDIUM,10.0,138.771,4,False
4,Miami Grand Prix,ANT,11.0,1.0,MEDIUM,11.0,,41,False
4,Miami Grand Prix,ANT,12.0,1.0,MEDIUM,12.0,93.043,1,True
4,Miami Grand Prix,ANT,13.0,1.0,MEDIUM,13.0,93.07,1,True
4,Miami Grand Prix,ANT,14.0,1.0,MEDIUM,14.0,93.314,1,True
4,Miami Grand Prix,ANT,15.0,1.0,MEDIUM,15.0,93.18,1,True
4,Miami Grand Prix,ANT,16.0,1.0,MEDIUM,16.0,93.658,12,False
4,Miami Grand Prix,ANT,17.0,1.0,MEDIUM,17.0,93.053,1,True
4,Miami Grand Prix,ANT,18.0,1.0,MEDIUM,18.0,93.244,1,True
4,Miami Grand Prix,ANT,19.0,1.0,MEDIUM,19.0,93.345,1,True
4,Miami Grand Prix,ANT,20.0,1.0,MEDIUM,20.0,93.011,1,True
4,Miami Grand Prix,ANT,21.0,1.0,MEDIUM,21.0,93.149,1,True
4,Miami Grand Prix,ANT,22.0,1.0,MEDIUM,22.0,92.779,1,True
4,Miami Grand Prix,ANT,23.0,1.0,MEDIUM,23.0,92.994,1,True
4,Miami Grand Prix,ANT,24.0,1.0,MEDIUM,24.0,92.802,1,True
4,Miami Grand Prix,ANT,25.0,1.0,MEDIUM,25.0,93.068,1,True
4,Miami Grand Prix,ANT,26.0,1.0,MEDIUM,26.0,97.884,1,False
4,Miami Grand Prix,ANT,27.0,2.0,HARD,1.0,105.601,1,False
4,Miami Grand Prix,ANT,28.0,2.0,HARD,2.0,92.914,1,True
4,Miami Grand Prix,ANT,29.0,2.0,HARD,3.0,92.331,1,True
4,Miami Grand Prix,ANT,30.0,2.0,HARD,4.0,92.21,1,True
4,Miami Grand Prix,ANT,31.0,2.0,HARD,5.0,92.258,1,True
4,Miami Grand Prix,ANT,32.0,2.0,HARD,6.0,92.046,1,True
4,Miami Grand Prix,ANT,33.0,2.0,HARD,7.0,92.113,1,True
4,Miami Grand Prix,ANT,34.0,2.0,HARD,8.0,91.968,1,True
4,Miami Grand Prix,ANT,35.0,2.0,HARD,9.0,92.487,1,True
4,Miami Grand Prix,ANT,36.0,2.0,HARD,10.0,92.354,1,True
4,Miami Grand Prix,ANT,37.0,2.0,HARD,11.0,92.483,1,True
4,Miami Grand Prix,ANT,38.0,2.0,HARD,12.0,92.423,1,True
4,Miami Grand Prix,ANT,39.0,2.0,HARD,13.0,92.382,1,True
4,Miami Grand Prix,ANT,40.0,2.0,HARD,14.0,92.878,1,True
4,Miami Grand Prix,ANT,41.0,2.0,HARD,15.0,92.331,1,True
4,Miami Grand Prix,ANT,42.0,2.0,HARD,16.0,92.496,1,True
4,Miami Grand Prix,ANT,43.0,2.0,HARD,17.0,92.186,1,True
4,Miami Grand Prix,ANT,44.0,2.0,HARD,18.0,92.211,1,True
4,Miami Grand Prix,ANT,45.0,2.0,HARD,19.0,92.399,1,True
4,Miami Grand Prix,ANT,46.0,2.0,HARD,20.0,92.531,1,True
4,Miami Grand Prix,ANT,47.0,2.0,HARD,21.0,92.782,1,True
4,Miami Grand Prix,ANT,48.0,2.0,HARD,22.0,92.377,12,False
4,Miami Grand Prix,ANT,49.0,2.0,HARD,23.0,92.243,1,True
4,Miami Grand Prix,ANT,50.0,2.0,HARD,24.0,92.097,1,True
4,Miami Grand Prix,ANT,51.0,2.0,HARD,25.0,92.418,1,True
4,Miami Grand Prix,ANT,52.0,2.0,HARD,26.0,92.427,1,True
4,Miami Grand Prix,ANT,53.0,2.0,HARD,27.0,92.354,1,True
4,Miami Grand Prix,ANT,54.0,2.0,HARD,28.0,91.986,1,True
4,Miami Grand Prix,ANT,55.0,2.0,HARD,29.0,92.347,1,True
4,Miami Grand Prix,ANT,56.0,2.0,HARD,30.0,92.586,1,True
4,Miami Grand Prix,ANT,57.0,2.0,HARD,31.0,93.092,12,False
4,Miami Grand Prix,ALO,1.0,1.0,MEDIUM,1.0,109.952,1,False
4,Miami Grand Prix,ALO,2.0,1.0,MEDIUM,2.0,96.627,1,False
4,Miami Grand Prix,ALO,3.0,1.0,MEDIUM,3.0,96.505,1,True
4,Miami Grand Prix,ALO,4.0,1.0,MEDIUM,4.0,96.45,1,True
4,Miami Grand Prix,ALO,5.0,1.0,MEDIUM,5.0,100.142,124,False
4,Miami Grand Prix,ALO,6.0,1.0,MEDIUM,6.0,135.182,4,False
4,Miami Grand Prix,ALO,7.0,1.0,MEDIUM,7.0,129.956,4,False
4,Miami Grand Prix,ALO,8.0,1.0,MEDIUM,8.0,142.381,4,False
4,Miami Grand Prix,ALO,9.0,1.0,MEDIUM,9.0,142.229,4,False
4,Miami Grand Prix,ALO,10.0,1.0,MEDIUM,10.0,140.195,4,False
4,Miami Grand Prix,ALO,11.0,1.0,MEDIUM,11.0,137.815,41,False
4,Miami Grand Prix,ALO,12.0,1.0,MEDIUM,12.0,96.8,1,True
4,Miami Grand Prix,ALO,13.0,1.0,MEDIUM,13.0,96.349,1,True
4,Miami Grand Prix,ALO,14.0,1.0,MEDIUM,14.0,96.482,1,True
4,Miami Grand Prix,ALO,15.0,1.0,MEDIUM,15.0,97.635,12,False
4,Miami Grand Prix,ALO,16.0,1.0,MEDIUM,16.0,96.143,1,True
4,Miami Grand Prix,ALO,17.0,1.0,MEDIUM,17.0,96.453,1,True
4,Miami Grand Prix,ALO,18.0,1.0,MEDIUM,18.0,96.939,1,True
4,Miami Grand Prix,ALO,19.0,1.0,MEDIUM,19.0,96.836,1,True
4,Miami Grand Prix,ALO,20.0,1.0,MEDIUM,20.0,96.221,1,True
4,Miami Grand Prix,ALO,21.0,1.0,MEDIUM,21.0,96.561,1,True
4,Miami Grand Prix,ALO,22.0,1.0,MEDIUM,22.0,96.294,1,True
4,Miami Grand Prix,ALO,23.0,1.0,MEDIUM,23.0,96.386,1,True
4,Miami Grand Prix,ALO,24.0,1.0,MEDIUM,24.0,96.666,1,True
4,Miami Grand Prix,ALO,25.0,1.0,MEDIUM,25.0,96.477,1,True
4,Miami Grand Prix,ALO,26.0,1.0,MEDIUM,26.0,96.269,1,True
4,Miami Grand Prix,ALO,27.0,1.0,MEDIUM,27.0,96.071,1,True
4,Miami Grand Prix,ALO,28.0,1.0,MEDIUM,28.0,95.985,1,True
4,Miami Grand Prix,ALO,29.0,1.0,MEDIUM,29.0,96.08,1,True
4,Miami Grand Prix,ALO,30.0,1.0,MEDIUM,30.0,96.191,1,True
4,Miami Grand Prix,ALO,31.0,1.0,MEDIUM,31.0,96.39,1,True
4,Miami Grand Prix,ALO,32.0,1.0,MEDIUM,32.0,96.335,1,True
4,Miami Grand Prix,ALO,33.0,1.0,MEDIUM,33.0,96.708,1,True
4,Miami Grand Prix,ALO,34.0,1.0,MEDIUM,34.0,95.644,1,True
4,Miami Grand Prix,ALO,35.0,1.0,MEDIUM,35.0,96.543,1,True
4,Miami Grand Prix,ALO,36.0,1.0,MEDIUM,36.0,96.451,1,True
4,Miami Grand Prix,ALO,37.0,1.0,MEDIUM,37.0,96.558,1,True
4,Miami Grand Prix,ALO,38.0,1.0,MEDIUM,38.0,96.87,1,True
4,Miami Grand Prix,ALO,39.0,1.0,MEDIUM,39.0,96.394,1,True
4,Miami Grand Prix,ALO,40.0,1.0,MEDIUM,40.0,97.717,1,True
4,Miami Grand Prix,ALO,41.0,1.0,MEDIUM,41.0,101.789,1,False
4,Miami Grand Prix,ALO,42.0,2.0,SOFT,1.0,109.347,1,False
4,Miami Grand Prix,ALO,43.0,2.0,SOFT,2.0,95.55,1,True
4,Miami Grand Prix,ALO,44.0,2.0,SOFT,3.0,93.512,1,True
4,Miami Grand Prix,ALO,45.0,2.0,SOFT,4.0,94.594,1,True
4,Miami Grand Prix,ALO,46.0,2.0,SOFT,5.0,96.389,12,False
4,Miami Grand Prix,ALO,47.0,2.0,SOFT,6.0,96.191,1,True
4,Miami Grand Prix,ALO,48.0,2.0,SOFT,7.0,96.765,1,True
4,Miami Grand Prix,ALO,49.0,2.0,SOFT,8.0,97.677,1,True
4,Miami Grand Prix,ALO,50.0,2.0,SOFT,9.0,96.116,1,True
4,Miami Grand Prix,ALO,51.0,2.0,SOFT,10.0,95.159,1,True
4,Miami Grand Prix,ALO,52.0,2.0,SOFT,11.0,95.091,1,True
4,Miami Grand Prix,ALO,53.0,2.0,SOFT,12.0,95.015,1,True
4,Miami Grand Prix,ALO,54.0,2.0,SOFT,13.0,94.97,1,True
4,Miami Grand Prix,ALO,55.0,2.0,SOFT,14.0,94.944,12,False
4,Miami Grand Prix,ALO,56.0,2.0,SOFT,15.0,95.246,1,True
4,Miami Grand Prix,LEC,1.0,1.0,MEDIUM,1.0,96.094,1,False
4,Miami Grand Prix,LEC,2.0,1.0,MEDIUM,2.0,93.036,1,False
4,Miami Grand Prix,LEC,3.0,1.0,MEDIUM,3.0,93.357,1,True
4,Miami Grand Prix,LEC,4.0,1.0,MEDIUM,4.0,94.73,1,True
4,Miami Grand Prix,LEC,5.0,1.0,MEDIUM,5.0,93.697,12,False
4,Miami Grand Prix,LEC,6.0,1.0,MEDIUM,6.0,129.463,24,False
4,Miami Grand Prix,LEC,7.0,1.0,MEDIUM,7.0,138.014,4,False
4,Miami Grand Prix,LEC,8.0,1.0,MEDIUM,8.0,142.808,4,False
4,Miami Grand Prix,LEC,9.0,1.0,MEDIUM,9.0,147.484,4,False
4,Miami Grand Prix,LEC,10.0,1.0,MEDIUM,10.0,138.762,4,False
4,Miami Grand Prix,LEC,11.0,1.0,MEDIUM,11.0,,41,False
4,Miami Grand Prix,LEC,12.0,1.0,MEDIUM,12.0,92.878,1,True
4,Miami Grand Prix,LEC,13.0,1.0,MEDIUM,13.0,94.381,1,True
4,Miami Grand Prix,LEC,14.0,1.0,MEDIUM,14.0,93.744,1,True
4,Miami Grand Prix,LEC,15.0,1.0,MEDIUM,15.0,93.56,1,True
4,Miami Grand Prix,LEC,16.0,1.0,MEDIUM,16.0,93.536,12,False
4,Miami Grand Prix,LEC,17.0,1.0,MEDIUM,17.0,95.457,1,True
4,Miami Grand Prix,LEC,18.0,1.0,MEDIUM,18.0,93.692,1,True
4,Miami Grand Prix,LEC,19.0,1.0,MEDIUM,19.0,93.539,1,True
4,Miami Grand Prix,LEC,20.0,1.0,MEDIUM,20.0,93.689,1,True
4,Miami Grand Prix,LEC,21.0,1.0,MEDIUM,21.0,98.504,1,False
4,Miami Grand Prix,LEC,22.0,2.0,HARD,1.0,108.975,1,False
4,Miami Grand Prix,LEC,23.0,2.0,HARD,2.0,93.886,1,True
4,Miami Grand Prix,LEC,24.0,2.0,HARD,3.0,93.588,1,True
4,Miami Grand Prix,LEC,25.0,2.0,HARD,4.0,92.986,1,True
4,Miami Grand Prix,LEC,26.0,2.0,HARD,5.0,93.905,1,True
4,Miami Grand Prix,LEC,27.0,2.0,HARD,6.0,92.922,1,True
4,Miami Grand Prix,LEC,28.0,2.0,HARD,7.0,92.652,1,True
4,Miami Grand Prix,LEC,29.0,2.0,HARD,8.0,92.786,1,True
4,Miami Grand Prix,LEC,30.0,2.0,HARD,9.0,93.416,1,True
4,Miami Grand Prix,LEC,31.0,2.0,HARD,10.0,92.945,1,True
4,Miami Grand Prix,LEC,32.0,2.0,HARD,11.0,92.995,1,True
4,Miami Grand Prix,LEC,33.0,2.0,HARD,12.0,93.075,1,True
4,Miami Grand Prix,LEC,34.0,2.0,HARD,13.0,92.971,1,True
4,Miami Grand Prix,LEC,35.0,2.0,HARD,14.0,92.993,1,True
4,Miami Grand Prix,LEC,36.0,2.0,HARD,15.0,92.879,1,True
4,Miami Grand Prix,LEC,37.0,2.0,HARD,16.0,93.155,1,True
4,Miami Grand Prix,LEC,38.0,2.0,HARD,17.0,92.993,1,True
4,Miami Grand Prix,LEC,39.0,2.0,HARD,18.0,92.755,1,True
4,Miami Grand Prix,LEC,40.0,2.0,HARD,19.0,92.767,1,True
4,Miami Grand Prix,LEC,41.0,2.0,HARD,20.0,92.686,1,True
4,Miami Grand Prix,LEC,42.0,2.0,HARD,21.0,93.042,1,True
4,Miami Grand Prix,LEC,43.0,2.0,HARD,22.0,92.612,1,True
4,Miami Grand Prix,LEC,44.0,2.0,HARD,23.0,92.515,1,True
4,Miami Grand Prix,LEC,45.0,2.0,HARD,24.0,92.874,1,True
4,Miami Grand Prix,LEC,46.0,2.0,HARD,25.0,93.468,1,True
4,Miami Grand Prix,LEC,47.0,2.0,HARD,26.0,93.678,1,True
4,Miami Grand Prix,LEC,48.0,2.0,HARD,27.0,92.892,12,False
4,Miami Grand Prix,LEC,49.0,2.0,HARD,28.0,92.734,1,True
4,Miami Grand Prix,LEC,50.0,2.0,HARD,29.0,92.566,1,True
4,Miami Grand Prix,LEC,51.0,2.0,HARD,30.0,92.578,1,True
4,Miami Grand Prix,LEC,52.0,2.0,HARD,31.0,92.579,1,True
4,Miami Grand Prix,LEC,53.0,2.0,HARD,32.0,92.679,1,True
4,Miami Grand Prix,LEC,54.0,2.0,HARD,33.0,92.667,1,True
4,Miami Grand Prix,LEC,55.0,2.0,HARD,34.0,92.941,1,True
4,Miami Grand Prix,LEC,56.0,2.0,HARD,35.0,94.211,1,True
4,Miami Grand Prix,LEC,57.0,2.0,HARD,36.0,109.834,12,False
4,Miami Grand Prix,STR,1.0,1.0,MEDIUM,1.0,107.631,1,False
4,Miami Grand Prix,STR,2.0,1.0,MEDIUM,2.0,96.569,1,False
4,Miami Grand Prix,STR,3.0,1.0,MEDIUM,3.0,97.019,1,True
4,Miami Grand Prix,STR,4.0,1.0,MEDIUM,4.0,96.418,1,True
4,Miami Grand Prix,STR,5.0,1.0,MEDIUM,5.0,99.194,124,False
4,Miami Grand Prix,STR,6.0,1.0,MEDIUM,6.0,136.722,4,False
4,Miami Grand Prix,STR,7.0,1.0,MEDIUM,7.0,128.505,4,False
4,Miami Grand Prix,STR,8.0,1.0,MEDIUM,8.0,141.458,4,False
4,Miami Grand Prix,STR,9.0,1.0,MEDIUM,9.0,142.647,4,False
4,Miami Grand Prix,STR,10.0,1.0,MEDIUM,10.0,139.176,4,False
4,Miami Grand Prix,STR,11.0,1.0,MEDIUM,11.0,141.17,41,False
4,Miami Grand Prix,STR,12.0,1.0,MEDIUM,12.0,97.442,1,True
4,Miami Grand Prix,STR,13.0,1.0,MEDIUM,13.0,96.085,1,True
4,Miami Grand Prix,STR,14.0,1.0,MEDIUM,14.0,96.582,1,True
4,Miami Grand Prix,STR,15.0,1.0,MEDIUM,15.0,100.953,12,False
4,Miami Grand Prix,STR,16.0,1.0,MEDIUM,16.0,96.974,1,True
4,Miami Grand Prix,STR,17.0,1.0,MEDIUM,17.0,96.371,1,True
4,Miami Grand Prix,STR,18.0,1.0,MEDIUM,18.0,96.539,1,True
4,Miami Grand Prix,STR,19.0,1.0,MEDIUM,19.0,97.022,1,True
4,Miami Grand Prix,STR,20.0,1.0,MEDIUM,20.0,96.851,1,True
4,Miami Grand Prix,STR,21.0,1.0,MEDIUM,21.0,101.443,1,False
4,Miami Grand Prix,STR,22.0,2.0,SOFT,4.0,110.529,1,False
4,Miami Grand Prix,STR,23.0,2.0,SOFT,5.0,95.39,1,True
4,Miami Grand Prix,STR,24.0,2.0,SOFT,6.0,97.141,1,True
4,Miami Grand Prix,STR,25.0,2.0,SOFT,7.0,95.921,1,True
4,Miami Grand Prix,STR,26.0,2.0,SOFT,8.0,96.024,1,True
4,Miami Grand Prix,STR,27.0,2.0,SOFT,9.0,95.818,1,True
4,Miami Grand Prix,STR,28.0,2.0,SOFT,10.0,95.942,1,True
4,Miami Grand Prix,STR,29.0,2.0,SOFT,11.0,95.773,1,True
4,Miami Grand Prix,STR,30.0,2.0,SOFT,12.0,95.505,1,True
4,Miami Grand Prix,STR,31.0,2.0,SOFT,13.0,95.432,1,True
4,Miami Grand Prix,STR,32.0,2.0,SOFT,14.0,95.601,1,True
4,Miami Grand Prix,STR,33.0,2.0,SOFT,15.0,95.203,1,True
4,Miami Grand Prix,STR,34.0,2.0,SOFT,16.0,95.849,1,True
4,Miami Grand Prix,STR,35.0,2.0,SOFT,17.0,98.513,1,True
4,Miami Grand Prix,STR,36.0,2.0,SOFT,18.0,96.018,1,True
4,Miami Grand Prix,STR,37.0,2.0,SOFT,19.0,101.024,1,False
4,Miami Grand Prix,STR,38.0,3.0,SOFT,1.0,109.547,1,False
4,Miami Grand Prix,STR,39.0,3.0,SOFT,2.0,95.112,1,True
4,Miami Grand Prix,STR,40.0,3.0,SOFT,3.0,94.958,1,True
4,Miami Grand Prix,STR,41.0,3.0,SOFT,4.0,95.144,1,True
4,Miami Grand Prix,STR,42.0,3.0,SOFT,5.0,95.324,1,True
4,Miami Grand Prix,STR,43.0,3.0,SOFT,6.0,95.225,1,True
4,Miami Grand Prix,STR,44.0,3.0,SOFT,7.0,97.379,1,True
4,Miami Grand Prix,STR,45.0,3.0,SOFT,8.0,94.82,1,True
4,Miami Grand Prix,STR,46.0,3.0,SOFT,9.0,95.174,12,False
4,Miami Grand Prix,STR,47.0,3.0,SOFT,10.0,95.215,1,True
4,Miami Grand Prix,STR,48.0,3.0,SOFT,11.0,95.135,1,True
4,Miami Grand Prix,STR,49.0,3.0,SOFT,12.0,95.098,1,True
4,Miami Grand Prix,STR,50.0,3.0,SOFT,13.0,95.187,1,True
4,Miami Grand Prix,STR,51.0,3.0,SOFT,14.0,94.891,1,True
4,Miami Grand Prix,STR,52.0,3.0,SOFT,15.0,94.759,1,True
4,Miami Grand Prix,STR,53.0,3.0,SOFT,16.0,94.811,1,True
4,Miami Grand Prix,STR,54.0,3.0,SOFT,17.0,94.806,1,True
4,Miami Grand Prix,STR,55.0,3.0,SOFT,18.0,96.149,12,False
4,Miami Grand Prix,STR,56.0,3.0,SOFT,19.0,94.716,1,True
4,Miami Grand Prix,ALB,1.0,1.0,MEDIUM,1.0,104.983,1,False
4,Miami Grand Prix,ALB,2.0,1.0,MEDIUM,2.0,95.404,1,False
4,Miami Grand Prix,ALB,3.0,1.0,MEDIUM,3.0,94.932,1,True
4,Miami Grand Prix,ALB,4.0,1.0,MEDIUM,4.0,94.77,1,True
4,Miami Grand Prix,ALB,5.0,1.0,MEDIUM,5.0,95.888,12,False
4,Miami Grand Prix,ALB,6.0,1.0,MEDIUM,6.0,135.327,24,False
4,Miami Grand Prix,ALB,7.0,1.0,MEDIUM,7.0,127.97,4,False
4,Miami Grand Prix,ALB,8.0,1.0,MEDIUM,8.0,144.68,4,False
4,Miami Grand Prix,ALB,9.0,1.0,MEDIUM,9.0,143.515,4,False
4,Miami Grand Prix,ALB,10.0,1.0,MEDIUM,10.0,140.112,4,False
4,Miami Grand Prix,ALB,11.0,1.0,MEDIUM,11.0,145.176,41,False
4,Miami Grand Prix,ALB,12.0,1.0,MEDIUM,12.0,95.206,1,True
4,Miami Grand Prix,ALB,13.0,1.0,MEDIUM,13.0,94.553,1,True
4,Miami Grand Prix,ALB,14.0,1.0,MEDIUM,14.0,94.161,1,True
4,Miami Grand Prix,ALB,15.0,1.0,MEDIUM,15.0,95.47,1,True
4,Miami Grand Prix,ALB,16.0,1.0,MEDIUM,16.0,95.245,12,False
4,Miami Grand Prix,ALB,17.0,1.0,MEDIUM,17.0,95.824,1,True
4,Miami Grand Prix,ALB,18.0,1.0,MEDIUM,18.0,95.189,1,True
4,Miami Grand Prix,ALB,19.0,1.0,MEDIUM,19.0,94.979,1,True
4,Miami Grand Prix,ALB,20.0,1.0,MEDIUM,20.0,95.212,1,True
4,Miami Grand Prix,ALB,21.0,1.0,MEDIUM,21.0,94.879,1,True
4,Miami Grand Prix,ALB,22.0,1.0,MEDIUM,22.0,94.8,1,True
4,Miami Grand Prix,ALB,23.0,1.0,MEDIUM,23.0,95.097,1,True
4,Miami Grand Prix,ALB,24.0,1.0,MEDIUM,24.0,95.901,1,True
4,Miami Grand Prix,ALB,25.0,1.0,MEDIUM,25.0,95.119,1,True
4,Miami Grand Prix,ALB,26.0,1.0,MEDIUM,26.0,94.964,1,True
4,Miami Grand Prix,ALB,27.0,1.0,MEDIUM,27.0,99.764,1,False
4,Miami Grand Prix,ALB,28.0,2.0,HARD,1.0,107.798,1,False
4,Miami Grand Prix,ALB,29.0,2.0,HARD,2.0,93.875,1,True
4,Miami Grand Prix,ALB,30.0,2.0,HARD,3.0,93.784,1,True
4,Miami Grand Prix,ALB,31.0,2.0,HARD,4.0,93.837,1,True
4,Miami Grand Prix,ALB,32.0,2.0,HARD,5.0,94.194,1,True
4,Miami Grand Prix,ALB,33.0,2.0,HARD,6.0,94.24,1,True
4,Miami Grand Prix,ALB,34.0,2.0,HARD,7.0,94.433,1,True
4,Miami Grand Prix,ALB,35.0,2.0,HARD,8.0,94.296,1,True
4,Miami Grand Prix,ALB,36.0,2.0,HARD,9.0,94.201,1,True
4,Miami Grand Prix,ALB,37.0,2.0,HARD,10.0,94.485,1,True
4,Miami Grand Prix,ALB,38.0,2.0,HARD,11.0,94.44,1,True
4,Miami Grand Prix,ALB,39.0,2.0,HARD,12.0,94.337,1,True
4,Miami Grand Prix,ALB,40.0,2.0,HARD,13.0,94.439,1,True
4,Miami Grand Prix,ALB,41.0,2.0,HARD,14.0,94.172,1,True
4,Miami Grand Prix,ALB,42.0,2.0,HARD,15.0,94.366,1,True
4,Miami Grand Prix,ALB,43.0,2.0,HARD,16.0,94.29,1,True
4,Miami Grand Prix,ALB,44.0,2.0,HARD,17.0,94.139,1,True
4,Miami Grand Prix,ALB,45.0,2.0,HARD,18.0,94.31,1,True
4,Miami Grand Prix,ALB,46.0,2.0,HARD,19.0,94.199,1,True
4,Miami Grand Prix,ALB,47.0,2.0,HARD,20.0,94.561,12,False
4,Miami Grand Prix,ALB,48.0,2.0,HARD,21.0,94.325,1,True
4,Miami Grand Prix,ALB,49.0,2.0,HARD,22.0,94.18,1,True
4,Miami Grand Prix,ALB,50.0,2.0,HARD,23.0,94.356,1,True
4,Miami Grand Prix,ALB,51.0,2.0,HARD,24.0,94.407,1,True
4,Miami Grand Prix,ALB,52.0,2.0,HARD,25.0,94.287,1,True
4,Miami Grand Prix,ALB,53.0,2.0,HARD,26.0,94.351,1,True
4,Miami Grand Prix,ALB,54.0,2.0,HARD,27.0,94.253,1,True
4,Miami Grand Prix,ALB,55.0,2.0,HARD,28.0,94.109,1,True
4,Miami Grand Prix,ALB,56.0,2.0,HARD,29.0,94.163,12,False
4,Miami Grand Prix,ALB,57.0,2.0,HARD,30.0,94.298,1,True
4,Miami Grand Prix,HUL,1.0,1.0,MEDIUM,1.0,114.251,1,False
4,Miami Grand Prix,HUL,2.0,2.0,MEDIUM,1.0,120.274,1,False
4,Miami Grand Prix,HUL,3.0,2.0,MEDIUM,2.0,94.93,1,True
4,Miami Grand Prix,HUL,4.0,2.0,MEDIUM,3.0,94.523,1,True
4,Miami Grand Prix,HUL,5.0,2.0,MEDIUM,4.0,109.487,124,False
4,Miami Grand Prix,HUL,6.0,2.0,MEDIUM,5.0,135.15,4,False
4,Miami Grand Prix,HUL,7.0,2.0,MEDIUM,6.0,,4,False
4,Miami Grand Prix,VER,1.0,1.0,MEDIUM,1.0,104.911,1,False
4,Miami Grand Prix,VER,2.0,1.0,MEDIUM,2.0,93.464,1,False
4,Miami Grand Prix,VER,3.0,1.0,MEDIUM,3.0,93.239,1,True
4,Miami Grand Prix,VER,4.0,1.0,MEDIUM,4.0,93.536,1,True
4,Miami Grand Prix,VER,5.0,1.0,MEDIUM,5.0,94.09,12,False
4,Miami Grand Prix,VER,6.0,1.0,MEDIUM,6.0,140.948,24,False
4,Miami Grand Prix,VER,7.0,2.0,HARD,1.0,142.654,4,False
4,Miami Grand Prix,VER,8.0,2.0,HARD,2.0,141.939,4,False
4,Miami Grand Prix,VER,9.0,2.0,HARD,3.0,142.583,4,False
4,Miami Grand Prix,VER,10.0,2.0,HARD,4.0,140.172,4,False
4,Miami Grand Prix,VER,11.0,2.0,HARD,5.0,139.443,41,False
4,Miami Grand Prix,VER,12.0,2.0,HARD,6.0,95.784,1,True
4,Miami Grand Prix,VER,13.0,2.0,HARD,7.0,93.56,1,True
4,Miami Grand Prix,VER,14.0,2.0,HARD,8.0,93.63,1,True
4,Miami Grand Prix,VER,15.0,2.0,HARD,9.0,93.552,1,True
4,Miami Grand Prix,VER,16.0,2.0,HARD,10.0,94.118,12,False
4,Miami Grand Prix,VER,17.0,2.0,HARD,11.0,93.799,1,True
4,Miami Grand Prix,VER,18.0,2.0,HARD,12.0,93.67,1,True
4,Miami Grand Prix,VER,19.0,2.0,HARD,13.0,93.381,1,True
4,Miami Grand Prix,VER,20.0,2.0,HARD,14.0,93.862,1,True
4,Miami Grand Prix,VER,21.0,2.0,HARD,15.0,93.341,1,True
4,Miami Grand Prix,VER,22.0,2.0,HARD,16.0,93.324,1,True
4,Miami Grand Prix,VER,23.0,2.0,HARD,17.0,93.355,1,True
4,Miami Grand Prix,VER,24.0,2.0,HARD,18.0,93.11,1,True
4,Miami Grand Prix,VER,25.0,2.0,HARD,19.0,93.499,1,True
4,Miami Grand Prix,VER,26.0,2.0,HARD,20.0,93.844,1,True
4,Miami Grand Prix,VER,27.0,2.0,HARD,21.0,93.472,1,True
4,Miami Grand Prix,VER,28.0,2.0,HARD,22.0,93.778,1,True
4,Miami Grand Prix,VER,29.0,2.0,HARD,23.0,94.35,1,True
4,Miami Grand Prix,VER,30.0,2.0,HARD,24.0,94.172,1,True
4,Miami Grand Prix,VER,31.0,2.0,HARD,25.0,93.281,1,True
4,Miami Grand Prix,VER,32.0,2.0,HARD,26.0,93.582,1,True
4,Miami Grand Prix,VER,33.0,2.0,HARD,27.0,93.542,1,True
4,Miami Grand Prix,VER,34.0,2.0,HARD,28.0,93.462,1,True
4,Miami Grand Prix,VER,35.0,2.0,HARD,29.0,93.45,1,True
4,Miami Grand Prix,VER,36.0,2.0,HARD,30.0,93.354,1,True
4,Miami Grand Prix,VER,37.0,2.0,HARD,31.0,93.113,1,True
4,Miami Grand Prix,VER,38.0,2.0,HARD,32.0,93.148,1,True
4,Miami Grand Prix,VER,39.0,2.0,HARD,33.0,93.168,1,True
4,Miami Grand Prix,VER,40.0,2.0,HARD,34.0,93.505,1,True
4,Miami Grand Prix,VER,41.0,2.0,HARD,35.0,93.775,1,True
4,Miami Grand Prix,VER,42.0,2.0,HARD,36.0,93.382,1,True
4,Miami Grand Prix,VER,43.0,2.0,HARD,37.0,93.739,1,True
4,Miami Grand Prix,VER,44.0,2.0,HARD,38.0,93.651,1,True
4,Miami Grand Prix,VER,45.0,2.0,HARD,39.0,93.448,1,True
4,Miami Grand Prix,VER,46.0,2.0,HARD,40.0,93.693,1,True
4,Miami Grand Prix,VER,47.0,2.0,HARD,41.0,94.983,1,True
4,Miami Grand Prix,VER,48.0,2.0,HARD,42.0,94.368,12,False
4,Miami Grand Prix,VER,49.0,2.0,HARD,43.0,94.4,1,True
4,Miami Grand Prix,VER,50.0,2.0,HARD,44.0,93.592,1,True
4,Miami Grand Prix,VER,51.0,2.0,HARD,45.0,93.895,1,True
4,Miami Grand Prix,VER,52.0,2.0,HARD,46.0,93.931,1,True
4,Miami Grand Prix,VER,53.0,2.0,HARD,47.0,93.873,1,True
4,Miami Grand Prix,VER,54.0,2.0,HARD,48.0,94.243,1,True
4,Miami Grand Prix,VER,55.0,2.0,HARD,49.0,95.873,1,True
4,Miami Grand Prix,VER,56.0,2.0,HARD,50.0,95.577,1,True
4,Miami Grand Prix,VER,57.0,2.0,HARD,51.0,94.614,12,False
4,Miami Grand Prix,LAW,1.0,1.0,MEDIUM,1.0,102.841,1,False
4,Miami Grand Prix,LAW,2.0,1.0,MEDIUM,2.0,97.079,1,False
4,Miami Grand Prix,LAW,3.0,1.0,MEDIUM,3.0,94.814,1,True
4,Miami Grand Prix,LAW,4.0,1.0,MEDIUM,4.0,95.184,1,True
4,Miami Grand Prix,LAW,5.0,1.0,MEDIUM,5.0,122.852,124,False
4,Miami Grand Prix,LAW,6.0,1.0,MEDIUM,6.0,,4,False
4,Miami Grand Prix,OCO,1.0,1.0,MEDIUM,1.0,105.5,1,False
4,Miami Grand Prix,OCO,2.0,1.0,MEDIUM,2.0,97.468,1,False
4,Miami Grand Prix,OCO,3.0,1.0,MEDIUM,3.0,95.181,1,True
4,Miami Grand Prix,OCO,4.0,1.0,MEDIUM,4.0,95.464,1,True
4,Miami Grand Prix,OCO,5.0,1.0,MEDIUM,5.0,95.306,12,False
4,Miami Grand Prix,OCO,6.0,1.0,MEDIUM,6.0,135.341,24,False
4,Miami Grand Prix,OCO,7.0,1.0,MEDIUM,7.0,128.906,4,False
4,Miami Grand Prix,OCO,8.0,1.0,MEDIUM,8.0,143.901,4,False
4,Miami Grand Prix,OCO,9.0,1.0,MEDIUM,9.0,143.155,4,False
4,Miami Grand Prix,OCO,10.0,1.0,MEDIUM,10.0,139.98,4,False
4,Miami Grand Prix,OCO,11.0,1.0,MEDIUM,11.0,144.14,41,False
4,Miami Grand Prix,OCO,12.0,1.0,MEDIUM,12.0,95.213,1,True
4,Miami Grand Prix,OCO,13.0,1.0,MEDIUM,13.0,95.07,1,True
4,Miami Grand Prix,OCO,14.0,1.0,MEDIUM,14.0,94.862,1,True
4,Miami Grand Prix,OCO,15.0,1.0,MEDIUM,15.0,95.665,1,True
4,Miami Grand Prix,OCO,16.0,1.0,MEDIUM,16.0,95.196,12,False
4,Miami Grand Prix,OCO,17.0,1.0,MEDIUM,17.0,95.127,1,True
4,Miami Grand Prix,OCO,18.0,1.0,MEDIUM,18.0,95.226,1,True
4,Miami Grand Prix,OCO,19.0,1.0,MEDIUM,19.0,94.966,1,True
4,Miami Grand Prix,OCO,20.0,1.0,MEDIUM,20.0,95.21,1,True
4,Miami Grand Prix,OCO,21.0,1.0,MEDIUM,21.0,95.117,1,True
4,Miami Grand Prix,OCO,22.0,1.0,MEDIUM,22.0,96.17,1,True
4,Miami Grand Prix,OCO,23.0,1.0,MEDIUM,23.0,95.001,1,True
4,Miami Grand Prix,OCO,24.0,1.0,MEDIUM,24.0,95.213,1,True
4,Miami Grand Prix,OCO,25.0,1.0,MEDIUM,25.0,95.403,1,True
4,Miami Grand Prix,OCO,26.0,1.0,MEDIUM,26.0,95.011,1,True
4,Miami Grand Prix,OCO,27.0,1.0,MEDIUM,27.0,95.469,1,True
4,Miami Grand Prix,OCO,28.0,1.0,MEDIUM,28.0,95.468,1,True
4,Miami Grand Prix,OCO,29.0,1.0,MEDIUM,29.0,95.526,1,True
4,Miami Grand Prix,OCO,30.0,1.0,MEDIUM,30.0,95.393,1,True
4,Miami Grand Prix,OCO,31.0,1.0,MEDIUM,31.0,100.336,1,False
4,Miami Grand Prix,OCO,32.0,2.0,HARD,1.0,109.454,1,False
4,Miami Grand Prix,OCO,33.0,2.0,HARD,2.0,93.712,1,True
4,Miami Grand Prix,OCO,34.0,2.0,HARD,3.0,94.051,1,True
4,Miami Grand Prix,OCO,35.0,2.0,HARD,4.0,93.87,1,True
4,Miami Grand Prix,OCO,36.0,2.0,HARD,5.0,94.25,1,True
4,Miami Grand Prix,OCO,37.0,2.0,HARD,6.0,94.361,1,True
4,Miami Grand Prix,OCO,38.0,2.0,HARD,7.0,94.538,1,True
4,Miami Grand Prix,OCO,39.0,2.0,HARD,8.0,94.429,1,True
4,Miami Grand Prix,OCO,40.0,2.0,HARD,9.0,94.464,1,True
4,Miami Grand Prix,OCO,41.0,2.0,HARD,10.0,94.449,1,True
4,Miami Grand Prix,OCO,42.0,2.0,HARD,11.0,94.589,1,True
4,Miami Grand Prix,OCO,43.0,2.0,HARD,12.0,94.592,1,True
4,Miami Grand Prix,OCO,44.0,2.0,HARD,13.0,94.527,1,True
4,Miami Grand Prix,OCO,45.0,2.0,HARD,14.0,94.806,1,True
4,Miami Grand Prix,OCO,46.0,2.0,HARD,15.0,95.655,1,True
4,Miami Grand Prix,OCO,47.0,2.0,HARD,16.0,94.551,12,False
4,Miami Grand Prix,OCO,48.0,2.0,HARD,17.0,94.26,1,True
4,Miami Grand Prix,OCO,49.0,2.0,HARD,18.0,94.259,1,True
4,Miami Grand Prix,OCO,50.0,2.0,HARD,19.0,96.679,1,True
4,Miami Grand Prix,OCO,51.0,2.0,HARD,20.0,94.853,1,True
4,Miami Grand Prix,OCO,52.0,2.0,HARD,21.0,94.439,1,True
4,Miami Grand Prix,OCO,53.0,2.0,HARD,22.0,94.427,1,True
4,Miami Grand Prix,OCO,54.0,2.0,HARD,23.0,94.124,1,True
4,Miami Grand Prix,OCO,55.0,2.0,HARD,24.0,94.416,1,True
4,Miami Grand Prix,OCO,56.0,2.0,HARD,25.0,94.407,12,False
4,Miami Grand Prix,LIN,1.0,1.0,MEDIUM,1.0,106.549,1,False
4,Miami Grand Prix,LIN,2.0,1.0,MEDIUM,2.0,96.74,1,False
4,Miami Grand Prix,LIN,3.0,1.0,MEDIUM,3.0,96.21,1,True
4,Miami Grand Prix,LIN,4.0,1.0,MEDIUM,4.0,95.655,1,True
4,Miami Grand Prix,LIN,5.0,1.0,MEDIUM,5.0,97.123,124,False
4,Miami Grand Prix,LIN,6.0,1.0,MEDIUM,6.0,134.208,4,False
4,Miami Grand Prix,LIN,7.0,1.0,MEDIUM,7.0,128.705,4,False
4,Miami Grand Prix,LIN,8.0,1.0,MEDIUM,8.0,142.988,4,False
4,Miami Grand Prix,LIN,9.0,1.0,MEDIUM,9.0,143.196,4,False
4,Miami Grand Prix,LIN,10.0,1.0,MEDIUM,10.0,140.944,4,False
4,Miami Grand Prix,LIN,11.0,1.0,MEDIUM,11.0,142.693,41,False
4,Miami Grand Prix,LIN,12.0,1.0,MEDIUM,12.0,96.776,1,True
4,Miami Grand Prix,LIN,13.0,1.0,MEDIUM,13.0,95.706,1,True
4,Miami Grand Prix,LIN,14.0,1.0,MEDIUM,14.0,95.233,1,True
4,Miami Grand Prix,LIN,15.0,1.0,MEDIUM,15.0,96.164,12,False
4,Miami Grand Prix,LIN,16.0,1.0,MEDIUM,16.0,95.817,21,False
4,Miami Grand Prix,LIN,17.0,1.0,MEDIUM,17.0,95.95,1,True
4,Miami Grand Prix,LIN,18.0,1.0,MEDIUM,18.0,95.94,1,True
4,Miami Grand Prix,LIN,19.0,1.0,MEDIUM,19.0,96.865,1,True
4,Miami Grand Prix,LIN,20.0,1.0,MEDIUM,20.0,96.422,1,True
4,Miami Grand Prix,LIN,21.0,1.0,MEDIUM,21.0,96.012,1,True
4,Miami Grand Prix,LIN,22.0,1.0,MEDIUM,22.0,95.953,1,True
4,Miami Grand Prix,LIN,23.0,1.0,MEDIUM,23.0,95.698,1,True
4,Miami Grand Prix,LIN,24.0,1.0,MEDIUM,24.0,95.891,1,True
4,Miami Grand Prix,LIN,25.0,1.0,MEDIUM,25.0,96.038,1,True
4,Miami Grand Prix,LIN,26.0,1.0,MEDIUM,26.0,95.835,1,True
4,Miami Grand Prix,LIN,27.0,1.0,MEDIUM,27.0,96.07,1,True
4,Miami Grand Prix,LIN,28.0,1.0,MEDIUM,28.0,100.923,1,False
4,Miami Grand Prix,LIN,29.0,2.0,HARD,1.0,109.027,1,False
4,Miami Grand Prix,LIN,30.0,2.0,HARD,2.0,94.058,1,True
4,Miami Grand Prix,LIN,31.0,2.0,HARD,3.0,94.175,1,True
4,Miami Grand Prix,LIN,32.0,2.0,HARD,4.0,94.378,1,True
4,Miami Grand Prix,LIN,33.0,2.0,HARD,5.0,95.071,1,True
4,Miami Grand Prix,LIN,34.0,2.0,HARD,6.0,95.023,1,True
4,Miami Grand Prix,LIN,35.0,2.0,HARD,7.0,94.864,1,True
4,Miami Grand Prix,LIN,36.0,2.0,HARD,8.0,94.863,1,True
4,Miami Grand Prix,LIN,37.0,2.0,HARD,9.0,95.058,1,True
4,Miami Grand Prix,LIN,38.0,2.0,HARD,10.0,94.729,1,True
4,Miami Grand Prix,LIN,39.0,2.0,HARD,11.0,94.548,1,True
4,Miami Grand Prix,LIN,40.0,2.0,HARD,12.0,94.681,1,True
4,Miami Grand Prix,LIN,41.0,2.0,HARD,13.0,94.676,1,True
4,Miami Grand Prix,LIN,42.0,2.0,HARD,14.0,94.51,1,True
4,Miami Grand Prix,LIN,43.0,2.0,HARD,15.0,94.686,1,True
4,Miami Grand Prix,LIN,44.0,2.0,HARD,16.0,98.417,1,True
4,Miami Grand Prix,LIN,45.0,2.0,HARD,17.0,94.598,1,True
4,Miami Grand Prix,LIN,46.0,2.0,HARD,18.0,94.578,1,True
4,Miami Grand Prix,LIN,47.0,2.0,HARD,19.0,94.579,12,False
4,Miami Grand Prix,LIN,48.0,2.0,HARD,20.0,95.358,1,True
4,Miami Grand Prix,LIN,49.0,2.0,HARD,21.0,94.818,1,True
4,Miami Grand Prix,LIN,50.0,2.0,HARD,22.0,94.605,1,True
4,Miami Grand Prix,LIN,51.0,2.0,HARD,23.0,94.553,1,True
4,Miami Grand Prix,LIN,52.0,2.0,HARD,24.0,94.298,1,True
4,Miami Grand Prix,LIN,53.0,2.0,HARD,25.0,97.343,1,True
4,Miami Grand Prix,LIN,54.0,2.0,HARD,26.0,94.832,1,True
4,Miami Grand Prix,LIN,55.0,2.0,HARD,27.0,94.482,1,True
4,Miami Grand Prix,LIN,56.0,2.0,HARD,28.0,104.942,12,False
4,Miami Grand Prix,COL,1.0,1.0,MEDIUM,1.0,101.556,1,False
4,Miami Grand Prix,COL,2.0,1.0,MEDIUM,2.0,94.113,1,False
4,Miami Grand Prix,COL,3.0,1.0,MEDIUM,3.0,94.46,1,True
4,Miami Grand Prix,COL,4.0,1.0,MEDIUM,4.0,94.339,1,True
4,Miami Grand Prix,COL,5.0,1.0,MEDIUM,5.0,94.736,12,False
4,Miami Grand Prix,COL,6.0,1.0,MEDIUM,6.0,136.173,24,False
4,Miami Grand Prix,COL,7.0,1.0,MEDIUM,7.0,131.996,4,False
4,Miami Grand Prix,COL,8.0,1.0,MEDIUM,8.0,143.127,4,False
4,Miami Grand Prix,COL,9.0,1.0,MEDIUM,9.0,146.366,4,False
4,Miami Grand Prix,COL,10.0,1.0,MEDIUM,10.0,138.133,4,False
4,Miami Grand Prix,COL,11.0,1.0,MEDIUM,11.0,147.279,41,False
4,Miami Grand Prix,COL,12.0,1.0,MEDIUM,12.0,95.134,1,True
4,Miami Grand Prix,COL,13.0,1.0,MEDIUM,13.0,94.246,1,True
4,Miami Grand Prix,COL,14.0,1.0,MEDIUM,14.0,93.941,1,True
4,Miami Grand Prix,COL,15.0,1.0,MEDIUM,15.0,94.124,1,True
4,Miami Grand Prix,COL,16.0,1.0,MEDIUM,16.0,94.137,12,False
4,Miami Grand Prix,COL,17.0,1.0,MEDIUM,17.0,94.4,1,True
4,Miami Grand Prix,COL,18.0,1.0,MEDIUM,18.0,94.654,1,True
4,Miami Grand Prix,COL,19.0,1.0,MEDIUM,19.0,94.505,1,True
4,Miami Grand Prix,COL,20.0,1.0,MEDIUM,20.0,94.591,1,True
4,Miami Grand Prix,COL,21.0,1.0,MEDIUM,21.0,94.967,1,True
4,Miami Grand Prix,COL,22.0,1.0,MEDIUM,22.0,94.275,1,True
4,Miami Grand Prix,COL,23.0,1.0,MEDIUM,23.0,94.009,1,True
4,Miami Grand Prix,COL,24.0,1.0,MEDIUM,24.0,94.203,1,True
4,Miami Grand Prix,COL,25.0,1.0,MEDIUM,25.0,94.237,1,True
4,Miami Grand Prix,COL,26.0,1.0,MEDIUM,26.0,93.991,1,True
4,Miami Grand Prix,COL,27.0,1.0,MEDIUM,27.0,94.275,1,True
4,Miami Grand Prix,COL,28.0,1.0,MEDIUM,28.0,94.391,1,True
4,Miami Grand Prix,COL,29.0,1.0,MEDIUM,29.0,94.323,1,True
4,Miami Grand Prix,COL,30.0,1.0,MEDIUM,30.0,94.192,1,True
4,Miami Grand Prix,COL,31.0,1.0,MEDIUM,31.0,99.432,1,False
4,Miami Grand Prix,COL,32.0,2.0,HARD,1.0,108.726,1,False
4,Miami Grand Prix,COL,33.0,2.0,HARD,2.0,93.035,1,True
4,Miami Grand Prix,COL,34.0,2.0,HARD,3.0,93.07,1,True
4,Miami Grand Prix,COL,35.0,2.0,HARD,4.0,93.162,1,True
4,Miami Grand Prix,COL,36.0,2.0,HARD,5.0,93.341,1,True
4,Miami Grand Prix,COL,37.0,2.0,HARD,6.0,93.756,1,True
4,Miami Grand Prix,COL,38.0,2.0,HARD,7.0,93.724,1,True
4,Miami Grand Prix,COL,39.0,2.0,HARD,8.0,93.717,1,True
4,Miami Grand Prix,COL,40.0,2.0,HARD,9.0,93.734,1,True
4,Miami Grand Prix,COL,41.0,2.0,HARD,10.0,93.803,1,True
4,Miami Grand Prix,COL,42.0,2.0,HARD,11.0,93.859,1,True
4,Miami Grand Prix,COL,43.0,2.0,HARD,12.0,93.416,1,True
4,Miami Grand Prix,COL,44.0,2.0,HARD,13.0,93.384,1,True
4,Miami Grand Prix,COL,45.0,2.0,HARD,14.0,93.951,1,True
4,Miami Grand Prix,COL,46.0,2.0,HARD,15.0,93.612,1,True
4,Miami Grand Prix,COL,47.0,2.0,HARD,16.0,93.332,12,False
4,Miami Grand Prix,COL,48.0,2.0,HARD,17.0,93.721,1,True
4,Miami Grand Prix,COL,49.0,2.0,HARD,18.0,93.38,1,True
4,Miami Grand Prix,COL,50.0,2.0,HARD,19.0,94.176,1,True
4,Miami Grand Prix,COL,51.0,2.0,HARD,20.0,93.775,1,True
4,Miami Grand Prix,COL,52.0,2.0,HARD,21.0,93.791,1,True
4,Miami Grand Prix,COL,53.0,2.0,HARD,22.0,93.528,1,True
4,Miami Grand Prix,COL,54.0,2.0,HARD,23.0,93.304,1,True
4,Miami Grand Prix,COL,55.0,2.0,HARD,24.0,93.335,1,True
4,Miami Grand Prix,COL,56.0,2.0,HARD,25.0,93.059,12,False
4,Miami Grand Prix,COL,57.0,2.0,HARD,26.0,93.148,1,True
4,Miami Grand Prix,HAM,1.0,1.0,MEDIUM,1.0,100.683,1,False
4,Miami Grand Prix,HAM,2.0,1.0,MEDIUM,2.0,93.545,1,False
4,Miami Grand Prix,HAM,3.0,1.0,MEDIUM,3.0,93.789,1,True
4,Miami Grand Prix,HAM,4.0,1.0,MEDIUM,4.0,93.971,1,True
4,Miami Grand Prix,HAM,5.0,1.0,MEDIUM,5.0,94.184,12,False
4,Miami Grand Prix,HAM,6.0,1.0,MEDIUM,6.0,135.026,24,False
4,Miami Grand Prix,HAM,7.0,1.0,MEDIUM,7.0,134.27,4,False
4,Miami Grand Prix,HAM,8.0,1.0,MEDIUM,8.0,142.859,4,False
4,Miami Grand Prix,HAM,9.0,1.0,MEDIUM,9.0,147.2,4,False
4,Miami Grand Prix,HAM,10.0,1.0,MEDIUM,10.0,137.89,4,False
4,Miami Grand Prix,HAM,11.0,1.0,MEDIUM,11.0,148.268,41,False
4,Miami Grand Prix,HAM,12.0,1.0,MEDIUM,12.0,94.726,1,True
4,Miami Grand Prix,HAM,13.0,1.0,MEDIUM,13.0,93.754,1,True
4,Miami Grand Prix,HAM,14.0,1.0,MEDIUM,14.0,93.554,1,True
4,Miami Grand Prix,HAM,15.0,1.0,MEDIUM,15.0,93.777,1,True
4,Miami Grand Prix,HAM,16.0,1.0,MEDIUM,16.0,93.705,12,False
4,Miami Grand Prix,HAM,17.0,1.0,MEDIUM,17.0,94.005,1,True
4,Miami Grand Prix,HAM,18.0,1.0,MEDIUM,18.0,94.232,1,True
4,Miami Grand Prix,HAM,19.0,1.0,MEDIUM,19.0,94.024,1,True
4,Miami Grand Prix,HAM,20.0,1.0,MEDIUM,20.0,94.217,1,True
4,Miami Grand Prix,HAM,21.0,1.0,MEDIUM,21.0,94.197,1,True
4,Miami Grand Prix,HAM,22.0,1.0,MEDIUM,22.0,94.167,1,True
4,Miami Grand Prix,HAM,23.0,1.0,MEDIUM,23.0,93.926,1,True
4,Miami Grand Prix,HAM,24.0,1.0,MEDIUM,24.0,94.057,1,True
4,Miami Grand Prix,HAM,25.0,1.0,MEDIUM,25.0,94.19,1,True
4,Miami Grand Prix,HAM,26.0,1.0,MEDIUM,26.0,94.984,1,True
4,Miami Grand Prix,HAM,27.0,1.0,MEDIUM,27.0,99.396,1,False
4,Miami Grand Prix,HAM,28.0,2.0,HARD,1.0,107.869,1,False
4,Miami Grand Prix,HAM,29.0,2.0,HARD,2.0,92.676,1,True
4,Miami Grand Prix,HAM,30.0,2.0,HARD,3.0,92.712,1,True
4,Miami Grand Prix,HAM,31.0,2.0,HARD,4.0,92.864,1,True
4,Miami Grand Prix,HAM,32.0,2.0,HARD,5.0,93.121,1,True
4,Miami Grand Prix,HAM,33.0,2.0,HARD,6.0,92.98,1,True
4,Miami Grand Prix,HAM,34.0,2.0,HARD,7.0,93.174,1,True
4,Miami Grand Prix,HAM,35.0,2.0,HARD,8.0,92.939,1,True
4,Miami Grand Prix,HAM,36.0,2.0,HARD,9.0,93.669,1,True
4,Miami Grand Prix,HAM,37.0,2.0,HARD,10.0,94.803,1,True
4,Miami Grand Prix,HAM,38.0,2.0,HARD,11.0,93.552,1,True
4,Miami Grand Prix,HAM,39.0,2.0,HARD,12.0,93.098,1,True
4,Miami Grand Prix,HAM,40.0,2.0,HARD,13.0,93.451,1,True
4,Miami Grand Prix,HAM,41.0,2.0,HARD,14.0,93.283,1,True
4,Miami Grand Prix,HAM,42.0,2.0,HARD,15.0,93.237,1,True
4,Miami Grand Prix,HAM,43.0,2.0,HARD,16.0,93.129,1,True
4,Miami Grand Prix,HAM,44.0,2.0,HARD,17.0,92.893,1,True
4,Miami Grand Prix,HAM,45.0,2.0,HARD,18.0,93.129,1,True
4,Miami Grand Prix,HAM,46.0,2.0,HARD,19.0,93.135,1,True
4,Miami Grand Prix,HAM,47.0,2.0,HARD,20.0,93.34,12,False
4,Miami Grand Prix,HAM,48.0,2.0,HARD,21.0,93.575,1,True
4,Miami Grand Prix,HAM,49.0,2.0,HARD,22.0,93.635,1,True
4,Miami Grand Prix,HAM,50.0,2.0,HARD,23.0,93.506,1,True
4,Miami Grand Prix,HAM,51.0,2.0,HARD,24.0,93.57,1,True
4,Miami Grand Prix,HAM,52.0,2.0,HARD,25.0,94.634,1,True
4,Miami Grand Prix,HAM,53.0,2.0,HARD,26.0,94.302,1,True
4,Miami Grand Prix,HAM,54.0,2.0,HARD,27.0,94.33,1,True
4,Miami Grand Prix,HAM,55.0,2.0,HARD,28.0,94.307,1,True
4,Miami Grand Prix,HAM,56.0,2.0,HARD,29.0,94.567,12,False
4,Miami Grand Prix,HAM,57.0,2.0,HARD,30.0,94.95,1,True
4,Miami Grand Prix,BOR,1.0,1.0,MEDIUM,1.0,109.249,1,False
4,Miami Grand Prix,BOR,2.0,1.0,MEDIUM,2.0,96.799,1,False
4,Miami Grand Prix,BOR,3.0,1.0,MEDIUM,3.0,96.384,1,True
4,Miami Grand Prix,BOR,4.0,1.0,MEDIUM,4.0,96.533,1,True
4,Miami Grand Prix,BOR,5.0,1.0,MEDIUM,5.0,97.279,124,False
4,Miami Grand Prix,BOR,6.0,1.0,MEDIUM,6.0,135.495,4,False
4,Miami Grand Prix,BOR,7.0,1.0,MEDIUM,7.0,128.77,4,False
4,Miami Grand Prix,BOR,8.0,1.0,MEDIUM,8.0,140.751,4,False
4,Miami Grand Prix,BOR,9.0,1.0,MEDIUM,9.0,142.618,4,False
4,Miami Grand Prix,BOR,10.0,1.0,MEDIUM,10.0,140.774,4,False
4,Miami Grand Prix,BOR,11.0,1.0,MEDIUM,11.0,141.504,41,False
4,Miami Grand Prix,BOR,12.0,1.0,MEDIUM,12.0,97.16,1,True
4,Miami Grand Prix,BOR,13.0,1.0,MEDIUM,13.0,95.549,1,True
4,Miami Grand Prix,BOR,14.0,1.0,MEDIUM,14.0,95.807,1,True
4,Miami Grand Prix,BOR,15.0,1.0,MEDIUM,15.0,95.722,12,False
4,Miami Grand Prix,BOR,16.0,1.0,MEDIUM,16.0,95.485,1,True
4,Miami Grand Prix,BOR,17.0,1.0,MEDIUM,17.0,95.493,1,True
4,Miami Grand Prix,BOR,18.0,1.0,MEDIUM,18.0,95.843,1,True
4,Miami Grand Prix,BOR,19.0,1.0,MEDIUM,19.0,95.793,1,True
4,Miami Grand Prix,BOR,20.0,1.0,MEDIUM,20.0,95.789,1,True
4,Miami Grand Prix,BOR,21.0,1.0,MEDIUM,21.0,95.15,1,True
4,Miami Grand Prix,BOR,22.0,1.0,MEDIUM,22.0,95.049,1,True
4,Miami Grand Prix,BOR,23.0,1.0,MEDIUM,23.0,94.653,1,True
4,Miami Grand Prix,BOR,24.0,1.0,MEDIUM,24.0,94.996,1,True
4,Miami Grand Prix,BOR,25.0,1.0,MEDIUM,25.0,95.001,1,True
4,Miami Grand Prix,BOR,26.0,1.0,MEDIUM,26.0,94.911,1,True
4,Miami Grand Prix,BOR,27.0,1.0,MEDIUM,27.0,95.252,1,True
4,Miami Grand Prix,BOR,28.0,1.0,MEDIUM,28.0,94.973,1,True
4,Miami Grand Prix,BOR,29.0,1.0,MEDIUM,29.0,95.023,1,True
4,Miami Grand Prix,BOR,30.0,1.0,MEDIUM,30.0,95.026,1,True
4,Miami Grand Prix,BOR,31.0,1.0,MEDIUM,31.0,95.204,1,True
4,Miami Grand Prix,BOR,32.0,1.0,MEDIUM,32.0,100.472,1,False
4,Miami Grand Prix,BOR,33.0,2.0,HARD,1.0,108.829,1,False
4,Miami Grand Prix,BOR,34.0,2.0,HARD,2.0,93.559,1,True
4,Miami Grand Prix,BOR,35.0,2.0,HARD,3.0,93.902,1,True
4,Miami Grand Prix,BOR,36.0,2.0,HARD,4.0,93.59,1,True
4,Miami Grand Prix,BOR,37.0,2.0,HARD,5.0,93.745,1,True
4,Miami Grand Prix,BOR,38.0,2.0,HARD,6.0,93.932,1,True
4,Miami Grand Prix,BOR,39.0,2.0,HARD,7.0,93.955,1,True
4,Miami Grand Prix,BOR,40.0,2.0,HARD,8.0,94.035,1,True
4,Miami Grand Prix,BOR,41.0,2.0,HARD,9.0,93.639,1,True
4,Miami Grand Prix,BOR,42.0,2.0,HARD,10.0,94.042,1,True
4,Miami Grand Prix,BOR,43.0,2.0,HARD,11.0,94.738,1,True
4,Miami Grand Prix,BOR,44.0,2.0,HARD,12.0,94.51,1,True
4,Miami Grand Prix,BOR,45.0,2.0,HARD,13.0,94.427,1,True
4,Miami Grand Prix,BOR,46.0,2.0,HARD,14.0,94.863,1,True
4,Miami Grand Prix,BOR,47.0,2.0,HARD,15.0,94.171,12,False
4,Miami Grand Prix,BOR,48.0,2.0,HARD,16.0,93.841,1,True
4,Miami Grand Prix,BOR,49.0,2.0,HARD,17.0,94.27,1,True
4,Miami Grand Prix,BOR,50.0,2.0,HARD,18.0,94.409,1,True
4,Miami Grand Prix,BOR,51.0,2.0,HARD,19.0,95.743,1,True
4,Miami Grand Prix,BOR,52.0,2.0,HARD,20.0,94.751,1,True
4,Miami Grand Prix,BOR,53.0,2.0,HARD,21.0,93.854,1,True
4,Miami Grand Prix,BOR,54.0,2.0,HARD,22.0,93.726,1,True
4,Miami Grand Prix,BOR,55.0,2.0,HARD,23.0,93.5,1,True
4,Miami Grand Prix,BOR,56.0,2.0,HARD,24.0,94.088,12,False
4,Miami Grand Prix,SAI,1.0,1.0,MEDIUM,1.0,105.235,1,False
4,Miami Grand Prix,SAI,2.0,1.0,MEDIUM,2.0,95.889,1,False
4,Miami Grand Prix,SAI,3.0,1.0,MEDIUM,3.0,95.295,1,True
4,Miami Grand Prix,SAI,4.0,1.0,MEDIUM,4.0,94.844,1,True
4,Miami Grand Prix,SAI,5.0,1.0,MEDIUM,5.0,96.681,12,False
4,Miami Grand Prix,SAI,6.0,1.0,MEDIUM,6.0,134.301,24,False
4,Miami Grand Prix,SAI,7.0,1.0,MEDIUM,7.0,128.424,4,False
4,Miami Grand Prix,SAI,8.0,1.0,MEDIUM,8.0,144.658,4,False
4,Miami Grand Prix,SAI,9.0,1.0,MEDIUM,9.0,143.29,4,False
4,Miami Grand Prix,SAI,10.0,1.0,MEDIUM,10.0,140.239,4,False
4,Miami Grand Prix,SAI,11.0,1.0,MEDIUM,11.0,144.363,41,False
4,Miami Grand Prix,SAI,12.0,1.0,MEDIUM,12.0,95.161,1,True
4,Miami Grand Prix,SAI,13.0,1.0,MEDIUM,13.0,94.884,1,True
4,Miami Grand Prix,SAI,14.0,1.0,MEDIUM,14.0,93.978,1,True
4,Miami Grand Prix,SAI,15.0,1.0,MEDIUM,15.0,94.223,1,True
4,Miami Grand Prix,SAI,16.0,1.0,MEDIUM,16.0,94.767,12,False
4,Miami Grand Prix,SAI,17.0,1.0,MEDIUM,17.0,94.819,1,True
4,Miami Grand Prix,SAI,18.0,1.0,MEDIUM,18.0,95.463,1,True
4,Miami Grand Prix,SAI,19.0,1.0,MEDIUM,19.0,94.773,1,True
4,Miami Grand Prix,SAI,20.0,1.0,MEDIUM,20.0,94.8,1,True
4,Miami Grand Prix,SAI,21.0,1.0,MEDIUM,21.0,94.968,1,True
4,Miami Grand Prix,SAI,22.0,1.0,MEDIUM,22.0,94.601,1,True
4,Miami Grand Prix,SAI,23.0,1.0,MEDIUM,23.0,94.651,1,True
4,Miami Grand Prix,SAI,24.0,1.0,MEDIUM,24.0,94.624,1,True
4,Miami Grand Prix,SAI,25.0,1.0,MEDIUM,25.0,95.297,1,True
4,Miami Grand Prix,SAI,26.0,1.0,MEDIUM,26.0,96.136,1,True
4,Miami Grand Prix,SAI,27.0,1.0,MEDIUM,27.0,94.842,1,True
4,Miami Grand Prix,SAI,28.0,1.0,MEDIUM,28.0,99.86,1,False
4,Miami Grand Prix,SAI,29.0,2.0,HARD,1.0,108.534,1,False
4,Miami Grand Prix,SAI,30.0,2.0,HARD,2.0,93.026,1,True
4,Miami Grand Prix,SAI,31.0,2.0,HARD,3.0,93.311,1,True
4,Miami Grand Prix,SAI,32.0,2.0,HARD,4.0,93.737,1,True
4,Miami Grand Prix,SAI,33.0,2.0,HARD,5.0,93.547,1,True
4,Miami Grand Prix,SAI,34.0,2.0,HARD,6.0,94.042,1,True
4,Miami Grand Prix,SAI,35.0,2.0,HARD,7.0,93.968,1,True
4,Miami Grand Prix,SAI,36.0,2.0,HARD,8.0,93.818,1,True
4,Miami Grand Prix,SAI,37.0,2.0,HARD,9.0,94.082,1,True
4,Miami Grand Prix,SAI,38.0,2.0,HARD,10.0,94.237,1,True
4,Miami Grand Prix,SAI,39.0,2.0,HARD,11.0,94.234,1,True
4,Miami Grand Prix,SAI,40.0,2.0,HARD,12.0,93.988,1,True
4,Miami Grand Prix,SAI,41.0,2.0,HARD,13.0,94.315,1,True
4,Miami Grand Prix,SAI,42.0,2.0,HARD,14.0,94.394,1,True
4,Miami Grand Prix,SAI,43.0,2.0,HARD,15.0,94.241,1,True
4,Miami Grand Prix,SAI,44.0,2.0,HARD,16.0,93.866,1,True
4,Miami Grand Prix,SAI,45.0,2.0,HARD,17.0,94.046,1,True
4,Miami Grand Prix,SAI,46.0,2.0,HARD,18.0,94.07,1,True
4,Miami Grand Prix,SAI,47.0,2.0,HARD,19.0,93.978,12,False
4,Miami Grand Prix,SAI,48.0,2.0,HARD,20.0,94.004,1,True
4,Miami Grand Prix,SAI,49.0,2.0,HARD,21.0,93.98,1,True
4,Miami Grand Prix,SAI,50.0,2.0,HARD,22.0,93.893,1,True
4,Miami Grand Prix,SAI,51.0,2.0,HARD,23.0,94.102,1,True
4,Miami Grand Prix,SAI,52.0,2.0,HARD,24.0,94.172,1,True
4,Miami Grand Prix,SAI,53.0,2.0,HARD,25.0,93.989,1,True
4,Miami Grand Prix,SAI,54.0,2.0,HARD,26.0,93.858,1,True
4,Miami Grand Prix,SAI,55.0,2.0,HARD,27.0,93.951,1,True
4,Miami Grand Prix,SAI,56.0,2.0,HARD,28.0,94.341,12,False
4,Miami Grand Prix,SAI,57.0,2.0,HARD,29.0,94.555,1,True
4,Miami Grand Prix,HAD,1.0,1.0,HARD,1.0,109.627,1,False
4,Miami Grand Prix,HAD,2.0,1.0,HARD,2.0,96.068,1,False
4,Miami Grand Prix,HAD,3.0,1.0,HARD,3.0,95.188,1,True
4,Miami Grand Prix,HAD,4.0,1.0,HARD,4.0,94.833,1,True
4,Miami Grand Prix,HAD,5.0,1.0,HARD,5.0,,124,False
4,Miami Grand Prix,RUS,1.0,1.0,MEDIUM,1.0,99.258,1,False
4,Miami Grand Prix,RUS,2.0,1.0,MEDIUM,2.0,93.194,1,False
4,Miami Grand Prix,RUS,3.0,1.0,MEDIUM,3.0,93.574,1,True
4,Miami Grand Prix,RUS,4.0,1.0,MEDIUM,4.0,93.873,1,True
4,Miami Grand Prix,RUS,5.0,1.0,MEDIUM,5.0,93.837,12,False
4,Miami Grand Prix,RUS,6.0,1.0,MEDIUM,6.0,130.928,24,False
4,Miami Grand Prix,RUS,7.0,1.0,MEDIUM,7.0,137.484,4,False
4,Miami Grand Prix,RUS,8.0,1.0,MEDIUM,8.0,142.95,4,False
4,Miami Grand Prix,RUS,9.0,1.0,MEDIUM,9.0,147.445,4,False
4,Miami Grand Prix,RUS,10.0,1.0,MEDIUM,10.0,138.393,4,False
4,Miami Grand Prix,RUS,11.0,1.0,MEDIUM,11.0,149.958,41,False
4,Miami Grand Prix,RUS,12.0,1.0,MEDIUM,12.0,94.951,1,True
4,Miami Grand Prix,RUS,13.0,1.0,MEDIUM,13.0,93.583,1,True
4,Miami Grand Prix,RUS,14.0,1.0,MEDIUM,14.0,93.818,1,True
4,Miami Grand Prix,RUS,15.0,1.0,MEDIUM,15.0,93.495,1,True
4,Miami Grand Prix,RUS,16.0,1.0,MEDIUM,16.0,93.565,12,False
4,Miami Grand Prix,RUS,17.0,1.0,MEDIUM,17.0,93.99,1,True
4,Miami Grand Prix,RUS,18.0,1.0,MEDIUM,18.0,94.058,1,True
4,Miami Grand Prix,RUS,19.0,1.0,MEDIUM,19.0,93.873,1,True
4,Miami Grand Prix,RUS,20.0,1.0,MEDIUM,20.0,99.114,1,False
4,Miami Grand Prix,RUS,21.0,2.0,HARD,1.0,105.973,1,False
4,Miami Grand Prix,RUS,22.0,2.0,HARD,2.0,92.636,1,True
4,Miami Grand Prix,RUS,23.0,2.0,HARD,3.0,93.752,1,True
4,Miami Grand Prix,RUS,24.0,2.0,HARD,4.0,94.363,1,True
4,Miami Grand Prix,RUS,25.0,2.0,HARD,5.0,93.069,1,True
4,Miami Grand Prix,RUS,26.0,2.0,HARD,6.0,93.423,1,True
4,Miami Grand Prix,RUS,27.0,2.0,HARD,7.0,93.205,1,True
4,Miami Grand Prix,RUS,28.0,2.0,HARD,8.0,92.957,1,True
4,Miami Grand Prix,RUS,29.0,2.0,HARD,9.0,92.906,1,True
4,Miami Grand Prix,RUS,30.0,2.0,HARD,10.0,93.639,1,True
4,Miami Grand Prix,RUS,31.0,2.0,HARD,11.0,94.234,1,True
4,Miami Grand Prix,RUS,32.0,2.0,HARD,12.0,93.326,1,True
4,Miami Grand Prix,RUS,33.0,2.0,HARD,13.0,93.547,1,True
4,Miami Grand Prix,RUS,34.0,2.0,HARD,14.0,94.33,1,True
4,Miami Grand Prix,RUS,35.0,2.0,HARD,15.0,94.952,1,True
4,Miami Grand Prix,RUS,36.0,2.0,HARD,16.0,93.722,1,True
4,Miami Grand Prix,RUS,37.0,2.0,HARD,17.0,93.203,1,True
4,Miami Grand Prix,RUS,38.0,2.0,HARD,18.0,93.237,1,True
4,Miami Grand Prix,RUS,39.0,2.0,HARD,19.0,92.977,1,True
4,Miami Grand Prix,RUS,40.0,2.0,HARD,20.0,93.177,1,True
4,Miami Grand Prix,RUS,41.0,2.0,HARD,21.0,92.898,1,True
4,Miami Grand Prix,RUS,42.0,2.0,HARD,22.0,93.198,1,True
4,Miami Grand Prix,RUS,43.0,2.0,HARD,23.0,93.293,1,True
4,Miami Grand Prix,RUS,44.0,2.0,HARD,24.0,93.747,1,True
4,Miami Grand Prix,RUS,45.0,2.0,HARD,25.0,93.07,1,True
4,Miami Grand Prix,RUS,46.0,2.0,HARD,26.0,93.302,1,True
4,Miami Grand Prix,RUS,47.0,2.0,HARD,27.0,93.261,1,True
4,Miami Grand Prix,RUS,48.0,2.0,HARD,28.0,93.272,12,False
4,Miami Grand Prix,RUS,49.0,2.0,HARD,29.0,92.741,1,True
4,Miami Grand Prix,RUS,50.0,2.0,HARD,30.0,92.701,1,True
4,Miami Grand Prix,RUS,51.0,2.0,HARD,31.0,92.807,1,True
4,Miami Grand Prix,RUS,52.0,2.0,HARD,32.0,92.877,1,True
4,Miami Grand Prix,RUS,53.0,2.0,HARD,33.0,92.446,1,True
4,Miami Grand Prix,RUS,54.0,2.0,HARD,34.0,93.81,1,True
4,Miami Grand Prix,RUS,55.0,2.0,HARD,35.0,96.203,1,True
4,Miami Grand Prix,RUS,56.0,2.0,HARD,36.0,94.187,1,True
4,Miami Grand Prix,RUS,57.0,2.0,HARD,37.0,94.542,12,False
4,Miami Grand Prix,BOT,1.0,1.0,MEDIUM,1.0,110.494,1,False
4,Miami Grand Prix,BOT,2.0,1.0,MEDIUM,2.0,96.788,1,False
4,Miami Grand Prix,BOT,3.0,1.0,MEDIUM,3.0,96.607,1,True
4,Miami Grand Prix,BOT,4.0,1.0,MEDIUM,4.0,96.617,1,True
4,Miami Grand Prix,BOT,5.0,1.0,MEDIUM,5.0,102.642,124,False
4,Miami Grand Prix,BOT,6.0,1.0,MEDIUM,6.0,137.329,4,False
4,Miami Grand Prix,BOT,7.0,2.0,SOFT,1.0,128.7,4,False
4,Miami Grand Prix,BOT,8.0,2.0,SOFT,2.0,140.142,4,False
4,Miami Grand Prix,BOT,9.0,2.0,SOFT,3.0,143.853,4,False
4,Miami Grand Prix,BOT,10.0,2.0,SOFT,4.0,138.118,4,False
4,Miami Grand Prix,BOT,11.0,2.0,SOFT,5.0,136.82,41,False
4,Miami Grand Prix,BOT,12.0,2.0,SOFT,6.0,96.419,1,True
4,Miami Grand Prix,BOT,13.0,2.0,SOFT,7.0,96.61,1,True
4,Miami Grand Prix,BOT,14.0,2.0,SOFT,8.0,96.326,1,True
4,Miami Grand Prix,BOT,15.0,2.0,SOFT,9.0,96.355,12,False
4,Miami Grand Prix,BOT,16.0,2.0,SOFT,10.0,96.08,1,True
4,Miami Grand Prix,BOT,17.0,2.0,SOFT,11.0,96.766,1,True
4,Miami Grand Prix,BOT,18.0,2.0,SOFT,12.0,96.719,1,True
4,Miami Grand Prix,BOT,19.0,2.0,SOFT,13.0,96.902,1,True
4,Miami Grand Prix,BOT,20.0,2.0,SOFT,14.0,97.904,1,True
4,Miami Grand Prix,BOT,21.0,2.0,SOFT,15.0,102.797,1,False
4,Miami Grand Prix,BOT,22.0,3.0,MEDIUM,1.0,111.648,1,False
4,Miami Grand Prix,BOT,23.0,3.0,MEDIUM,2.0,96.375,1,True
4,Miami Grand Prix,BOT,24.0,3.0,MEDIUM,3.0,97.448,1,True
4,Miami Grand Prix,BOT,25.0,3.0,MEDIUM,4.0,96.449,1,True
4,Miami Grand Prix,BOT,26.0,3.0,MEDIUM,5.0,96.262,1,True
4,Miami Grand Prix,BOT,27.0,3.0,MEDIUM,6.0,96.571,1,True
4,Miami Grand Prix,BOT,28.0,3.0,MEDIUM,7.0,96.649,1,True
4,Miami Grand Prix,BOT,29.0,3.0,MEDIUM,8.0,96.481,1,True
4,Miami Grand Prix,BOT,30.0,3.0,MEDIUM,9.0,102.584,1,False
4,Miami Grand Prix,BOT,31.0,4.0,MEDIUM,10.0,108.779,1,False
4,Miami Grand Prix,BOT,32.0,4.0,MEDIUM,11.0,99.743,1,True
4,Miami Grand Prix,BOT,33.0,4.0,MEDIUM,12.0,97.687,1,True
4,Miami Grand Prix,BOT,34.0,4.0,MEDIUM,13.0,97.857,1,True
4,Miami Grand Prix,BOT,35.0,4.0,MEDIUM,14.0,97.114,1,True
4,Miami Grand Prix,BOT,36.0,4.0,MEDIUM,15.0,98.662,1,True
4,Miami Grand Prix,BOT,37.0,4.0,MEDIUM,16.0,98.08,1,True
4,Miami Grand Prix,BOT,38.0,4.0,MEDIUM,17.0,97.759,1,True
4,Miami Grand Prix,BOT,39.0,4.0,MEDIUM,18.0,99.233,1,True
4,Miami Grand Prix,BOT,40.0,4.0,MEDIUM,19.0,100.195,1,True
4,Miami Grand Prix,BOT,41.0,4.0,MEDIUM,20.0,97.855,1,True
4,Miami Grand Prix,BOT,42.0,4.0,MEDIUM,21.0,100.123,1,True
4,Miami Grand Prix,BOT,43.0,4.0,MEDIUM,22.0,97.641,1,True
4,Miami Grand Prix,BOT,44.0,4.0,MEDIUM,23.0,97.88,1,True
4,Miami Grand Prix,BOT,45.0,4.0,MEDIUM,24.0,100.655,1,True
4,Miami Grand Prix,BOT,46.0,4.0,MEDIUM,25.0,99.005,12,False
4,Miami Grand Prix,BOT,47.0,4.0,MEDIUM,26.0,97.707,1,True
4,Miami Grand Prix,BOT,48.0,4.0,MEDIUM,27.0,98.102,1,True
4,Miami Grand Prix,BOT,49.0,4.0,MEDIUM,28.0,102.264,1,True
4,Miami Grand Prix,BOT,50.0,4.0,MEDIUM,29.0,98.37,1,True
4,Miami Grand Prix,BOT,51.0,4.0,MEDIUM,30.0,97.283,1,True
4,Miami Grand Prix,BOT,52.0,4.0,MEDIUM,31.0,99.178,1,True
4,Miami Grand Prix,BOT,53.0,4.0,MEDIUM,32.0,97.322,1,True
4,Miami Grand Prix,BOT,54.0,4.0,MEDIUM,33.0,97.595,12,False
4,Miami Grand Prix,BOT,55.0,4.0,MEDIUM,34.0,99.984,1,True
4,Miami Grand Prix,PIA,1.0,1.0,MEDIUM,1.0,98.7,1,False
4,Miami Grand Prix,PIA,2.0,1.0,MEDIUM,2.0,93.525,1,False
4,Miami Grand Prix,PIA,3.0,1.0,MEDIUM,3.0,94.364,1,True
4,Miami Grand Prix,PIA,4.0,1.0,MEDIUM,4.0,94.089,1,True
4,Miami Grand Prix,PIA,5.0,1.0,MEDIUM,5.0,93.491,12,False
4,Miami Grand Prix,PIA,6.0,1.0,MEDIUM,6.0,131.907,24,False
4,Miami Grand Prix,PIA,7.0,1.0,MEDIUM,7.0,137.314,4,False
4,Miami Grand Prix,PIA,8.0,1.0,MEDIUM,8.0,143.63,4,False
4,Miami Grand Prix,PIA,9.0,1.0,MEDIUM,9.0,147.376,4,False
4,Miami Grand Prix,PIA,10.0,1.0,MEDIUM,10.0,138.535,4,False
4,Miami Grand Prix,PIA,11.0,1.0,MEDIUM,11.0,148.408,41,False
4,Miami Grand Prix,PIA,12.0,1.0,MEDIUM,12.0,93.518,1,True
4,Miami Grand Prix,PIA,13.0,1.0,MEDIUM,13.0,93.463,1,True
4,Miami Grand Prix,PIA,14.0,1.0,MEDIUM,14.0,93.22,1,True
4,Miami Grand Prix,PIA,15.0,1.0,MEDIUM,15.0,93.497,1,True
4,Miami Grand Prix,PIA,16.0,1.0,MEDIUM,16.0,93.744,12,False
4,Miami Grand Prix,PIA,17.0,1.0,MEDIUM,17.0,94.581,1,True
4,Miami Grand Prix,PIA,18.0,1.0,MEDIUM,18.0,94.013,1,True
4,Miami Grand Prix,PIA,19.0,1.0,MEDIUM,19.0,93.718,1,True
4,Miami Grand Prix,PIA,20.0,1.0,MEDIUM,20.0,93.477,1,True
4,Miami Grand Prix,PIA,21.0,1.0,MEDIUM,21.0,93.541,1,True
4,Miami Grand Prix,PIA,22.0,1.0,MEDIUM,22.0,93.874,1,True
4,Miami Grand Prix,PIA,23.0,1.0,MEDIUM,23.0,93.83,1,True
4,Miami Grand Prix,PIA,24.0,1.0,MEDIUM,24.0,93.64,1,True
4,Miami Grand Prix,PIA,25.0,1.0,MEDIUM,25.0,94.551,1,True
4,Miami Grand Prix,PIA,26.0,1.0,MEDIUM,26.0,94.071,1,True
4,Miami Grand Prix,PIA,27.0,1.0,MEDIUM,27.0,93.95,1,True
4,Miami Grand Prix,PIA,28.0,1.0,MEDIUM,28.0,98.991,1,False
4,Miami Grand Prix,PIA,29.0,2.0,HARD,1.0,107.494,1,False
4,Miami Grand Prix,PIA,30.0,2.0,HARD,2.0,91.949,1,True
4,Miami Grand Prix,PIA,31.0,2.0,HARD,3.0,92.439,1,True
4,Miami Grand Prix,PIA,32.0,2.0,HARD,4.0,92.398,1,True
4,Miami Grand Prix,PIA,33.0,2.0,HARD,5.0,93.32,1,True
4,Miami Grand Prix,PIA,34.0,2.0,HARD,6.0,94.217,1,True
4,Miami Grand Prix,PIA,35.0,2.0,HARD,7.0,94.257,1,True
4,Miami Grand Prix,PIA,36.0,2.0,HARD,8.0,93.268,1,True
4,Miami Grand Prix,PIA,37.0,2.0,HARD,9.0,92.836,1,True
4,Miami Grand Prix,PIA,38.0,2.0,HARD,10.0,92.55,1,True
4,Miami Grand Prix,PIA,39.0,2.0,HARD,11.0,92.593,1,True
4,Miami Grand Prix,PIA,40.0,2.0,HARD,12.0,92.524,1,True
4,Miami Grand Prix,PIA,41.0,2.0,HARD,13.0,92.8,1,True
4,Miami Grand Prix,PIA,42.0,2.0,HARD,14.0,92.664,1,True
4,Miami Grand Prix,PIA,43.0,2.0,HARD,15.0,92.838,1,True
4,Miami Grand Prix,PIA,44.0,2.0,HARD,16.0,92.784,1,True
4,Miami Grand Prix,PIA,45.0,2.0,HARD,17.0,92.298,1,True
4,Miami Grand Prix,PIA,46.0,2.0,HARD,18.0,92.496,1,True
4,Miami Grand Prix,PIA,47.0,2.0,HARD,19.0,92.61,1,True
4,Miami Grand Prix,PIA,48.0,2.0,HARD,20.0,93.578,12,False
4,Miami Grand Prix,PIA,49.0,2.0,HARD,21.0,92.759,1,True
4,Miami Grand Prix,PIA,50.0,2.0,HARD,22.0,92.425,1,True
4,Miami Grand Prix,PIA,51.0,2.0,HARD,23.0,92.416,1,True
4,Miami Grand Prix,PIA,52.0,2.0,HARD,24.0,92.449,1,True
4,Miami Grand Prix,PIA,53.0,2.0,HARD,25.0,92.22,1,True
4,Miami Grand Prix,PIA,54.0,2.0,HARD,26.0,91.986,1,True
4,Miami Grand Prix,PIA,55.0,2.0,HARD,27.0,92.696,1,True
4,Miami Grand Prix,PIA,56.0,2.0,HARD,28.0,93.246,1,True
4,Miami Grand Prix,PIA,57.0,2.0,HARD,29.0,93.237,12,False
4,Miami Grand Prix,BEA,1.0,1.0,MEDIUM,1.0,105.758,1,False
4,Miami Grand Prix,BEA,2.0,1.0,MEDIUM,2.0,96.946,1,False
4,Miami Grand Prix,BEA,3.0,1.0,MEDIUM,3.0,94.892,1,True
4,Miami Grand Prix,BEA,4.0,1.0,MEDIUM,4.0,95.041,1,True
4,Miami Grand Prix,BEA,5.0,1.0,MEDIUM,5.0,95.796,12,False
4,Miami Grand Prix,BEA,6.0,1.0,MEDIUM,6.0,134.875,24,False
4,Miami Grand Prix,BEA,7.0,1.0,MEDIUM,7.0,129.357,4,False
4,Miami Grand Prix,BEA,8.0,1.0,MEDIUM,8.0,143.393,4,False
4,Miami Grand Prix,BEA,9.0,1.0,MEDIUM,9.0,143.301,4,False
4,Miami Grand Prix,BEA,10.0,1.0,MEDIUM,10.0,139.786,4,False
4,Miami Grand Prix,BEA,11.0,1.0,MEDIUM,11.0,144.654,41,False
4,Miami Grand Prix,BEA,12.0,1.0,MEDIUM,12.0,95.269,1,True
4,Miami Grand Prix,BEA,13.0,1.0,MEDIUM,13.0,95.032,1,True
4,Miami Grand Prix,BEA,14.0,1.0,MEDIUM,14.0,94.617,1,True
4,Miami Grand Prix,BEA,15.0,1.0,MEDIUM,15.0,95.111,1,True
4,Miami Grand Prix,BEA,16.0,1.0,MEDIUM,16.0,94.876,12,False
4,Miami Grand Prix,BEA,17.0,1.0,MEDIUM,17.0,95.207,1,True
4,Miami Grand Prix,BEA,18.0,1.0,MEDIUM,18.0,95.176,1,True
4,Miami Grand Prix,BEA,19.0,1.0,MEDIUM,19.0,95.097,1,True
4,Miami Grand Prix,BEA,20.0,1.0,MEDIUM,20.0,95.105,1,True
4,Miami Grand Prix,BEA,21.0,1.0,MEDIUM,21.0,95.271,1,True
4,Miami Grand Prix,BEA,22.0,1.0,MEDIUM,22.0,94.971,1,True
4,Miami Grand Prix,BEA,23.0,1.0,MEDIUM,23.0,96.529,1,True
4,Miami Grand Prix,BEA,24.0,1.0,MEDIUM,24.0,95.107,1,True
4,Miami Grand Prix,BEA,25.0,1.0,MEDIUM,25.0,95.015,1,True
4,Miami Grand Prix,BEA,26.0,1.0,MEDIUM,26.0,99.688,1,False
4,Miami Grand Prix,BEA,27.0,2.0,HARD,1.0,108.534,1,False
4,Miami Grand Prix,BEA,28.0,2.0,HARD,2.0,93.744,1,True
4,Miami Grand Prix,BEA,29.0,2.0,HARD,3.0,94.061,1,True
4,Miami Grand Prix,BEA,30.0,2.0,HARD,4.0,93.841,1,True
4,Miami Grand Prix,BEA,31.0,2.0,HARD,5.0,94.085,1,True
4,Miami Grand Prix,BEA,32.0,2.0,HARD,6.0,94.102,1,True
4,Miami Grand Prix,BEA,33.0,2.0,HARD,7.0,93.867,1,True
4,Miami Grand Prix,BEA,34.0,2.0,HARD,8.0,94.303,1,True
4,Miami Grand Prix,BEA,35.0,2.0,HARD,9.0,94.198,1,True
4,Miami Grand Prix,BEA,36.0,2.0,HARD,10.0,94.273,1,True
4,Miami Grand Prix,BEA,37.0,2.0,HARD,11.0,94.245,1,True
4,Miami Grand Prix,BEA,38.0,2.0,HARD,12.0,94.369,1,True
4,Miami Grand Prix,BEA,39.0,2.0,HARD,13.0,94.403,1,True
4,Miami Grand Prix,BEA,40.0,2.0,HARD,14.0,94.359,1,True
4,Miami Grand Prix,BEA,41.0,2.0,HARD,15.0,94.444,1,True
4,Miami Grand Prix,BEA,42.0,2.0,HARD,16.0,94.408,1,True
4,Miami Grand Prix,BEA,43.0,2.0,HARD,17.0,94.879,1,True
4,Miami Grand Prix,BEA,44.0,2.0,HARD,18.0,94.482,1,True
4,Miami Grand Prix,BEA,45.0,2.0,HARD,19.0,94.588,1,True
4,Miami Grand Prix,BEA,46.0,2.0,HARD,20.0,94.353,1,True
4,Miami Grand Prix,BEA,47.0,2.0,HARD,21.0,97.535,12,False
4,Miami Grand Prix,BEA,48.0,2.0,HARD,22.0,94.753,1,True
4,Miami Grand Prix,BEA,49.0,2.0,HARD,23.0,94.342,1,True
4,Miami Grand Prix,BEA,50.0,2.0,HARD,24.0,94.287,1,True
4,Miami Grand Prix,BEA,51.0,2.0,HARD,25.0,94.447,1,True
4,Miami Grand Prix,BEA,52.0,2.0,HARD,26.0,94.72,1,True
4,Miami Grand Prix,BEA,53.0,2.0,HARD,27.0,94.356,1,True
4,Miami Grand Prix,BEA,54.0,2.0,HARD,28.0,95.415,1,True
4,Miami Grand Prix,BEA,55.0,2.0,HARD,29.0,95.896,1,True
4,Miami Grand Prix,BEA,56.0,2.0,HARD,30.0,94.514,12,False
5,Canadian Grand Prix,NOR,1.0,1.0,INTERMEDIATE,1.0,86.181,1,False
5,Canadian Grand Prix,NOR,2.0,1.0,INTERMEDIATE,2.0,97.774,1,False
5,Canadian Grand Prix,NOR,3.0,2.0,MEDIUM,1.0,84.075,1,False
5,Canadian Grand Prix,NOR,4.0,2.0,MEDIUM,2.0,81.17,1,True
5,Canadian Grand Prix,NOR,5.0,2.0,MEDIUM,3.0,78.603,1,True
5,Canadian Grand Prix,NOR,6.0,2.0,MEDIUM,4.0,79.343,1,True
5,Canadian Grand Prix,NOR,7.0,2.0,MEDIUM,5.0,78.079,1,True
5,Canadian Grand Prix,NOR,8.0,2.0,MEDIUM,6.0,78.027,1,True
5,Canadian Grand Prix,NOR,9.0,2.0,MEDIUM,7.0,77.106,1,True
5,Canadian Grand Prix,NOR,10.0,2.0,MEDIUM,8.0,77.226,1,True
5,Canadian Grand Prix,NOR,11.0,2.0,MEDIUM,9.0,77.933,1,True
5,Canadian Grand Prix,NOR,12.0,2.0,MEDIUM,10.0,76.868,12,False
5,Canadian Grand Prix,NOR,13.0,2.0,MEDIUM,11.0,77.68,2,False
5,Canadian Grand Prix,NOR,14.0,2.0,MEDIUM,12.0,76.801,21,False
5,Canadian Grand Prix,NOR,15.0,2.0,MEDIUM,13.0,98.836,1,False
5,Canadian Grand Prix,NOR,16.0,3.0,MEDIUM,4.0,83.114,1,False
5,Canadian Grand Prix,NOR,17.0,3.0,MEDIUM,5.0,77.206,1,True
5,Canadian Grand Prix,NOR,18.0,3.0,MEDIUM,6.0,78.118,12,False
5,Canadian Grand Prix,NOR,19.0,3.0,MEDIUM,7.0,76.877,1,True
5,Canadian Grand Prix,NOR,20.0,3.0,MEDIUM,8.0,76.598,1,True
5,Canadian Grand Prix,NOR,21.0,3.0,MEDIUM,9.0,76.974,1,True
5,Canadian Grand Prix,NOR,22.0,3.0,MEDIUM,10.0,77.029,1,True
5,Canadian Grand Prix,NOR,23.0,3.0,MEDIUM,11.0,79.051,1,True
5,Canadian Grand Prix,NOR,24.0,3.0,MEDIUM,12.0,77.212,1,True
5,Canadian Grand Prix,NOR,25.0,3.0,MEDIUM,13.0,76.692,1,True
5,Canadian Grand Prix,NOR,26.0,3.0,MEDIUM,14.0,76.454,1,True
5,Canadian Grand Prix,NOR,27.0,3.0,MEDIUM,15.0,76.187,1,True
5,Canadian Grand Prix,NOR,28.0,3.0,MEDIUM,16.0,76.169,1,True
5,Canadian Grand Prix,NOR,29.0,3.0,MEDIUM,17.0,76.238,12,False
5,Canadian Grand Prix,NOR,30.0,3.0,MEDIUM,18.0,102.958,26,False
5,Canadian Grand Prix,NOR,31.0,3.0,MEDIUM,19.0,103.679,67,False
5,Canadian Grand Prix,NOR,32.0,3.0,MEDIUM,20.0,78.818,71,False
5,Canadian Grand Prix,NOR,33.0,3.0,MEDIUM,21.0,76.514,1,True
5,Canadian Grand Prix,NOR,34.0,3.0,MEDIUM,22.0,76.797,1,True
5,Canadian Grand Prix,NOR,35.0,3.0,MEDIUM,23.0,76.614,1,True
5,Canadian Grand Prix,NOR,36.0,3.0,MEDIUM,24.0,75.845,1,True
5,Canadian Grand Prix,NOR,37.0,3.0,MEDIUM,25.0,76.361,1,True
5,Canadian Grand Prix,NOR,38.0,3.0,MEDIUM,26.0,76.014,1,True
5,Canadian Grand Prix,NOR,39.0,3.0,MEDIUM,27.0,,12,False
5,Canadian Grand Prix,GAS,1.0,1.0,MEDIUM,1.0,95.442,1,False
5,Canadian Grand Prix,GAS,2.0,1.0,MEDIUM,2.0,86.222,1,False
5,Canadian Grand Prix,GAS,3.0,1.0,MEDIUM,3.0,80.561,1,True
5,Canadian Grand Prix,GAS,4.0,1.0,MEDIUM,4.0,80.937,1,True
5,Canadian Grand Prix,GAS,5.0,1.0,MEDIUM,5.0,80.946,1,True
5,Canadian Grand Prix,GAS,6.0,1.0,MEDIUM,6.0,79.779,1,True
5,Canadian Grand Prix,GAS,7.0,1.0,MEDIUM,7.0,79.013,1,True
5,Canadian Grand Prix,GAS,8.0,1.0,MEDIUM,8.0,78.469,1,True
5,Canadian Grand Prix,GAS,9.0,1.0,MEDIUM,9.0,77.916,1,True
5,Canadian Grand Prix,GAS,10.0,1.0,MEDIUM,10.0,77.79,1,True
5,Canadian Grand Prix,GAS,11.0,1.0,MEDIUM,11.0,78.575,1,True
5,Canadian Grand Prix,GAS,12.0,1.0,MEDIUM,12.0,79.019,12,False
5,Canadian Grand Prix,GAS,13.0,1.0,MEDIUM,13.0,79.232,2,False
5,Canadian Grand Prix,GAS,14.0,1.0,MEDIUM,14.0,78.013,21,False
5,Canadian Grand Prix,GAS,15.0,1.0,MEDIUM,15.0,77.595,1,True
5,Canadian Grand Prix,GAS,16.0,1.0,MEDIUM,16.0,77.569,1,True
5,Canadian Grand Prix,GAS,17.0,1.0,MEDIUM,17.0,77.633,1,True
5,Canadian Grand Prix,GAS,18.0,1.0,MEDIUM,18.0,77.456,12,False
5,Canadian Grand Prix,GAS,19.0,1.0,MEDIUM,19.0,77.419,1,True
5,Canadian Grand Prix,GAS,20.0,1.0,MEDIUM,20.0,77.507,1,True
5,Canadian Grand Prix,GAS,21.0,1.0,MEDIUM,21.0,77.774,1,True
5,Canadian Grand Prix,GAS,22.0,1.0,MEDIUM,22.0,77.432,1,True
5,Canadian Grand Prix,GAS,23.0,1.0,MEDIUM,23.0,78.091,1,True
5,Canadian Grand Prix,GAS,24.0,1.0,MEDIUM,24.0,77.292,1,True
5,Canadian Grand Prix,GAS,25.0,1.0,MEDIUM,25.0,77.319,1,True
5,Canadian Grand Prix,GAS,26.0,1.0,MEDIUM,26.0,77.098,1,True
5,Canadian Grand Prix,GAS,27.0,1.0,MEDIUM,27.0,77.05,1,True
5,Canadian Grand Prix,GAS,28.0,1.0,MEDIUM,28.0,76.981,1,True
5,Canadian Grand Prix,GAS,29.0,1.0,MEDIUM,29.0,76.867,12,False
5,Canadian Grand Prix,GAS,30.0,1.0,MEDIUM,30.0,112.733,26,False
5,Canadian Grand Prix,GAS,31.0,2.0,HARD,1.0,104.736,67,False
5,Canadian Grand Prix,GAS,32.0,2.0,HARD,2.0,80.704,71,False
5,Canadian Grand Prix,GAS,33.0,2.0,HARD,3.0,78.117,1,True
5,Canadian Grand Prix,GAS,34.0,2.0,HARD,4.0,77.469,1,True
5,Canadian Grand Prix,GAS,35.0,2.0,HARD,5.0,77.389,1,True
5,Canadian Grand Prix,GAS,36.0,2.0,HARD,6.0,77.233,1,True
5,Canadian Grand Prix,GAS,37.0,2.0,HARD,7.0,76.922,1,True
5,Canadian Grand Prix,GAS,38.0,2.0,HARD,8.0,78.909,1,True
5,Canadian Grand Prix,GAS,39.0,2.0,HARD,9.0,76.835,12,False
5,Canadian Grand Prix,GAS,40.0,2.0,HARD,10.0,76.585,1,True
5,Canadian Grand Prix,GAS,41.0,2.0,HARD,11.0,76.395,1,True
5,Canadian Grand Prix,GAS,42.0,2.0,HARD,12.0,76.245,1,True
5,Canadian Grand Prix,GAS,43.0,2.0,HARD,13.0,76.219,1,True
5,Canadian Grand Prix,GAS,44.0,2.0,HARD,14.0,77.859,1,True
5,Canadian Grand Prix,GAS,45.0,2.0,HARD,15.0,93.48,167,False
5,Canadian Grand Prix,GAS,46.0,2.0,HARD,16.0,76.888,1,True
5,Canadian Grand Prix,GAS,47.0,2.0,HARD,17.0,78.366,1,True
5,Canadian Grand Prix,GAS,48.0,2.0,HARD,18.0,77.589,1,True
5,Canadian Grand Prix,GAS,49.0,2.0,HARD,19.0,76.686,1,True
5,Canadian Grand Prix,GAS,50.0,2.0,HARD,20.0,76.065,1,True
5,Canadian Grand Prix,GAS,51.0,2.0,HARD,21.0,81.545,16,False
5,Canadian Grand Prix,GAS,52.0,2.0,HARD,22.0,103.81,67,False
5,Canadian Grand Prix,GAS,53.0,2.0,HARD,23.0,81.624,71,False
5,Canadian Grand Prix,GAS,54.0,2.0,HARD,24.0,76.366,1,True
5,Canadian Grand Prix,GAS,55.0,2.0,HARD,25.0,75.863,1,True
5,Canadian Grand Prix,GAS,56.0,2.0,HARD,26.0,75.861,1,True
5,Canadian Grand Prix,GAS,57.0,2.0,HARD,27.0,75.785,1,True
5,Canadian Grand Prix,GAS,58.0,2.0,HARD,28.0,75.983,1,True
5,Canadian Grand Prix,GAS,59.0,2.0,HARD,29.0,75.752,1,True
5,Canadian Grand Prix,GAS,60.0,2.0,HARD,30.0,75.927,12,False
5,Canadian Grand Prix,GAS,61.0,2.0,HARD,31.0,75.895,1,True
5,Canadian Grand Prix,GAS,62.0,2.0,HARD,32.0,76.121,1,True
5,Canadian Grand Prix,GAS,63.0,2.0,HARD,33.0,75.821,1,True
5,Canadian Grand Prix,GAS,64.0,2.0,HARD,34.0,76.853,1,True
5,Canadian Grand Prix,GAS,65.0,2.0,HARD,35.0,78.473,1,True
5,Canadian Grand Prix,GAS,66.0,2.0,HARD,36.0,76.84,1,True
5,Canadian Grand Prix,GAS,67.0,2.0,HARD,37.0,75.39,1,True
5,Canadian Grand Prix,PER,1.0,1.0,INTERMEDIATE,1.0,98.381,1,False
5,Canadian Grand Prix,PER,2.0,1.0,INTERMEDIATE,2.0,105.019,1,False
5,Canadian Grand Prix,PER,3.0,2.0,SOFT,1.0,87.118,1,False
5,Canadian Grand Prix,PER,4.0,2.0,SOFT,2.0,81.608,1,True
5,Canadian Grand Prix,PER,5.0,2.0,SOFT,3.0,80.101,1,True
5,Canadian Grand Prix,PER,6.0,2.0,SOFT,4.0,79.057,1,True
5,Canadian Grand Prix,PER,7.0,2.0,SOFT,5.0,78.721,1,True
5,Canadian Grand Prix,PER,8.0,2.0,SOFT,6.0,78.712,1,True
5,Canadian Grand Prix,PER,9.0,2.0,SOFT,7.0,79.086,1,True
5,Canadian Grand Prix,PER,10.0,2.0,SOFT,8.0,78.497,1,True
5,Canadian Grand Prix,PER,11.0,2.0,SOFT,9.0,78.563,1,True
5,Canadian Grand Prix,PER,12.0,2.0,SOFT,10.0,78.687,12,False
5,Canadian Grand Prix,PER,13.0,2.0,SOFT,11.0,79.271,21,False
5,Canadian Grand Prix,PER,14.0,2.0,SOFT,12.0,79.206,1,True
5,Canadian Grand Prix,PER,15.0,2.0,SOFT,13.0,96.181,1,False
5,Canadian Grand Prix,PER,16.0,3.0,MEDIUM,1.0,84.198,1,False
5,Canadian Grand Prix,PER,17.0,3.0,MEDIUM,2.0,79.807,1,True
5,Canadian Grand Prix,PER,18.0,3.0,MEDIUM,3.0,79.122,12,False
5,Canadian Grand Prix,PER,19.0,3.0,MEDIUM,4.0,78.59,1,True
5,Canadian Grand Prix,PER,20.0,3.0,MEDIUM,5.0,78.568,1,True
5,Canadian Grand Prix,PER,21.0,3.0,MEDIUM,6.0,79.388,1,True
5,Canadian Grand Prix,PER,22.0,3.0,MEDIUM,7.0,77.96,1,True
5,Canadian Grand Prix,PER,23.0,3.0,MEDIUM,8.0,77.936,1,True
5,Canadian Grand Prix,PER,24.0,3.0,MEDIUM,9.0,78.212,1,True
5,Canadian Grand Prix,PER,25.0,3.0,MEDIUM,10.0,78.463,1,True
5,Canadian Grand Prix,PER,26.0,3.0,MEDIUM,11.0,78.104,1,True
5,Canadian Grand Prix,PER,27.0,3.0,MEDIUM,12.0,78.478,1,True
5,Canadian Grand Prix,PER,28.0,3.0,MEDIUM,13.0,77.987,1,True
5,Canadian Grand Prix,PER,29.0,3.0,MEDIUM,14.0,112.109,126,False
5,Canadian Grand Prix,PER,30.0,4.0,SOFT,1.0,108.011,67,False
5,Canadian Grand Prix,PER,31.0,4.0,SOFT,2.0,83.416,71,False
5,Canadian Grand Prix,PER,32.0,4.0,SOFT,3.0,79.248,1,True
5,Canadian Grand Prix,PER,33.0,4.0,SOFT,4.0,81.253,1,True
5,Canadian Grand Prix,PER,34.0,4.0,SOFT,5.0,78.112,1,True
5,Canadian Grand Prix,PER,35.0,4.0,SOFT,6.0,77.12,1,True
5,Canadian Grand Prix,PER,36.0,4.0,SOFT,7.0,77.398,1,True
5,Canadian Grand Prix,PER,37.0,4.0,SOFT,8.0,76.915,1,True
5,Canadian Grand Prix,PER,38.0,4.0,SOFT,9.0,77.423,12,False
5,Canadian Grand Prix,PER,39.0,4.0,SOFT,10.0,80.864,1,True
5,Canadian Grand Prix,PER,40.0,4.0,SOFT,11.0,,1,False
5,Canadian Grand Prix,ANT,1.0,1.0,SOFT,5.0,87.34,1,False
5,Canadian Grand Prix,ANT,2.0,1.0,SOFT,6.0,81.447,1,False
5,Canadian Grand Prix,ANT,3.0,1.0,SOFT,7.0,78.974,1,True
5,Canadian Grand Prix,ANT,4.0,1.0,SOFT,8.0,77.974,1,True
5,Canadian Grand Prix,ANT,5.0,1.0,SOFT,9.0,77.058,1,True
5,Canadian Grand Prix,ANT,6.0,1.0,SOFT,10.0,77.71,1,True
5,Canadian Grand Prix,ANT,7.0,1.0,SOFT,11.0,76.873,1,True
5,Canadian Grand Prix,ANT,8.0,1.0,SOFT,12.0,76.047,1,True
5,Canadian Grand Prix,ANT,9.0,1.0,SOFT,13.0,75.848,1,True
5,Canadian Grand Prix,ANT,10.0,1.0,SOFT,14.0,75.74,1,True
5,Canadian Grand Prix,ANT,11.0,1.0,SOFT,15.0,75.63,1,True
5,Canadian Grand Prix,ANT,12.0,1.0,SOFT,16.0,75.916,1,True
5,Canadian Grand Prix,ANT,13.0,1.0,SOFT,17.0,77.833,12,False
5,Canadian Grand Prix,ANT,14.0,1.0,SOFT,18.0,76.126,21,False
5,Canadian Grand Prix,ANT,15.0,1.0,SOFT,19.0,75.635,1,True
5,Canadian Grand Prix,ANT,16.0,1.0,SOFT,20.0,75.411,1,True
5,Canadian Grand Prix,ANT,17.0,1.0,SOFT,21.0,76.531,1,True
5,Canadian Grand Prix,ANT,18.0,1.0,SOFT,22.0,75.715,1,True
5,Canadian Grand Prix,ANT,19.0,1.0,SOFT,23.0,75.587,12,False
5,Canadian Grand Prix,ANT,20.0,1.0,SOFT,24.0,75.559,1,True
5,Canadian Grand Prix,ANT,21.0,1.0,SOFT,25.0,75.439,1,True
5,Canadian Grand Prix,ANT,22.0,1.0,SOFT,26.0,76.182,1,True
5,Canadian Grand Prix,ANT,23.0,1.0,SOFT,27.0,75.413,1,True
5,Canadian Grand Prix,ANT,24.0,1.0,SOFT,28.0,76.465,1,True
5,Canadian Grand Prix,ANT,25.0,1.0,SOFT,29.0,78.543,1,True
5,Canadian Grand Prix,ANT,26.0,1.0,SOFT,30.0,76.48,1,True
5,Canadian Grand Prix,ANT,27.0,1.0,SOFT,31.0,75.971,1,True
5,Canadian Grand Prix,ANT,28.0,1.0,SOFT,32.0,76.427,1,True
5,Canadian Grand Prix,ANT,29.0,1.0,SOFT,33.0,75.752,1,True
5,Canadian Grand Prix,ANT,30.0,1.0,SOFT,34.0,76.361,12,False
5,Canadian Grand Prix,ANT,31.0,1.0,SOFT,35.0,119.239,26,False
5,Canadian Grand Prix,ANT,32.0,2.0,MEDIUM,1.0,101.101,671,False
5,Canadian Grand Prix,ANT,33.0,2.0,MEDIUM,2.0,79.265,1,True
5,Canadian Grand Prix,ANT,34.0,2.0,MEDIUM,3.0,76.29,1,True
5,Canadian Grand Prix,ANT,35.0,2.0,MEDIUM,4.0,76.101,1,True
5,Canadian Grand Prix,ANT,36.0,2.0,MEDIUM,5.0,75.708,1,True
5,Canadian Grand Prix,ANT,37.0,2.0,MEDIUM,6.0,75.466,1,True
5,Canadian Grand Prix,ANT,38.0,2.0,MEDIUM,7.0,75.235,1,True
5,Canadian Grand Prix,ANT,39.0,2.0,MEDIUM,8.0,75.29,1,True
5,Canadian Grand Prix,ANT,40.0,2.0,MEDIUM,9.0,75.871,12,False
5,Canadian Grand Prix,ANT,41.0,2.0,MEDIUM,10.0,77.905,1,True
5,Canadian Grand Prix,ANT,42.0,2.0,MEDIUM,11.0,75.244,1,True
5,Canadian Grand Prix,ANT,43.0,2.0,MEDIUM,12.0,74.814,1,True
5,Canadian Grand Prix,ANT,44.0,2.0,MEDIUM,13.0,75.179,1,True
5,Canadian Grand Prix,ANT,45.0,2.0,MEDIUM,14.0,75.276,1,True
5,Canadian Grand Prix,ANT,46.0,2.0,MEDIUM,15.0,93.385,167,False
5,Canadian Grand Prix,ANT,47.0,2.0,MEDIUM,16.0,75.877,1,True
5,Canadian Grand Prix,ANT,48.0,2.0,MEDIUM,17.0,75.019,1,True
5,Canadian Grand Prix,ANT,49.0,2.0,MEDIUM,18.0,74.935,1,True
5,Canadian Grand Prix,ANT,50.0,2.0,MEDIUM,19.0,74.77,1,True
5,Canadian Grand Prix,ANT,51.0,2.0,MEDIUM,20.0,74.604,1,True
5,Canadian Grand Prix,ANT,52.0,2.0,MEDIUM,21.0,74.366,1,True
5,Canadian Grand Prix,ANT,53.0,2.0,MEDIUM,22.0,106.356,16,False
5,Canadian Grand Prix,ANT,54.0,2.0,MEDIUM,23.0,83.636,671,False
5,Canadian Grand Prix,ANT,55.0,2.0,MEDIUM,24.0,75.387,1,True
5,Canadian Grand Prix,ANT,56.0,2.0,MEDIUM,25.0,75.009,1,True
5,Canadian Grand Prix,ANT,57.0,2.0,MEDIUM,26.0,74.909,1,True
5,Canadian Grand Prix,ANT,58.0,2.0,MEDIUM,27.0,74.701,1,True
5,Canadian Grand Prix,ANT,59.0,2.0,MEDIUM,28.0,74.79,1,True
5,Canadian Grand Prix,ANT,60.0,2.0,MEDIUM,29.0,74.445,1,True
5,Canadian Grand Prix,ANT,61.0,2.0,MEDIUM,30.0,74.34,12,False
5,Canadian Grand Prix,ANT,62.0,2.0,MEDIUM,31.0,75.413,1,True
5,Canadian Grand Prix,ANT,63.0,2.0,MEDIUM,32.0,74.726,1,True
5,Canadian Grand Prix,ANT,64.0,2.0,MEDIUM,33.0,75.119,1,True
5,Canadian Grand Prix,ANT,65.0,2.0,MEDIUM,34.0,74.769,1,True
5,Canadian Grand Prix,ANT,66.0,2.0,MEDIUM,35.0,74.412,1,True
5,Canadian Grand Prix,ANT,67.0,2.0,MEDIUM,36.0,74.609,1,True
5,Canadian Grand Prix,ANT,68.0,2.0,MEDIUM,37.0,74.21,1,True
5,Canadian Grand Prix,ALO,1.0,1.0,SOFT,1.0,96.126,1,False
5,Canadian Grand Prix,ALO,2.0,1.0,SOFT,2.0,83.708,1,False
5,Canadian Grand Prix,ALO,3.0,1.0,SOFT,3.0,81.584,1,True
5,Canadian Grand Prix,ALO,4.0,1.0,SOFT,4.0,81.632,1,True
5,Canadian Grand Prix,ALO,5.0,1.0,SOFT,5.0,80.381,1,True
5,Canadian Grand Prix,ALO,6.0,1.0,SOFT,6.0,80.942,1,True
5,Canadian Grand Prix,ALO,7.0,1.0,SOFT,7.0,79.951,1,True
5,Canadian Grand Prix,ALO,8.0,1.0,SOFT,8.0,80.619,1,True
5,Canadian Grand Prix,ALO,9.0,1.0,SOFT,9.0,79.708,1,True
5,Canadian Grand Prix,ALO,10.0,1.0,SOFT,10.0,79.635,1,True
5,Canadian Grand Prix,ALO,11.0,1.0,SOFT,11.0,79.737,1,True
5,Canadian Grand Prix,ALO,12.0,1.0,SOFT,12.0,80.134,12,False
5,Canadian Grand Prix,ALO,13.0,1.0,SOFT,13.0,80.602,2,False
5,Canadian Grand Prix,ALO,14.0,1.0,SOFT,14.0,79.699,21,False
5,Canadian Grand Prix,ALO,15.0,1.0,SOFT,15.0,80.224,1,True
5,Canadian Grand Prix,ALO,16.0,1.0,SOFT,16.0,80.409,1,True
5,Canadian Grand Prix,ALO,17.0,1.0,SOFT,17.0,80.79,1,True
5,Canadian Grand Prix,ALO,18.0,1.0,SOFT,18.0,80.341,12,False
5,Canadian Grand Prix,ALO,19.0,1.0,SOFT,19.0,81.994,1,True
5,Canadian Grand Prix,ALO,20.0,1.0,SOFT,20.0,97.254,1,False
5,Canadian Grand Prix,ALO,21.0,2.0,SOFT,1.0,84.22,1,False
5,Canadian Grand Prix,ALO,22.0,2.0,SOFT,2.0,80.426,1,True
5,Canadian Grand Prix,ALO,23.0,2.0,SOFT,3.0,80.864,1,True
5,Canadian Grand Prix,ALO,24.0,2.0,SOFT,4.0,,1,False
5,Canadian Grand Prix,LEC,1.0,1.0,SOFT,5.0,90.453,1,False
5,Canadian Grand Prix,LEC,2.0,1.0,SOFT,6.0,80.351,1,False
5,Canadian Grand Prix,LEC,3.0,1.0,SOFT,7.0,79.524,1,True
5,Canadian Grand Prix,LEC,4.0,1.0,SOFT,8.0,78.636,1,True
5,Canadian Grand Prix,LEC,5.0,1.0,SOFT,9.0,77.808,1,True
5,Canadian Grand Prix,LEC,6.0,1.0,SOFT,10.0,77.344,1,True
5,Canadian Grand Prix,LEC,7.0,1.0,SOFT,11.0,77.19,1,True
5,Canadian Grand Prix,LEC,8.0,1.0,SOFT,12.0,76.639,1,True
5,Canadian Grand Prix,LEC,9.0,1.0,SOFT,13.0,76.479,1,True
5,Canadian Grand Prix,LEC,10.0,1.0,SOFT,14.0,76.469,1,True
5,Canadian Grand Prix,LEC,11.0,1.0,SOFT,15.0,76.227,1,True
5,Canadian Grand Prix,LEC,12.0,1.0,SOFT,16.0,76.218,1,True
5,Canadian Grand Prix,LEC,13.0,1.0,SOFT,17.0,76.829,12,False
5,Canadian Grand Prix,LEC,14.0,1.0,SOFT,18.0,80.202,21,False
5,Canadian Grand Prix,LEC,15.0,1.0,SOFT,19.0,76.757,1,True
5,Canadian Grand Prix,LEC,16.0,1.0,SOFT,20.0,76.583,1,True
5,Canadian Grand Prix,LEC,17.0,1.0,SOFT,21.0,76.553,1,True
5,Canadian Grand Prix,LEC,18.0,1.0,SOFT,22.0,76.585,1,True
5,Canadian Grand Prix,LEC,19.0,1.0,SOFT,23.0,76.35,12,False
5,Canadian Grand Prix,LEC,20.0,1.0,SOFT,24.0,76.28,1,True
5,Canadian Grand Prix,LEC,21.0,1.0,SOFT,25.0,76.264,1,True
5,Canadian Grand Prix,LEC,22.0,1.0,SOFT,26.0,76.091,1,True
5,Canadian Grand Prix,LEC,23.0,1.0,SOFT,27.0,76.279,1,True
5,Canadian Grand Prix,LEC,24.0,1.0,SOFT,28.0,76.096,1,True
5,Canadian Grand Prix,LEC,25.0,1.0,SOFT,29.0,76.246,1,True
5,Canadian Grand Prix,LEC,26.0,1.0,SOFT,30.0,76.279,1,True
5,Canadian Grand Prix,LEC,27.0,1.0,SOFT,31.0,76.09,1,True
5,Canadian Grand Prix,LEC,28.0,1.0,SOFT,32.0,76.461,1,True
5,Canadian Grand Prix,LEC,29.0,1.0,SOFT,33.0,76.296,1,True
5,Canadian Grand Prix,LEC,30.0,1.0,SOFT,34.0,80.088,126,False
5,Canadian Grand Prix,LEC,31.0,1.0,SOFT,35.0,125.485,6,False
5,Canadian Grand Prix,LEC,32.0,2.0,MEDIUM,1.0,95.42,671,False
5,Canadian Grand Prix,LEC,33.0,2.0,MEDIUM,2.0,77.619,1,True
5,Canadian Grand Prix,LEC,34.0,2.0,MEDIUM,3.0,77.053,1,True
5,Canadian Grand Prix,LEC,35.0,2.0,MEDIUM,4.0,76.251,1,True
5,Canadian Grand Prix,LEC,36.0,2.0,MEDIUM,5.0,76.189,1,True
5,Canadian Grand Prix,LEC,37.0,2.0,MEDIUM,6.0,75.297,1,True
5,Canadian Grand Prix,LEC,38.0,2.0,MEDIUM,7.0,75.364,1,True
5,Canadian Grand Prix,LEC,39.0,2.0,MEDIUM,8.0,75.811,1,True
5,Canadian Grand Prix,LEC,40.0,2.0,MEDIUM,9.0,75.608,12,False
5,Canadian Grand Prix,LEC,41.0,2.0,MEDIUM,10.0,75.612,1,True
5,Canadian Grand Prix,LEC,42.0,2.0,MEDIUM,11.0,75.662,1,True
5,Canadian Grand Prix,LEC,43.0,2.0,MEDIUM,12.0,75.52,1,True
5,Canadian Grand Prix,LEC,44.0,2.0,MEDIUM,13.0,75.369,1,True
5,Canadian Grand Prix,LEC,45.0,2.0,MEDIUM,14.0,75.38,1,True
5,Canadian Grand Prix,LEC,46.0,2.0,MEDIUM,15.0,91.795,167,False
5,Canadian Grand Prix,LEC,47.0,2.0,MEDIUM,16.0,75.36,1,True
5,Canadian Grand Prix,LEC,48.0,2.0,MEDIUM,17.0,75.603,1,True
5,Canadian Grand Prix,LEC,49.0,2.0,MEDIUM,18.0,75.698,1,True
5,Canadian Grand Prix,LEC,50.0,2.0,MEDIUM,19.0,75.433,1,True
5,Canadian Grand Prix,LEC,51.0,2.0,MEDIUM,20.0,77.12,1,True
5,Canadian Grand Prix,LEC,52.0,2.0,MEDIUM,21.0,83.237,16,False
5,Canadian Grand Prix,LEC,53.0,2.0,MEDIUM,22.0,107.267,671,False
5,Canadian Grand Prix,LEC,54.0,2.0,MEDIUM,23.0,77.917,1,True
5,Canadian Grand Prix,LEC,55.0,2.0,MEDIUM,24.0,76.609,1,True
5,Canadian Grand Prix,LEC,56.0,2.0,MEDIUM,25.0,75.972,1,True
5,Canadian Grand Prix,LEC,57.0,2.0,MEDIUM,26.0,75.875,1,True
5,Canadian Grand Prix,LEC,58.0,2.0,MEDIUM,27.0,75.97,1,True
5,Canadian Grand Prix,LEC,59.0,2.0,MEDIUM,28.0,75.981,1,True
5,Canadian Grand Prix,LEC,60.0,2.0,MEDIUM,29.0,75.55,1,True
5,Canadian Grand Prix,LEC,61.0,2.0,MEDIUM,30.0,75.397,12,False
5,Canadian Grand Prix,LEC,62.0,2.0,MEDIUM,31.0,75.574,1,True
5,Canadian Grand Prix,LEC,63.0,2.0,MEDIUM,32.0,75.917,1,True
5,Canadian Grand Prix,LEC,64.0,2.0,MEDIUM,33.0,76.651,1,True
5,Canadian Grand Prix,LEC,65.0,2.0,MEDIUM,34.0,76.472,1,True
5,Canadian Grand Prix,LEC,66.0,2.0,MEDIUM,35.0,77.21,1,True
5,Canadian Grand Prix,LEC,67.0,2.0,MEDIUM,36.0,76.468,1,True
5,Canadian Grand Prix,LEC,68.0,2.0,MEDIUM,37.0,77.526,1,True
5,Canadian Grand Prix,STR,1.0,1.0,SOFT,1.0,101.845,1,False
5,Canadian Grand Prix,STR,2.0,1.0,SOFT,2.0,85.078,1,False
5,Canadian Grand Prix,STR,3.0,1.0,SOFT,3.0,84.513,1,True
5,Canadian Grand Prix,STR,4.0,1.0,SOFT,4.0,82.518,1,True
5,Canadian Grand Prix,STR,5.0,1.0,SOFT,5.0,81.863,1,True
5,Canadian Grand Prix,STR,6.0,1.0,SOFT,6.0,80.837,1,True
5,Canadian Grand Prix,STR,7.0,1.0,SOFT,7.0,80.901,1,True
5,Canadian Grand Prix,STR,8.0,1.0,SOFT,8.0,83.593,1,True
5,Canadian Grand Prix,STR,9.0,1.0,SOFT,9.0,80.904,1,True
5,Canadian Grand Prix,STR,10.0,1.0,SOFT,10.0,80.266,1,True
5,Canadian Grand Prix,STR,11.0,1.0,SOFT,11.0,80.574,1,True
5,Canadian Grand Prix,STR,12.0,1.0,SOFT,12.0,80.133,12,False
5,Canadian Grand Prix,STR,13.0,1.0,SOFT,13.0,80.526,21,False
5,Canadian Grand Prix,STR,14.0,1.0,SOFT,14.0,96.211,1,False
5,Canadian Grand Prix,STR,15.0,2.0,SOFT,1.0,85.811,1,False
5,Canadian Grand Prix,STR,16.0,2.0,SOFT,2.0,82.036,1,True
5,Canadian Grand Prix,STR,17.0,2.0,SOFT,3.0,81.135,12,False
5,Canadian Grand Prix,STR,18.0,2.0,SOFT,4.0,79.68,21,False
5,Canadian Grand Prix,STR,19.0,2.0,SOFT,5.0,80.036,1,True
5,Canadian Grand Prix,STR,20.0,2.0,SOFT,6.0,83.042,1,True
5,Canadian Grand Prix,STR,21.0,2.0,SOFT,7.0,79.862,1,True
5,Canadian Grand Prix,STR,22.0,2.0,SOFT,8.0,81.253,1,True
5,Canadian Grand Prix,STR,23.0,2.0,SOFT,9.0,79.122,1,True
5,Canadian Grand Prix,STR,24.0,2.0,SOFT,10.0,79.142,1,True
5,Canadian Grand Prix,STR,25.0,2.0,SOFT,11.0,79.076,1,True
5,Canadian Grand Prix,STR,26.0,2.0,SOFT,12.0,80.571,1,True
5,Canadian Grand Prix,STR,27.0,2.0,SOFT,13.0,79.395,1,True
5,Canadian Grand Prix,STR,28.0,2.0,SOFT,14.0,82.859,12,False
5,Canadian Grand Prix,STR,29.0,2.0,SOFT,15.0,102.893,26,False
5,Canadian Grand Prix,STR,30.0,2.0,SOFT,16.0,104.767,671,False
5,Canadian Grand Prix,STR,31.0,2.0,SOFT,17.0,82.23,1,True
5,Canadian Grand Prix,STR,32.0,2.0,SOFT,18.0,81.397,1,True
5,Canadian Grand Prix,STR,33.0,2.0,SOFT,19.0,80.465,1,True
5,Canadian Grand Prix,STR,34.0,2.0,SOFT,20.0,83.956,1,True
5,Canadian Grand Prix,STR,35.0,2.0,SOFT,21.0,79.902,1,True
5,Canadian Grand Prix,STR,36.0,2.0,SOFT,22.0,80.547,1,True
5,Canadian Grand Prix,STR,37.0,2.0,SOFT,23.0,79.966,1,True
5,Canadian Grand Prix,STR,38.0,2.0,SOFT,24.0,79.25,12,False
5,Canadian Grand Prix,STR,39.0,2.0,SOFT,25.0,78.721,1,True
5,Canadian Grand Prix,STR,40.0,2.0,SOFT,26.0,80.294,1,True
5,Canadian Grand Prix,STR,41.0,2.0,SOFT,27.0,78.926,1,True
5,Canadian Grand Prix,STR,42.0,2.0,SOFT,28.0,81.728,1,True
5,Canadian Grand Prix,STR,43.0,2.0,SOFT,29.0,90.971,16,False
5,Canadian Grand Prix,STR,44.0,2.0,SOFT,30.0,82.845,671,False
5,Canadian Grand Prix,STR,45.0,2.0,SOFT,31.0,80.912,1,True
5,Canadian Grand Prix,STR,46.0,2.0,SOFT,32.0,80.342,1,True
5,Canadian Grand Prix,STR,47.0,2.0,SOFT,33.0,81.287,1,True
5,Canadian Grand Prix,STR,48.0,2.0,SOFT,34.0,80.532,1,True
5,Canadian Grand Prix,STR,49.0,2.0,SOFT,35.0,96.887,16,False
5,Canadian Grand Prix,STR,50.0,3.0,MEDIUM,1.0,105.68,67,False
5,Canadian Grand Prix,STR,51.0,3.0,MEDIUM,2.0,82.024,71,False
5,Canadian Grand Prix,STR,52.0,3.0,MEDIUM,3.0,80.845,1,True
5,Canadian Grand Prix,STR,53.0,3.0,MEDIUM,4.0,79.609,1,True
5,Canadian Grand Prix,STR,54.0,3.0,MEDIUM,5.0,79.16,1,True
5,Canadian Grand Prix,STR,55.0,3.0,MEDIUM,6.0,80.146,1,True
5,Canadian Grand Prix,STR,56.0,3.0,MEDIUM,7.0,82.541,1,True
5,Canadian Grand Prix,STR,57.0,3.0,MEDIUM,8.0,80.797,1,True
5,Canadian Grand Prix,STR,58.0,3.0,MEDIUM,9.0,79.136,12,False
5,Canadian Grand Prix,STR,59.0,3.0,MEDIUM,10.0,78.877,1,True
5,Canadian Grand Prix,STR,60.0,3.0,MEDIUM,11.0,79.412,1,True
5,Canadian Grand Prix,STR,61.0,3.0,MEDIUM,12.0,79.012,1,True
5,Canadian Grand Prix,STR,62.0,3.0,MEDIUM,13.0,79.435,1,True
5,Canadian Grand Prix,STR,63.0,3.0,MEDIUM,14.0,79.249,1,True
5,Canadian Grand Prix,STR,64.0,3.0,MEDIUM,15.0,86.632,1,True
5,Canadian Grand Prix,ALB,1.0,1.0,SOFT,1.0,99.163,1,False
5,Canadian Grand Prix,ALB,2.0,1.0,SOFT,2.0,85.514,1,False
5,Canadian Grand Prix,ALB,3.0,1.0,SOFT,3.0,82.804,1,True
5,Canadian Grand Prix,ALB,4.0,1.0,SOFT,4.0,80.367,1,True
5,Canadian Grand Prix,ALB,5.0,1.0,SOFT,5.0,79.059,1,True
5,Canadian Grand Prix,ALB,6.0,1.0,SOFT,6.0,79.533,1,True
5,Canadian Grand Prix,ALB,7.0,1.0,SOFT,7.0,78.638,1,True
5,Canadian Grand Prix,ALB,8.0,1.0,SOFT,8.0,79.217,1,True
5,Canadian Grand Prix,ALB,9.0,1.0,SOFT,9.0,77.641,1,True
5,Canadian Grand Prix,ALB,10.0,1.0,SOFT,10.0,77.496,1,True
5,Canadian Grand Prix,ALB,11.0,1.0,SOFT,11.0,77.221,1,True
5,Canadian Grand Prix,ALB,12.0,1.0,SOFT,12.0,,12,False
5,Canadian Grand Prix,HUL,1.0,1.0,INTERMEDIATE,1.0,93.863,1,False
5,Canadian Grand Prix,HUL,2.0,1.0,INTERMEDIATE,2.0,103.067,1,False
5,Canadian Grand Prix,HUL,3.0,2.0,SOFT,5.0,85.251,1,False
5,Canadian Grand Prix,HUL,4.0,2.0,SOFT,6.0,81.051,1,True
5,Canadian Grand Prix,HUL,5.0,2.0,SOFT,7.0,79.925,1,True
5,Canadian Grand Prix,HUL,6.0,2.0,SOFT,8.0,81.876,1,True
5,Canadian Grand Prix,HUL,7.0,2.0,SOFT,9.0,78.523,1,True
5,Canadian Grand Prix,HUL,8.0,2.0,SOFT,10.0,78.096,1,True
5,Canadian Grand Prix,HUL,9.0,2.0,SOFT,11.0,79.186,1,True
5,Canadian Grand Prix,HUL,10.0,2.0,SOFT,12.0,78.341,1,True
5,Canadian Grand Prix,HUL,11.0,2.0,SOFT,13.0,78.001,1,True
5,Canadian Grand Prix,HUL,12.0,2.0,SOFT,14.0,77.988,12,False
5,Canadian Grand Prix,HUL,13.0,2.0,SOFT,15.0,78.209,2,False
5,Canadian Grand Prix,HUL,14.0,2.0,SOFT,16.0,77.676,21,False
5,Canadian Grand Prix,HUL,15.0,2.0,SOFT,17.0,77.389,1,True
5,Canadian Grand Prix,HUL,16.0,2.0,SOFT,18.0,79.039,1,True
5,Canadian Grand Prix,HUL,17.0,2.0,SOFT,19.0,77.698,1,True
5,Canadian Grand Prix,HUL,18.0,2.0,SOFT,20.0,77.496,12,False
5,Canadian Grand Prix,HUL,19.0,2.0,SOFT,21.0,77.126,1,True
5,Canadian Grand Prix,HUL,20.0,2.0,SOFT,22.0,100.437,1,False
5,Canadian Grand Prix,HUL,21.0,3.0,MEDIUM,1.0,82.641,1,False
5,Canadian Grand Prix,HUL,22.0,3.0,MEDIUM,2.0,78.264,1,True
5,Canadian Grand Prix,HUL,23.0,3.0,MEDIUM,3.0,77.726,1,True
5,Canadian Grand Prix,HUL,24.0,3.0,MEDIUM,4.0,77.589,1,True
5,Canadian Grand Prix,HUL,25.0,3.0,MEDIUM,5.0,77.452,1,True
5,Canadian Grand Prix,HUL,26.0,3.0,MEDIUM,6.0,77.472,1,True
5,Canadian Grand Prix,HUL,27.0,3.0,MEDIUM,7.0,77.73,1,True
5,Canadian Grand Prix,HUL,28.0,3.0,MEDIUM,8.0,77.633,1,True
5,Canadian Grand Prix,HUL,29.0,3.0,MEDIUM,9.0,89.696,126,False
5,Canadian Grand Prix,HUL,30.0,3.0,MEDIUM,10.0,104.082,6,False
5,Canadian Grand Prix,HUL,31.0,3.0,MEDIUM,11.0,93.293,671,False
5,Canadian Grand Prix,HUL,32.0,3.0,MEDIUM,12.0,78.388,1,True
5,Canadian Grand Prix,HUL,33.0,3.0,MEDIUM,13.0,77.902,1,True
5,Canadian Grand Prix,HUL,34.0,3.0,MEDIUM,14.0,77.032,1,True
5,Canadian Grand Prix,HUL,35.0,3.0,MEDIUM,15.0,77.051,1,True
5,Canadian Grand Prix,HUL,36.0,3.0,MEDIUM,16.0,76.838,1,True
5,Canadian Grand Prix,HUL,37.0,3.0,MEDIUM,17.0,76.578,1,True
5,Canadian Grand Prix,HUL,38.0,3.0,MEDIUM,18.0,77.028,1,True
5,Canadian Grand Prix,HUL,39.0,3.0,MEDIUM,19.0,76.689,12,False
5,Canadian Grand Prix,HUL,40.0,3.0,MEDIUM,20.0,76.65,1,True
5,Canadian Grand Prix,HUL,41.0,3.0,MEDIUM,21.0,76.837,1,True
5,Canadian Grand Prix,HUL,42.0,3.0,MEDIUM,22.0,76.798,1,True
5,Canadian Grand Prix,HUL,43.0,3.0,MEDIUM,23.0,76.851,1,True
5,Canadian Grand Prix,HUL,44.0,3.0,MEDIUM,24.0,82.025,16,False
5,Canadian Grand Prix,HUL,45.0,3.0,MEDIUM,25.0,87.249,671,False
5,Canadian Grand Prix,HUL,46.0,3.0,MEDIUM,26.0,77.069,1,True
5,Canadian Grand Prix,HUL,47.0,3.0,MEDIUM,27.0,77.101,1,True
5,Canadian Grand Prix,HUL,48.0,3.0,MEDIUM,28.0,76.57,1,True
5,Canadian Grand Prix,HUL,49.0,3.0,MEDIUM,29.0,76.624,1,True
5,Canadian Grand Prix,HUL,50.0,3.0,MEDIUM,30.0,76.284,1,True
5,Canadian Grand Prix,HUL,51.0,3.0,MEDIUM,31.0,94.24,16,False
5,Canadian Grand Prix,HUL,52.0,3.0,MEDIUM,32.0,95.836,671,False
5,Canadian Grand Prix,HUL,53.0,3.0,MEDIUM,33.0,77.497,1,True
5,Canadian Grand Prix,HUL,54.0,3.0,MEDIUM,34.0,77.079,1,True
5,Canadian Grand Prix,HUL,55.0,3.0,MEDIUM,35.0,76.458,1,True
5,Canadian Grand Prix,HUL,56.0,3.0,MEDIUM,36.0,76.51,1,True
5,Canadian Grand Prix,HUL,57.0,3.0,MEDIUM,37.0,76.275,1,True
5,Canadian Grand Prix,HUL,58.0,3.0,MEDIUM,38.0,77.057,1,True
5,Canadian Grand Prix,HUL,59.0,3.0,MEDIUM,39.0,76.329,1,True
5,Canadian Grand Prix,HUL,60.0,3.0,MEDIUM,40.0,85.706,12,False
5,Canadian Grand Prix,HUL,61.0,3.0,MEDIUM,41.0,76.885,1,True
5,Canadian Grand Prix,HUL,62.0,3.0,MEDIUM,42.0,78.443,1,True
5,Canadian Grand Prix,HUL,63.0,3.0,MEDIUM,43.0,77.02,1,True
5,Canadian Grand Prix,HUL,64.0,3.0,MEDIUM,44.0,77.186,1,True
5,Canadian Grand Prix,HUL,65.0,3.0,MEDIUM,45.0,76.453,1,True
5,Canadian Grand Prix,HUL,66.0,3.0,MEDIUM,46.0,79.586,1,True
5,Canadian Grand Prix,VER,1.0,1.0,SOFT,6.0,89.924,1,False
5,Canadian Grand Prix,VER,2.0,1.0,SOFT,7.0,80.276,1,False
5,Canadian Grand Prix,VER,3.0,1.0,SOFT,8.0,79.617,1,True
5,Canadian Grand Prix,VER,4.0,1.0,SOFT,9.0,77.834,1,True
5,Canadian Grand Prix,VER,5.0,1.0,SOFT,10.0,77.221,1,True
5,Canadian Grand Prix,VER,6.0,1.0,SOFT,11.0,77.206,1,True
5,Canadian Grand Prix,VER,7.0,1.0,SOFT,12.0,76.674,1,True
5,Canadian Grand Prix,VER,8.0,1.0,SOFT,13.0,76.576,1,True
5,Canadian Grand Prix,VER,9.0,1.0,SOFT,14.0,76.804,1,True
5,Canadian Grand Prix,VER,10.0,1.0,SOFT,15.0,76.459,1,True
5,Canadian Grand Prix,VER,11.0,1.0,SOFT,16.0,76.497,1,True
5,Canadian Grand Prix,VER,12.0,1.0,SOFT,17.0,76.352,1,True
5,Canadian Grand Prix,VER,13.0,1.0,SOFT,18.0,76.532,12,False
5,Canadian Grand Prix,VER,14.0,1.0,SOFT,19.0,76.372,21,False
5,Canadian Grand Prix,VER,15.0,1.0,SOFT,20.0,76.174,1,True
5,Canadian Grand Prix,VER,16.0,1.0,SOFT,21.0,76.132,1,True
5,Canadian Grand Prix,VER,17.0,1.0,SOFT,22.0,76.088,1,True
5,Canadian Grand Prix,VER,18.0,1.0,SOFT,23.0,76.006,1,True
5,Canadian Grand Prix,VER,19.0,1.0,SOFT,24.0,76.203,12,False
5,Canadian Grand Prix,VER,20.0,1.0,SOFT,25.0,76.18,1,True
5,Canadian Grand Prix,VER,21.0,1.0,SOFT,26.0,76.744,1,True
5,Canadian Grand Prix,VER,22.0,1.0,SOFT,27.0,75.837,1,True
5,Canadian Grand Prix,VER,23.0,1.0,SOFT,28.0,76.262,1,True
5,Canadian Grand Prix,VER,24.0,1.0,SOFT,29.0,76.871,1,True
5,Canadian Grand Prix,VER,25.0,1.0,SOFT,30.0,76.423,1,True
5,Canadian Grand Prix,VER,26.0,1.0,SOFT,31.0,76.335,1,True
5,Canadian Grand Prix,VER,27.0,1.0,SOFT,32.0,76.262,1,True
5,Canadian Grand Prix,VER,28.0,1.0,SOFT,33.0,76.101,1,True
5,Canadian Grand Prix,VER,29.0,1.0,SOFT,34.0,76.255,1,True
5,Canadian Grand Prix,VER,30.0,1.0,SOFT,35.0,76.01,12,False
5,Canadian Grand Prix,VER,31.0,1.0,SOFT,36.0,119.102,26,False
5,Canadian Grand Prix,VER,32.0,2.0,MEDIUM,1.0,100.342,671,False
5,Canadian Grand Prix,VER,33.0,2.0,MEDIUM,2.0,78.32,1,True
5,Canadian Grand Prix,VER,34.0,2.0,MEDIUM,3.0,77.06,1,True
5,Canadian Grand Prix,VER,35.0,2.0,MEDIUM,4.0,76.43,1,True
5,Canadian Grand Prix,VER,36.0,2.0,MEDIUM,5.0,76.57,1,True
5,Canadian Grand Prix,VER,37.0,2.0,MEDIUM,6.0,75.535,1,True
5,Canadian Grand Prix,VER,38.0,2.0,MEDIUM,7.0,75.69,1,True
5,Canadian Grand Prix,VER,39.0,2.0,MEDIUM,8.0,75.635,1,True
5,Canadian Grand Prix,VER,40.0,2.0,MEDIUM,9.0,75.596,12,False
5,Canadian Grand Prix,VER,41.0,2.0,MEDIUM,10.0,75.618,1,True
5,Canadian Grand Prix,VER,42.0,2.0,MEDIUM,11.0,75.415,1,True
5,Canadian Grand Prix,VER,43.0,2.0,MEDIUM,12.0,75.387,1,True
5,Canadian Grand Prix,VER,44.0,2.0,MEDIUM,13.0,75.505,1,True
5,Canadian Grand Prix,VER,45.0,2.0,MEDIUM,14.0,75.222,1,True
5,Canadian Grand Prix,VER,46.0,2.0,MEDIUM,15.0,92.344,167,False
5,Canadian Grand Prix,VER,47.0,2.0,MEDIUM,16.0,75.476,1,True
5,Canadian Grand Prix,VER,48.0,2.0,MEDIUM,17.0,75.452,1,True
5,Canadian Grand Prix,VER,49.0,2.0,MEDIUM,18.0,75.535,1,True
5,Canadian Grand Prix,VER,50.0,2.0,MEDIUM,19.0,75.021,1,True
5,Canadian Grand Prix,VER,51.0,2.0,MEDIUM,20.0,75.494,1,True
5,Canadian Grand Prix,VER,52.0,2.0,MEDIUM,21.0,78.606,16,False
5,Canadian Grand Prix,VER,53.0,2.0,MEDIUM,22.0,104.334,6,False
5,Canadian Grand Prix,VER,54.0,2.0,MEDIUM,23.0,81.504,671,False
5,Canadian Grand Prix,VER,55.0,2.0,MEDIUM,24.0,75.453,1,True
5,Canadian Grand Prix,VER,56.0,2.0,MEDIUM,25.0,75.559,1,True
5,Canadian Grand Prix,VER,57.0,2.0,MEDIUM,26.0,75.95,1,True
5,Canadian Grand Prix,VER,58.0,2.0,MEDIUM,27.0,75.336,1,True
5,Canadian Grand Prix,VER,59.0,2.0,MEDIUM,28.0,74.791,1,True
5,Canadian Grand Prix,VER,60.0,2.0,MEDIUM,29.0,74.854,1,True
5,Canadian Grand Prix,VER,61.0,2.0,MEDIUM,30.0,75.097,12,False
5,Canadian Grand Prix,VER,62.0,2.0,MEDIUM,31.0,75.563,1,True
5,Canadian Grand Prix,VER,63.0,2.0,MEDIUM,32.0,75.153,1,True
5,Canadian Grand Prix,VER,64.0,2.0,MEDIUM,33.0,75.236,1,True
5,Canadian Grand Prix,VER,65.0,2.0,MEDIUM,34.0,74.423,1,True
5,Canadian Grand Prix,VER,66.0,2.0,MEDIUM,35.0,74.707,1,True
5,Canadian Grand Prix,VER,67.0,2.0,MEDIUM,36.0,75.094,1,True
5,Canadian Grand Prix,VER,68.0,2.0,MEDIUM,37.0,74.398,1,True
5,Canadian Grand Prix,LAW,1.0,1.0,MEDIUM,1.0,93.222,1,False
5,Canadian Grand Prix,LAW,2.0,1.0,MEDIUM,2.0,82.682,1,False
5,Canadian Grand Prix,LAW,3.0,1.0,MEDIUM,3.0,81.32,1,True
5,Canadian Grand Prix,LAW,4.0,1.0,MEDIUM,4.0,80.125,1,True
5,Canadian Grand Prix,LAW,5.0,1.0,MEDIUM,5.0,79.498,1,True
5,Canadian Grand Prix,LAW,6.0,1.0,MEDIUM,6.0,78.87,1,True
5,Canadian Grand Prix,LAW,7.0,1.0,MEDIUM,7.0,78.744,1,True
5,Canadian Grand Prix,LAW,8.0,1.0,MEDIUM,8.0,78.146,1,True
5,Canadian Grand Prix,LAW,9.0,1.0,MEDIUM,9.0,78.318,1,True
5,Canadian Grand Prix,LAW,10.0,1.0,MEDIUM,10.0,78.168,1,True
5,Canadian Grand Prix,LAW,11.0,1.0,MEDIUM,11.0,78.858,1,True
5,Canadian Grand Prix,LAW,12.0,1.0,MEDIUM,12.0,78.184,12,False
5,Canadian Grand Prix,LAW,13.0,1.0,MEDIUM,13.0,78.384,2,False
5,Canadian Grand Prix,LAW,14.0,1.0,MEDIUM,14.0,78.314,21,False
5,Canadian Grand Prix,LAW,15.0,1.0,MEDIUM,15.0,77.889,1,True
5,Canadian Grand Prix,LAW,16.0,1.0,MEDIUM,16.0,77.801,1,True
5,Canadian Grand Prix,LAW,17.0,1.0,MEDIUM,17.0,77.58,1,True
5,Canadian Grand Prix,LAW,18.0,1.0,MEDIUM,18.0,77.549,12,False
5,Canadian Grand Prix,LAW,19.0,1.0,MEDIUM,19.0,77.553,1,True
5,Canadian Grand Prix,LAW,20.0,1.0,MEDIUM,20.0,77.876,1,True
5,Canadian Grand Prix,LAW,21.0,1.0,MEDIUM,21.0,77.842,1,True
5,Canadian Grand Prix,LAW,22.0,1.0,MEDIUM,22.0,77.484,1,True
5,Canadian Grand Prix,LAW,23.0,1.0,MEDIUM,23.0,77.628,1,True
5,Canadian Grand Prix,LAW,24.0,1.0,MEDIUM,24.0,77.463,1,True
5,Canadian Grand Prix,LAW,25.0,1.0,MEDIUM,25.0,77.753,1,True
5,Canadian Grand Prix,LAW,26.0,1.0,MEDIUM,26.0,77.569,1,True
5,Canadian Grand Prix,LAW,27.0,1.0,MEDIUM,27.0,77.383,1,True
5,Canadian Grand Prix,LAW,28.0,1.0,MEDIUM,28.0,77.533,1,True
5,Canadian Grand Prix,LAW,29.0,1.0,MEDIUM,29.0,77.265,12,False
5,Canadian Grand Prix,LAW,30.0,1.0,MEDIUM,30.0,111.318,26,False
5,Canadian Grand Prix,LAW,31.0,2.0,SOFT,1.0,108.232,67,False
5,Canadian Grand Prix,LAW,32.0,2.0,SOFT,2.0,81.248,71,False
5,Canadian Grand Prix,LAW,33.0,2.0,SOFT,3.0,78.433,1,True
5,Canadian Grand Prix,LAW,34.0,2.0,SOFT,4.0,78.177,1,True
5,Canadian Grand Prix,LAW,35.0,2.0,SOFT,5.0,77.37,1,True
5,Canadian Grand Prix,LAW,36.0,2.0,SOFT,6.0,76.844,1,True
5,Canadian Grand Prix,LAW,37.0,2.0,SOFT,7.0,76.974,1,True
5,Canadian Grand Prix,LAW,38.0,2.0,SOFT,8.0,76.993,1,True
5,Canadian Grand Prix,LAW,39.0,2.0,SOFT,9.0,77.192,12,False
5,Canadian Grand Prix,LAW,40.0,2.0,SOFT,10.0,77.472,1,True
5,Canadian Grand Prix,LAW,41.0,2.0,SOFT,11.0,77.009,1,True
5,Canadian Grand Prix,LAW,42.0,2.0,SOFT,12.0,76.718,1,True
5,Canadian Grand Prix,LAW,43.0,2.0,SOFT,13.0,76.598,1,True
5,Canadian Grand Prix,LAW,44.0,2.0,SOFT,14.0,76.686,1,True
5,Canadian Grand Prix,LAW,45.0,2.0,SOFT,15.0,93.56,167,False
5,Canadian Grand Prix,LAW,46.0,2.0,SOFT,16.0,78.339,1,True
5,Canadian Grand Prix,LAW,47.0,2.0,SOFT,17.0,76.885,1,True
5,Canadian Grand Prix,LAW,48.0,2.0,SOFT,18.0,76.853,1,True
5,Canadian Grand Prix,LAW,49.0,2.0,SOFT,19.0,79.196,1,True
5,Canadian Grand Prix,LAW,50.0,2.0,SOFT,20.0,76.146,1,True
5,Canadian Grand Prix,LAW,51.0,2.0,SOFT,21.0,81.826,16,False
5,Canadian Grand Prix,LAW,52.0,2.0,SOFT,22.0,102.649,67,False
5,Canadian Grand Prix,LAW,53.0,2.0,SOFT,23.0,82.62,71,False
5,Canadian Grand Prix,LAW,54.0,2.0,SOFT,24.0,76.331,1,True
5,Canadian Grand Prix,LAW,55.0,2.0,SOFT,25.0,76.08,1,True
5,Canadian Grand Prix,LAW,56.0,2.0,SOFT,26.0,75.94,1,True
5,Canadian Grand Prix,LAW,57.0,2.0,SOFT,27.0,75.806,1,True
5,Canadian Grand Prix,LAW,58.0,2.0,SOFT,28.0,76.103,1,True
5,Canadian Grand Prix,LAW,59.0,2.0,SOFT,29.0,75.604,1,True
5,Canadian Grand Prix,LAW,60.0,2.0,SOFT,30.0,76.152,12,False
5,Canadian Grand Prix,LAW,61.0,2.0,SOFT,31.0,75.981,1,True
5,Canadian Grand Prix,LAW,62.0,2.0,SOFT,32.0,76.017,1,True
5,Canadian Grand Prix,LAW,63.0,2.0,SOFT,33.0,76.056,1,True
5,Canadian Grand Prix,LAW,64.0,2.0,SOFT,34.0,76.854,1,True
5,Canadian Grand Prix,LAW,65.0,2.0,SOFT,35.0,77.862,1,True
5,Canadian Grand Prix,LAW,66.0,2.0,SOFT,36.0,76.441,1,True
5,Canadian Grand Prix,LAW,67.0,2.0,SOFT,37.0,76.427,1,True
5,Canadian Grand Prix,OCO,1.0,1.0,SOFT,1.0,96.762,1,False
5,Canadian Grand Prix,OCO,2.0,1.0,SOFT,2.0,85.696,1,False
5,Canadian Grand Prix,OCO,3.0,1.0,SOFT,3.0,81.685,1,True
5,Canadian Grand Prix,OCO,4.0,1.0,SOFT,4.0,81.625,1,True
5,Canadian Grand Prix,OCO,5.0,1.0,SOFT,5.0,80.708,1,True
5,Canadian Grand Prix,OCO,6.0,1.0,SOFT,6.0,80.625,1,True
5,Canadian Grand Prix,OCO,7.0,1.0,SOFT,7.0,83.526,1,True
5,Canadian Grand Prix,OCO,8.0,1.0,SOFT,8.0,79.653,1,True
5,Canadian Grand Prix,OCO,9.0,1.0,SOFT,9.0,79.102,1,True
5,Canadian Grand Prix,OCO,10.0,1.0,SOFT,10.0,78.505,1,True
5,Canadian Grand Prix,OCO,11.0,1.0,SOFT,11.0,79.001,1,True
5,Canadian Grand Prix,OCO,12.0,1.0,SOFT,12.0,79.613,12,False
5,Canadian Grand Prix,OCO,13.0,1.0,SOFT,13.0,79.544,2,False
5,Canadian Grand Prix,OCO,14.0,1.0,SOFT,14.0,79.115,21,False
5,Canadian Grand Prix,OCO,15.0,1.0,SOFT,15.0,79.683,1,True
5,Canadian Grand Prix,OCO,16.0,1.0,SOFT,16.0,98.391,1,False
5,Canadian Grand Prix,OCO,17.0,2.0,MEDIUM,1.0,85.162,1,False
5,Canadian Grand Prix,OCO,18.0,2.0,MEDIUM,2.0,79.519,12,False
5,Canadian Grand Prix,OCO,19.0,2.0,MEDIUM,3.0,79.385,1,True
5,Canadian Grand Prix,OCO,20.0,2.0,MEDIUM,4.0,78.69,1,True
5,Canadian Grand Prix,OCO,21.0,2.0,MEDIUM,5.0,78.608,1,True
5,Canadian Grand Prix,OCO,22.0,2.0,MEDIUM,6.0,78.64,1,True
5,Canadian Grand Prix,OCO,23.0,2.0,MEDIUM,7.0,78.287,1,True
5,Canadian Grand Prix,OCO,24.0,2.0,MEDIUM,8.0,78.337,1,True
5,Canadian Grand Prix,OCO,25.0,2.0,MEDIUM,9.0,78.572,1,True
5,Canadian Grand Prix,OCO,26.0,2.0,MEDIUM,10.0,78.264,1,True
5,Canadian Grand Prix,OCO,27.0,2.0,MEDIUM,11.0,79.136,1,True
5,Canadian Grand Prix,OCO,28.0,2.0,MEDIUM,12.0,78.606,1,True
5,Canadian Grand Prix,OCO,29.0,2.0,MEDIUM,13.0,94.14,126,False
5,Canadian Grand Prix,OCO,30.0,2.0,MEDIUM,14.0,130.988,6,False
5,Canadian Grand Prix,OCO,31.0,3.0,SOFT,1.0,88.276,671,False
5,Canadian Grand Prix,OCO,32.0,3.0,SOFT,2.0,79.505,1,True
5,Canadian Grand Prix,OCO,33.0,3.0,SOFT,3.0,78.316,1,True
5,Canadian Grand Prix,OCO,34.0,3.0,SOFT,4.0,80.216,1,True
5,Canadian Grand Prix,OCO,35.0,3.0,SOFT,5.0,77.259,1,True
5,Canadian Grand Prix,OCO,36.0,3.0,SOFT,6.0,77.358,1,True
5,Canadian Grand Prix,OCO,37.0,3.0,SOFT,7.0,77.592,1,True
5,Canadian Grand Prix,OCO,38.0,3.0,SOFT,8.0,78.133,12,False
5,Canadian Grand Prix,OCO,39.0,3.0,SOFT,9.0,80.237,1,True
5,Canadian Grand Prix,OCO,40.0,3.0,SOFT,10.0,77.402,1,True
5,Canadian Grand Prix,OCO,41.0,3.0,SOFT,11.0,78.583,1,True
5,Canadian Grand Prix,OCO,42.0,3.0,SOFT,12.0,78.553,1,True
5,Canadian Grand Prix,OCO,43.0,3.0,SOFT,13.0,76.675,1,True
5,Canadian Grand Prix,OCO,44.0,3.0,SOFT,14.0,93.203,167,False
5,Canadian Grand Prix,OCO,45.0,3.0,SOFT,15.0,77.753,1,True
5,Canadian Grand Prix,OCO,46.0,3.0,SOFT,16.0,78.854,1,True
5,Canadian Grand Prix,OCO,47.0,3.0,SOFT,17.0,79.745,1,True
5,Canadian Grand Prix,OCO,48.0,3.0,SOFT,18.0,78.951,1,True
5,Canadian Grand Prix,OCO,49.0,3.0,SOFT,19.0,77.314,1,True
5,Canadian Grand Prix,OCO,50.0,3.0,SOFT,20.0,92.532,16,False
5,Canadian Grand Prix,OCO,51.0,3.0,SOFT,21.0,98.58,671,False
5,Canadian Grand Prix,OCO,52.0,3.0,SOFT,22.0,80.475,1,True
5,Canadian Grand Prix,OCO,53.0,3.0,SOFT,23.0,78.34,1,True
5,Canadian Grand Prix,OCO,54.0,3.0,SOFT,24.0,76.978,1,True
5,Canadian Grand Prix,OCO,55.0,3.0,SOFT,25.0,78.384,1,True
5,Canadian Grand Prix,OCO,56.0,3.0,SOFT,26.0,76.724,1,True
5,Canadian Grand Prix,OCO,57.0,3.0,SOFT,27.0,76.912,1,True
5,Canadian Grand Prix,OCO,58.0,3.0,SOFT,28.0,76.914,1,True
5,Canadian Grand Prix,OCO,59.0,3.0,SOFT,29.0,76.882,12,False
5,Canadian Grand Prix,OCO,60.0,3.0,SOFT,30.0,76.765,1,True
5,Canadian Grand Prix,OCO,61.0,3.0,SOFT,31.0,77.516,1,True
5,Canadian Grand Prix,OCO,62.0,3.0,SOFT,32.0,76.992,1,True
5,Canadian Grand Prix,OCO,63.0,3.0,SOFT,33.0,76.836,1,True
5,Canadian Grand Prix,OCO,64.0,3.0,SOFT,34.0,76.577,1,True
5,Canadian Grand Prix,OCO,65.0,3.0,SOFT,35.0,76.739,1,True
5,Canadian Grand Prix,OCO,66.0,3.0,SOFT,36.0,76.754,1,True
5,Canadian Grand Prix,COL,1.0,1.0,MEDIUM,1.0,92.675,1,False
5,Canadian Grand Prix,COL,2.0,1.0,MEDIUM,2.0,82.225,1,False
5,Canadian Grand Prix,COL,3.0,1.0,MEDIUM,3.0,80.994,1,True
5,Canadian Grand Prix,COL,4.0,1.0,MEDIUM,4.0,80.043,1,True
5,Canadian Grand Prix,COL,5.0,1.0,MEDIUM,5.0,78.976,1,True
5,Canadian Grand Prix,COL,6.0,1.0,MEDIUM,6.0,78.865,1,True
5,Canadian Grand Prix,COL,7.0,1.0,MEDIUM,7.0,78.543,1,True
5,Canadian Grand Prix,COL,8.0,1.0,MEDIUM,8.0,78.287,1,True
5,Canadian Grand Prix,COL,9.0,1.0,MEDIUM,9.0,78.308,1,True
5,Canadian Grand Prix,COL,10.0,1.0,MEDIUM,10.0,78.004,1,True
5,Canadian Grand Prix,COL,11.0,1.0,MEDIUM,11.0,78.217,1,True
5,Canadian Grand Prix,COL,12.0,1.0,MEDIUM,12.0,77.702,12,False
5,Canadian Grand Prix,COL,13.0,1.0,MEDIUM,13.0,78.329,2,False
5,Canadian Grand Prix,COL,14.0,1.0,MEDIUM,14.0,77.828,21,False
5,Canadian Grand Prix,COL,15.0,1.0,MEDIUM,15.0,77.482,1,True
5,Canadian Grand Prix,COL,16.0,1.0,MEDIUM,16.0,77.292,1,True
5,Canadian Grand Prix,COL,17.0,1.0,MEDIUM,17.0,77.138,1,True
5,Canadian Grand Prix,COL,18.0,1.0,MEDIUM,18.0,77.015,1,True
5,Canadian Grand Prix,COL,19.0,1.0,MEDIUM,19.0,77.364,12,False
5,Canadian Grand Prix,COL,20.0,1.0,MEDIUM,20.0,77.018,1,True
5,Canadian Grand Prix,COL,21.0,1.0,MEDIUM,21.0,76.863,1,True
5,Canadian Grand Prix,COL,22.0,1.0,MEDIUM,22.0,77.135,1,True
5,Canadian Grand Prix,COL,23.0,1.0,MEDIUM,23.0,77.071,1,True
5,Canadian Grand Prix,COL,24.0,1.0,MEDIUM,24.0,76.828,1,True
5,Canadian Grand Prix,COL,25.0,1.0,MEDIUM,25.0,77.086,1,True
5,Canadian Grand Prix,COL,26.0,1.0,MEDIUM,26.0,77.102,1,True
5,Canadian Grand Prix,COL,27.0,1.0,MEDIUM,27.0,77.474,1,True
5,Canadian Grand Prix,COL,28.0,1.0,MEDIUM,28.0,77.065,1,True
5,Canadian Grand Prix,COL,29.0,1.0,MEDIUM,29.0,76.705,1,True
5,Canadian Grand Prix,COL,30.0,1.0,MEDIUM,30.0,108.947,126,False
5,Canadian Grand Prix,COL,31.0,2.0,HARD,1.0,105.337,6,False
5,Canadian Grand Prix,COL,32.0,2.0,HARD,2.0,86.513,671,False
5,Canadian Grand Prix,COL,33.0,2.0,HARD,3.0,78.797,1,True
5,Canadian Grand Prix,COL,34.0,2.0,HARD,4.0,77.822,1,True
5,Canadian Grand Prix,COL,35.0,2.0,HARD,5.0,77.335,1,True
5,Canadian Grand Prix,COL,36.0,2.0,HARD,6.0,77.239,1,True
5,Canadian Grand Prix,COL,37.0,2.0,HARD,7.0,76.672,1,True
5,Canadian Grand Prix,COL,38.0,2.0,HARD,8.0,76.546,1,True
5,Canadian Grand Prix,COL,39.0,2.0,HARD,9.0,76.679,12,False
5,Canadian Grand Prix,COL,40.0,2.0,HARD,10.0,76.879,1,True
5,Canadian Grand Prix,COL,41.0,2.0,HARD,11.0,76.79,1,True
5,Canadian Grand Prix,COL,42.0,2.0,HARD,12.0,76.618,1,True
5,Canadian Grand Prix,COL,43.0,2.0,HARD,13.0,76.926,1,True
5,Canadian Grand Prix,COL,44.0,2.0,HARD,14.0,76.249,1,True
5,Canadian Grand Prix,COL,45.0,2.0,HARD,15.0,90.323,167,False
5,Canadian Grand Prix,COL,46.0,2.0,HARD,16.0,79.597,71,False
5,Canadian Grand Prix,COL,47.0,2.0,HARD,17.0,76.621,1,True
5,Canadian Grand Prix,COL,48.0,2.0,HARD,18.0,76.61,1,True
5,Canadian Grand Prix,COL,49.0,2.0,HARD,19.0,76.537,1,True
5,Canadian Grand Prix,COL,50.0,2.0,HARD,20.0,76.31,1,True
5,Canadian Grand Prix,COL,51.0,2.0,HARD,21.0,76.253,1,True
5,Canadian Grand Prix,COL,52.0,2.0,HARD,22.0,102.944,16,False
5,Canadian Grand Prix,COL,53.0,2.0,HARD,23.0,87.366,671,False
5,Canadian Grand Prix,COL,54.0,2.0,HARD,24.0,77.677,1,True
5,Canadian Grand Prix,COL,55.0,2.0,HARD,25.0,76.809,1,True
5,Canadian Grand Prix,COL,56.0,2.0,HARD,26.0,77.93,1,True
5,Canadian Grand Prix,COL,57.0,2.0,HARD,27.0,76.511,1,True
5,Canadian Grand Prix,COL,58.0,2.0,HARD,28.0,76.368,1,True
5,Canadian Grand Prix,COL,59.0,2.0,HARD,29.0,76.087,1,True
5,Canadian Grand Prix,COL,60.0,2.0,HARD,30.0,76.19,12,False
5,Canadian Grand Prix,COL,61.0,2.0,HARD,31.0,78.473,1,True
5,Canadian Grand Prix,COL,62.0,2.0,HARD,32.0,75.765,1,True
5,Canadian Grand Prix,COL,63.0,2.0,HARD,33.0,76.286,1,True
5,Canadian Grand Prix,COL,64.0,2.0,HARD,34.0,76.045,1,True
5,Canadian Grand Prix,COL,65.0,2.0,HARD,35.0,75.98,1,True
5,Canadian Grand Prix,COL,66.0,2.0,HARD,36.0,76.141,1,True
5,Canadian Grand Prix,COL,67.0,2.0,HARD,37.0,75.462,1,True
5,Canadian Grand Prix,HAM,1.0,1.0,SOFT,4.0,88.522,1,False
5,Canadian Grand Prix,HAM,2.0,1.0,SOFT,5.0,80.67,1,False
5,Canadian Grand Prix,HAM,3.0,1.0,SOFT,6.0,79.708,1,True
5,Canadian Grand Prix,HAM,4.0,1.0,SOFT,7.0,77.993,1,True
5,Canadian Grand Prix,HAM,5.0,1.0,SOFT,8.0,77.455,1,True
5,Canadian Grand Prix,HAM,6.0,1.0,SOFT,9.0,77.014,1,True
5,Canadian Grand Prix,HAM,7.0,1.0,SOFT,10.0,76.982,1,True
5,Canadian Grand Prix,HAM,8.0,1.0,SOFT,11.0,76.661,1,True
5,Canadian Grand Prix,HAM,9.0,1.0,SOFT,12.0,77.92,1,True
5,Canadian Grand Prix,HAM,10.0,1.0,SOFT,13.0,76.42,1,True
5,Canadian Grand Prix,HAM,11.0,1.0,SOFT,14.0,76.463,1,True
5,Canadian Grand Prix,HAM,12.0,1.0,SOFT,15.0,76.227,1,True
5,Canadian Grand Prix,HAM,13.0,1.0,SOFT,16.0,76.482,12,False
5,Canadian Grand Prix,HAM,14.0,1.0,SOFT,17.0,76.398,21,False
5,Canadian Grand Prix,HAM,15.0,1.0,SOFT,18.0,76.259,1,True
5,Canadian Grand Prix,HAM,16.0,1.0,SOFT,19.0,76.007,1,True
5,Canadian Grand Prix,HAM,17.0,1.0,SOFT,20.0,76.068,1,True
5,Canadian Grand Prix,HAM,18.0,1.0,SOFT,21.0,76.171,1,True
5,Canadian Grand Prix,HAM,19.0,1.0,SOFT,22.0,76.064,12,False
5,Canadian Grand Prix,HAM,20.0,1.0,SOFT,23.0,75.961,1,True
5,Canadian Grand Prix,HAM,21.0,1.0,SOFT,24.0,76.853,1,True
5,Canadian Grand Prix,HAM,22.0,1.0,SOFT,25.0,80.199,1,True
5,Canadian Grand Prix,HAM,23.0,1.0,SOFT,26.0,76.484,1,True
5,Canadian Grand Prix,HAM,24.0,1.0,SOFT,27.0,76.503,1,True
5,Canadian Grand Prix,HAM,25.0,1.0,SOFT,28.0,76.404,1,True
5,Canadian Grand Prix,HAM,26.0,1.0,SOFT,29.0,76.433,1,True
5,Canadian Grand Prix,HAM,27.0,1.0,SOFT,30.0,76.415,1,True
5,Canadian Grand Prix,HAM,28.0,1.0,SOFT,31.0,76.18,1,True
5,Canadian Grand Prix,HAM,29.0,1.0,SOFT,32.0,76.374,1,True
5,Canadian Grand Prix,HAM,30.0,1.0,SOFT,33.0,78.973,126,False
5,Canadian Grand Prix,HAM,31.0,1.0,SOFT,34.0,122.954,6,False
5,Canadian Grand Prix,HAM,32.0,2.0,MEDIUM,1.0,96.411,671,False
5,Canadian Grand Prix,HAM,33.0,2.0,MEDIUM,2.0,77.975,1,True
5,Canadian Grand Prix,HAM,34.0,2.0,MEDIUM,3.0,76.498,1,True
5,Canadian Grand Prix,HAM,35.0,2.0,MEDIUM,4.0,75.772,1,True
5,Canadian Grand Prix,HAM,36.0,2.0,MEDIUM,5.0,75.65,1,True
5,Canadian Grand Prix,HAM,37.0,2.0,MEDIUM,6.0,75.285,1,True
5,Canadian Grand Prix,HAM,38.0,2.0,MEDIUM,7.0,75.553,1,True
5,Canadian Grand Prix,HAM,39.0,2.0,MEDIUM,8.0,75.386,1,True
5,Canadian Grand Prix,HAM,40.0,2.0,MEDIUM,9.0,75.139,12,False
5,Canadian Grand Prix,HAM,41.0,2.0,MEDIUM,10.0,75.457,1,True
5,Canadian Grand Prix,HAM,42.0,2.0,MEDIUM,11.0,75.243,1,True
5,Canadian Grand Prix,HAM,43.0,2.0,MEDIUM,12.0,75.285,1,True
5,Canadian Grand Prix,HAM,44.0,2.0,MEDIUM,13.0,75.208,1,True
5,Canadian Grand Prix,HAM,45.0,2.0,MEDIUM,14.0,74.96,1,True
5,Canadian Grand Prix,HAM,46.0,2.0,MEDIUM,15.0,92.168,167,False
5,Canadian Grand Prix,HAM,47.0,2.0,MEDIUM,16.0,75.411,1,True
5,Canadian Grand Prix,HAM,48.0,2.0,MEDIUM,17.0,74.914,1,True
5,Canadian Grand Prix,HAM,49.0,2.0,MEDIUM,18.0,75.186,1,True
5,Canadian Grand Prix,HAM,50.0,2.0,MEDIUM,19.0,75.381,1,True
5,Canadian Grand Prix,HAM,51.0,2.0,MEDIUM,20.0,74.962,1,True
5,Canadian Grand Prix,HAM,52.0,2.0,MEDIUM,21.0,79.569,16,False
5,Canadian Grand Prix,HAM,53.0,2.0,MEDIUM,22.0,102.768,6,False
5,Canadian Grand Prix,HAM,54.0,2.0,MEDIUM,23.0,81.045,671,False
5,Canadian Grand Prix,HAM,55.0,2.0,MEDIUM,24.0,75.09,1,True
5,Canadian Grand Prix,HAM,56.0,2.0,MEDIUM,25.0,75.172,1,True
5,Canadian Grand Prix,HAM,57.0,2.0,MEDIUM,26.0,75.983,1,True
5,Canadian Grand Prix,HAM,58.0,2.0,MEDIUM,27.0,75.459,1,True
5,Canadian Grand Prix,HAM,59.0,2.0,MEDIUM,28.0,75.145,1,True
5,Canadian Grand Prix,HAM,60.0,2.0,MEDIUM,29.0,74.751,1,True
5,Canadian Grand Prix,HAM,61.0,2.0,MEDIUM,30.0,74.573,12,False
5,Canadian Grand Prix,HAM,62.0,2.0,MEDIUM,31.0,75.116,1,True
5,Canadian Grand Prix,HAM,63.0,2.0,MEDIUM,32.0,74.89,1,True
5,Canadian Grand Prix,HAM,64.0,2.0,MEDIUM,33.0,75.069,1,True
5,Canadian Grand Prix,HAM,65.0,2.0,MEDIUM,34.0,74.689,1,True
5,Canadian Grand Prix,HAM,66.0,2.0,MEDIUM,35.0,74.801,1,True
5,Canadian Grand Prix,HAM,67.0,2.0,MEDIUM,36.0,74.699,1,True
5,Canadian Grand Prix,HAM,68.0,2.0,MEDIUM,37.0,74.646,1,True
5,Canadian Grand Prix,BOR,1.0,1.0,INTERMEDIATE,1.0,95.549,1,False
5,Canadian Grand Prix,BOR,2.0,1.0,INTERMEDIATE,2.0,107.354,1,False
5,Canadian Grand Prix,BOR,3.0,2.0,SOFT,1.0,87.141,1,False
5,Canadian Grand Prix,BOR,4.0,2.0,SOFT,2.0,81.219,1,True
5,Canadian Grand Prix,BOR,5.0,2.0,SOFT,3.0,79.84,1,True
5,Canadian Grand Prix,BOR,6.0,2.0,SOFT,4.0,79.308,1,True
5,Canadian Grand Prix,BOR,7.0,2.0,SOFT,5.0,78.545,1,True
5,Canadian Grand Prix,BOR,8.0,2.0,SOFT,6.0,78.516,1,True
5,Canadian Grand Prix,BOR,9.0,2.0,SOFT,7.0,78.353,1,True
5,Canadian Grand Prix,BOR,10.0,2.0,SOFT,8.0,77.931,1,True
5,Canadian Grand Prix,BOR,11.0,2.0,SOFT,9.0,78.468,1,True
5,Canadian Grand Prix,BOR,12.0,2.0,SOFT,10.0,78.445,12,False
5,Canadian Grand Prix,BOR,13.0,2.0,SOFT,11.0,78.279,21,False
5,Canadian Grand Prix,BOR,14.0,2.0,SOFT,12.0,77.698,1,True
5,Canadian Grand Prix,BOR,15.0,2.0,SOFT,13.0,77.904,1,True
5,Canadian Grand Prix,BOR,16.0,2.0,SOFT,14.0,77.752,1,True
5,Canadian Grand Prix,BOR,17.0,2.0,SOFT,15.0,77.701,1,True
5,Canadian Grand Prix,BOR,18.0,2.0,SOFT,16.0,94.414,12,False
5,Canadian Grand Prix,BOR,19.0,3.0,MEDIUM,1.0,85.108,1,False
5,Canadian Grand Prix,BOR,20.0,3.0,MEDIUM,2.0,78.99,1,True
5,Canadian Grand Prix,BOR,21.0,3.0,MEDIUM,3.0,79.98,1,True
5,Canadian Grand Prix,BOR,22.0,3.0,MEDIUM,4.0,78.21,1,True
5,Canadian Grand Prix,BOR,23.0,3.0,MEDIUM,5.0,77.711,1,True
5,Canadian Grand Prix,BOR,24.0,3.0,MEDIUM,6.0,77.483,1,True
5,Canadian Grand Prix,BOR,25.0,3.0,MEDIUM,7.0,77.683,1,True
5,Canadian Grand Prix,BOR,26.0,3.0,MEDIUM,8.0,77.708,1,True
5,Canadian Grand Prix,BOR,27.0,3.0,MEDIUM,9.0,77.971,1,True
5,Canadian Grand Prix,BOR,28.0,3.0,MEDIUM,10.0,77.356,1,True
5,Canadian Grand Prix,BOR,29.0,3.0,MEDIUM,11.0,90.324,126,False
5,Canadian Grand Prix,BOR,30.0,3.0,MEDIUM,12.0,104.804,6,False
5,Canadian Grand Prix,BOR,31.0,3.0,MEDIUM,13.0,92.626,671,False
5,Canadian Grand Prix,BOR,32.0,3.0,MEDIUM,14.0,78.791,1,True
5,Canadian Grand Prix,BOR,33.0,3.0,MEDIUM,15.0,77.815,1,True
5,Canadian Grand Prix,BOR,34.0,3.0,MEDIUM,16.0,77.508,1,True
5,Canadian Grand Prix,BOR,35.0,3.0,MEDIUM,17.0,77.109,1,True
5,Canadian Grand Prix,BOR,36.0,3.0,MEDIUM,18.0,76.863,1,True
5,Canadian Grand Prix,BOR,37.0,3.0,MEDIUM,19.0,76.684,1,True
5,Canadian Grand Prix,BOR,38.0,3.0,MEDIUM,20.0,76.549,1,True
5,Canadian Grand Prix,BOR,39.0,3.0,MEDIUM,21.0,76.418,12,False
5,Canadian Grand Prix,BOR,40.0,3.0,MEDIUM,22.0,76.615,1,True
5,Canadian Grand Prix,BOR,41.0,3.0,MEDIUM,23.0,76.627,1,True
5,Canadian Grand Prix,BOR,42.0,3.0,MEDIUM,24.0,76.402,1,True
5,Canadian Grand Prix,BOR,43.0,3.0,MEDIUM,25.0,78.144,1,True
5,Canadian Grand Prix,BOR,44.0,3.0,MEDIUM,26.0,85.754,16,False
5,Canadian Grand Prix,BOR,45.0,3.0,MEDIUM,27.0,84.257,671,False
5,Canadian Grand Prix,BOR,46.0,3.0,MEDIUM,28.0,76.663,1,True
5,Canadian Grand Prix,BOR,47.0,3.0,MEDIUM,29.0,76.657,1,True
5,Canadian Grand Prix,BOR,48.0,3.0,MEDIUM,30.0,76.266,1,True
5,Canadian Grand Prix,BOR,49.0,3.0,MEDIUM,31.0,76.762,1,True
5,Canadian Grand Prix,BOR,50.0,3.0,MEDIUM,32.0,76.221,1,True
5,Canadian Grand Prix,BOR,51.0,3.0,MEDIUM,33.0,96.971,16,False
5,Canadian Grand Prix,BOR,52.0,3.0,MEDIUM,34.0,96.299,671,False
5,Canadian Grand Prix,BOR,53.0,3.0,MEDIUM,35.0,77.669,1,True
5,Canadian Grand Prix,BOR,54.0,3.0,MEDIUM,36.0,77.121,1,True
5,Canadian Grand Prix,BOR,55.0,3.0,MEDIUM,37.0,76.951,1,True
5,Canadian Grand Prix,BOR,56.0,3.0,MEDIUM,38.0,76.73,1,True
5,Canadian Grand Prix,BOR,57.0,3.0,MEDIUM,39.0,76.799,1,True
5,Canadian Grand Prix,BOR,58.0,3.0,MEDIUM,40.0,76.699,1,True
5,Canadian Grand Prix,BOR,59.0,3.0,MEDIUM,41.0,76.371,12,False
5,Canadian Grand Prix,BOR,60.0,3.0,MEDIUM,42.0,76.569,21,False
5,Canadian Grand Prix,BOR,61.0,3.0,MEDIUM,43.0,77.325,1,True
5,Canadian Grand Prix,BOR,62.0,3.0,MEDIUM,44.0,76.933,1,True
5,Canadian Grand Prix,BOR,63.0,3.0,MEDIUM,45.0,77.439,1,True
5,Canadian Grand Prix,BOR,64.0,3.0,MEDIUM,46.0,80.499,1,True
5,Canadian Grand Prix,BOR,65.0,3.0,MEDIUM,47.0,76.487,1,True
5,Canadian Grand Prix,BOR,66.0,3.0,MEDIUM,48.0,76.576,1,True
5,Canadian Grand Prix,SAI,1.0,1.0,INTERMEDIATE,1.0,98.114,1,False
5,Canadian Grand Prix,SAI,2.0,1.0,INTERMEDIATE,2.0,102.459,1,False
5,Canadian Grand Prix,SAI,3.0,2.0,MEDIUM,9.0,86.386,1,False
5,Canadian Grand Prix,SAI,4.0,2.0,MEDIUM,10.0,79.821,1,True
5,Canadian Grand Prix,SAI,5.0,2.0,MEDIUM,11.0,78.605,1,True
5,Canadian Grand Prix,SAI,6.0,2.0,MEDIUM,12.0,78.184,1,True
5,Canadian Grand Prix,SAI,7.0,2.0,MEDIUM,13.0,78.136,1,True
5,Canadian Grand Prix,SAI,8.0,2.0,MEDIUM,14.0,77.973,1,True
5,Canadian Grand Prix,SAI,9.0,2.0,MEDIUM,15.0,77.596,1,True
5,Canadian Grand Prix,SAI,10.0,2.0,MEDIUM,16.0,77.368,1,True
5,Canadian Grand Prix,SAI,11.0,2.0,MEDIUM,17.0,77.454,1,True
5,Canadian Grand Prix,SAI,12.0,2.0,MEDIUM,18.0,78.394,12,False
5,Canadian Grand Prix,SAI,13.0,2.0,MEDIUM,19.0,77.618,2,False
5,Canadian Grand Prix,SAI,14.0,2.0,MEDIUM,20.0,77.046,21,False
5,Canadian Grand Prix,SAI,15.0,2.0,MEDIUM,21.0,78.961,1,True
5,Canadian Grand Prix,SAI,16.0,2.0,MEDIUM,22.0,77.544,1,True
5,Canadian Grand Prix,SAI,17.0,2.0,MEDIUM,23.0,77.221,1,True
5,Canadian Grand Prix,SAI,18.0,2.0,MEDIUM,24.0,77.169,12,False
5,Canadian Grand Prix,SAI,19.0,2.0,MEDIUM,25.0,77.479,1,True
5,Canadian Grand Prix,SAI,20.0,2.0,MEDIUM,26.0,77.132,1,True
5,Canadian Grand Prix,SAI,21.0,2.0,MEDIUM,27.0,77.224,1,True
5,Canadian Grand Prix,SAI,22.0,2.0,MEDIUM,28.0,77.215,1,True
5,Canadian Grand Prix,SAI,23.0,2.0,MEDIUM,29.0,76.998,1,True
5,Canadian Grand Prix,SAI,24.0,2.0,MEDIUM,30.0,77.14,1,True
5,Canadian Grand Prix,SAI,25.0,2.0,MEDIUM,31.0,76.837,1,True
5,Canadian Grand Prix,SAI,26.0,2.0,MEDIUM,32.0,76.655,1,True
5,Canadian Grand Prix,SAI,27.0,2.0,MEDIUM,33.0,76.989,1,True
5,Canadian Grand Prix,SAI,28.0,2.0,MEDIUM,34.0,77.059,1,True
5,Canadian Grand Prix,SAI,29.0,2.0,MEDIUM,35.0,76.736,12,False
5,Canadian Grand Prix,SAI,30.0,2.0,MEDIUM,36.0,116.283,26,False
5,Canadian Grand Prix,SAI,31.0,3.0,MEDIUM,1.0,104.583,671,False
5,Canadian Grand Prix,SAI,32.0,3.0,MEDIUM,2.0,79.792,1,True
5,Canadian Grand Prix,SAI,33.0,3.0,MEDIUM,3.0,78.6,1,True
5,Canadian Grand Prix,SAI,34.0,3.0,MEDIUM,4.0,78.742,1,True
5,Canadian Grand Prix,SAI,35.0,3.0,MEDIUM,5.0,77.168,1,True
5,Canadian Grand Prix,SAI,36.0,3.0,MEDIUM,6.0,76.599,1,True
5,Canadian Grand Prix,SAI,37.0,3.0,MEDIUM,7.0,78.961,1,True
5,Canadian Grand Prix,SAI,38.0,3.0,MEDIUM,8.0,76.517,1,True
5,Canadian Grand Prix,SAI,39.0,3.0,MEDIUM,9.0,76.764,12,False
5,Canadian Grand Prix,SAI,40.0,3.0,MEDIUM,10.0,78.422,1,True
5,Canadian Grand Prix,SAI,41.0,3.0,MEDIUM,11.0,76.652,1,True
5,Canadian Grand Prix,SAI,42.0,3.0,MEDIUM,12.0,76.832,1,True
5,Canadian Grand Prix,SAI,43.0,3.0,MEDIUM,13.0,76.403,1,True
5,Canadian Grand Prix,SAI,44.0,3.0,MEDIUM,14.0,78.501,1,True
5,Canadian Grand Prix,SAI,45.0,3.0,MEDIUM,15.0,94.901,167,False
5,Canadian Grand Prix,SAI,46.0,3.0,MEDIUM,16.0,76.467,1,True
5,Canadian Grand Prix,SAI,47.0,3.0,MEDIUM,17.0,76.984,1,True
5,Canadian Grand Prix,SAI,48.0,3.0,MEDIUM,18.0,76.314,1,True
5,Canadian Grand Prix,SAI,49.0,3.0,MEDIUM,19.0,76.509,1,True
5,Canadian Grand Prix,SAI,50.0,3.0,MEDIUM,20.0,76.313,1,True
5,Canadian Grand Prix,SAI,51.0,3.0,MEDIUM,21.0,92.657,16,False
5,Canadian Grand Prix,SAI,52.0,3.0,MEDIUM,22.0,97.976,671,False
5,Canadian Grand Prix,SAI,53.0,3.0,MEDIUM,23.0,77.762,1,True
5,Canadian Grand Prix,SAI,54.0,3.0,MEDIUM,24.0,76.764,1,True
5,Canadian Grand Prix,SAI,55.0,3.0,MEDIUM,25.0,76.854,1,True
5,Canadian Grand Prix,SAI,56.0,3.0,MEDIUM,26.0,76.091,1,True
5,Canadian Grand Prix,SAI,57.0,3.0,MEDIUM,27.0,76.319,1,True
5,Canadian Grand Prix,SAI,58.0,3.0,MEDIUM,28.0,77.244,1,True
5,Canadian Grand Prix,SAI,59.0,3.0,MEDIUM,29.0,76.331,1,True
5,Canadian Grand Prix,SAI,60.0,3.0,MEDIUM,30.0,76.034,12,False
5,Canadian Grand Prix,SAI,61.0,3.0,MEDIUM,31.0,77.44,1,True
5,Canadian Grand Prix,SAI,62.0,3.0,MEDIUM,32.0,76.497,1,True
5,Canadian Grand Prix,SAI,63.0,3.0,MEDIUM,33.0,76.373,1,True
5,Canadian Grand Prix,SAI,64.0,3.0,MEDIUM,34.0,75.888,1,True
5,Canadian Grand Prix,SAI,65.0,3.0,MEDIUM,35.0,75.852,1,True
5,Canadian Grand Prix,SAI,66.0,3.0,MEDIUM,36.0,79.41,1,True
5,Canadian Grand Prix,SAI,67.0,3.0,MEDIUM,37.0,76.46,1,True
5,Canadian Grand Prix,HAD,1.0,1.0,SOFT,5.0,91.557,1,False
5,Canadian Grand Prix,HAD,2.0,1.0,SOFT,6.0,80.676,1,False
5,Canadian Grand Prix,HAD,3.0,1.0,SOFT,7.0,79.281,1,True
5,Canadian Grand Prix,HAD,4.0,1.0,SOFT,8.0,78.96,1,True
5,Canadian Grand Prix,HAD,5.0,1.0,SOFT,9.0,77.913,1,True
5,Canadian Grand Prix,HAD,6.0,1.0,SOFT,10.0,77.838,1,True
5,Canadian Grand Prix,HAD,7.0,1.0,SOFT,11.0,77.164,1,True
5,Canadian Grand Prix,HAD,8.0,1.0,SOFT,12.0,76.882,1,True
5,Canadian Grand Prix,HAD,9.0,1.0,SOFT,13.0,76.898,1,True
5,Canadian Grand Prix,HAD,10.0,1.0,SOFT,14.0,76.362,1,True
5,Canadian Grand Prix,HAD,11.0,1.0,SOFT,15.0,76.222,1,True
5,Canadian Grand Prix,HAD,12.0,1.0,SOFT,16.0,76.662,1,True
5,Canadian Grand Prix,HAD,13.0,1.0,SOFT,17.0,77.06,12,False
5,Canadian Grand Prix,HAD,14.0,1.0,SOFT,18.0,77.466,21,False
5,Canadian Grand Prix,HAD,15.0,1.0,SOFT,19.0,76.841,1,True
5,Canadian Grand Prix,HAD,16.0,1.0,SOFT,20.0,76.537,1,True
5,Canadian Grand Prix,HAD,17.0,1.0,SOFT,21.0,76.499,1,True
5,Canadian Grand Prix,HAD,18.0,1.0,SOFT,22.0,76.732,1,True
5,Canadian Grand Prix,HAD,19.0,1.0,SOFT,23.0,76.475,12,False
5,Canadian Grand Prix,HAD,20.0,1.0,SOFT,24.0,76.515,1,True
5,Canadian Grand Prix,HAD,21.0,1.0,SOFT,25.0,76.282,1,True
5,Canadian Grand Prix,HAD,22.0,1.0,SOFT,26.0,76.322,1,True
5,Canadian Grand Prix,HAD,23.0,1.0,SOFT,27.0,76.176,1,True
5,Canadian Grand Prix,HAD,24.0,1.0,SOFT,28.0,76.427,1,True
5,Canadian Grand Prix,HAD,25.0,1.0,SOFT,29.0,76.56,1,True
5,Canadian Grand Prix,HAD,26.0,1.0,SOFT,30.0,76.153,1,True
5,Canadian Grand Prix,HAD,27.0,1.0,SOFT,31.0,76.318,1,True
5,Canadian Grand Prix,HAD,28.0,1.0,SOFT,32.0,76.629,1,True
5,Canadian Grand Prix,HAD,29.0,1.0,SOFT,33.0,77.093,1,True
5,Canadian Grand Prix,HAD,30.0,1.0,SOFT,34.0,82.318,126,False
5,Canadian Grand Prix,HAD,31.0,1.0,SOFT,35.0,117.518,6,False
5,Canadian Grand Prix,HAD,32.0,2.0,MEDIUM,1.0,96.382,671,False
5,Canadian Grand Prix,HAD,33.0,2.0,MEDIUM,2.0,78.694,1,True
5,Canadian Grand Prix,HAD,34.0,2.0,MEDIUM,3.0,77.35,1,True
5,Canadian Grand Prix,HAD,35.0,2.0,MEDIUM,4.0,76.482,1,True
5,Canadian Grand Prix,HAD,36.0,2.0,MEDIUM,5.0,76.026,1,True
5,Canadian Grand Prix,HAD,37.0,2.0,MEDIUM,6.0,75.459,1,True
5,Canadian Grand Prix,HAD,38.0,2.0,MEDIUM,7.0,75.412,1,True
5,Canadian Grand Prix,HAD,39.0,2.0,MEDIUM,8.0,76.512,1,True
5,Canadian Grand Prix,HAD,40.0,2.0,MEDIUM,9.0,76.248,12,False
5,Canadian Grand Prix,HAD,41.0,2.0,MEDIUM,10.0,75.615,1,True
5,Canadian Grand Prix,HAD,42.0,2.0,MEDIUM,11.0,75.781,1,True
5,Canadian Grand Prix,HAD,43.0,2.0,MEDIUM,12.0,75.463,1,True
5,Canadian Grand Prix,HAD,44.0,2.0,MEDIUM,13.0,75.749,1,True
5,Canadian Grand Prix,HAD,45.0,2.0,MEDIUM,14.0,75.361,1,True
5,Canadian Grand Prix,HAD,46.0,2.0,MEDIUM,15.0,91.1,167,False
5,Canadian Grand Prix,HAD,47.0,2.0,MEDIUM,16.0,76.888,1,True
5,Canadian Grand Prix,HAD,48.0,2.0,MEDIUM,17.0,75.575,1,True
5,Canadian Grand Prix,HAD,49.0,2.0,MEDIUM,18.0,75.673,1,True
5,Canadian Grand Prix,HAD,50.0,2.0,MEDIUM,19.0,75.566,1,True
5,Canadian Grand Prix,HAD,51.0,2.0,MEDIUM,20.0,75.511,1,True
5,Canadian Grand Prix,HAD,52.0,2.0,MEDIUM,21.0,110.309,16,False
5,Canadian Grand Prix,HAD,53.0,3.0,SOFT,5.0,97.681,671,False
5,Canadian Grand Prix,HAD,54.0,3.0,SOFT,6.0,77.624,1,True
5,Canadian Grand Prix,HAD,55.0,3.0,SOFT,7.0,75.995,1,True
5,Canadian Grand Prix,HAD,56.0,3.0,SOFT,8.0,75.163,1,True
5,Canadian Grand Prix,HAD,57.0,3.0,SOFT,9.0,75.01,1,True
5,Canadian Grand Prix,HAD,58.0,3.0,SOFT,10.0,74.758,1,True
5,Canadian Grand Prix,HAD,59.0,3.0,SOFT,11.0,75.255,1,True
5,Canadian Grand Prix,HAD,60.0,3.0,SOFT,12.0,75.008,1,True
5,Canadian Grand Prix,HAD,61.0,3.0,SOFT,13.0,75.049,12,False
5,Canadian Grand Prix,HAD,62.0,3.0,SOFT,14.0,102.996,1,False
5,Canadian Grand Prix,HAD,63.0,4.0,SOFT,15.0,79.543,1,False
5,Canadian Grand Prix,HAD,64.0,4.0,SOFT,16.0,75.399,1,True
5,Canadian Grand Prix,HAD,65.0,4.0,SOFT,17.0,75.01,1,True
5,Canadian Grand Prix,HAD,66.0,4.0,SOFT,18.0,76.23,1,True
5,Canadian Grand Prix,HAD,67.0,4.0,SOFT,19.0,74.578,1,True
5,Canadian Grand Prix,RUS,1.0,1.0,SOFT,4.0,87.965,1,False
5,Canadian Grand Prix,RUS,2.0,1.0,SOFT,5.0,80.925,1,False
5,Canadian Grand Prix,RUS,3.0,1.0,SOFT,6.0,79.42,1,True
5,Canadian Grand Prix,RUS,4.0,1.0,SOFT,7.0,77.945,1,True
5,Canadian Grand Prix,RUS,5.0,1.0,SOFT,8.0,77.034,1,True
5,Canadian Grand Prix,RUS,6.0,1.0,SOFT,9.0,76.365,1,True
5,Canadian Grand Prix,RUS,7.0,1.0,SOFT,10.0,76.584,1,True
5,Canadian Grand Prix,RUS,8.0,1.0,SOFT,11.0,76.105,1,True
5,Canadian Grand Prix,RUS,9.0,1.0,SOFT,12.0,75.796,1,True
5,Canadian Grand Prix,RUS,10.0,1.0,SOFT,13.0,75.778,1,True
5,Canadian Grand Prix,RUS,11.0,1.0,SOFT,14.0,75.572,1,True
5,Canadian Grand Prix,RUS,12.0,1.0,SOFT,15.0,76.804,1,True
5,Canadian Grand Prix,RUS,13.0,1.0,SOFT,16.0,77.341,12,False
5,Canadian Grand Prix,RUS,14.0,1.0,SOFT,17.0,76.192,21,False
5,Canadian Grand Prix,RUS,15.0,1.0,SOFT,18.0,75.791,1,True
5,Canadian Grand Prix,RUS,16.0,1.0,SOFT,19.0,75.477,1,True
5,Canadian Grand Prix,RUS,17.0,1.0,SOFT,20.0,76.545,1,True
5,Canadian Grand Prix,RUS,18.0,1.0,SOFT,21.0,75.735,1,True
5,Canadian Grand Prix,RUS,19.0,1.0,SOFT,22.0,75.576,12,False
5,Canadian Grand Prix,RUS,20.0,1.0,SOFT,23.0,75.538,1,True
5,Canadian Grand Prix,RUS,21.0,1.0,SOFT,24.0,75.759,1,True
5,Canadian Grand Prix,RUS,22.0,1.0,SOFT,25.0,76.657,1,True
5,Canadian Grand Prix,RUS,23.0,1.0,SOFT,26.0,75.877,1,True
5,Canadian Grand Prix,RUS,24.0,1.0,SOFT,27.0,76.828,1,True
5,Canadian Grand Prix,RUS,25.0,1.0,SOFT,28.0,77.038,1,True
5,Canadian Grand Prix,RUS,26.0,1.0,SOFT,29.0,76.321,1,True
5,Canadian Grand Prix,RUS,27.0,1.0,SOFT,30.0,76.273,1,True
5,Canadian Grand Prix,RUS,28.0,1.0,SOFT,31.0,76.272,1,True
5,Canadian Grand Prix,RUS,29.0,1.0,SOFT,32.0,75.541,1,True
5,Canadian Grand Prix,RUS,30.0,1.0,SOFT,33.0,,126,False
5,Canadian Grand Prix,BOT,1.0,1.0,INTERMEDIATE,1.0,98.731,1,False
5,Canadian Grand Prix,BOT,2.0,1.0,INTERMEDIATE,2.0,87.677,1,False
5,Canadian Grand Prix,BOT,3.0,1.0,INTERMEDIATE,3.0,107.804,1,False
5,Canadian Grand Prix,BOT,4.0,2.0,SOFT,1.0,86.794,1,False
5,Canadian Grand Prix,BOT,5.0,2.0,SOFT,2.0,82.238,1,True
5,Canadian Grand Prix,BOT,6.0,2.0,SOFT,3.0,81.04,1,True
5,Canadian Grand Prix,BOT,7.0,2.0,SOFT,4.0,80.289,1,True
5,Canadian Grand Prix,BOT,8.0,2.0,SOFT,5.0,79.925,1,True
5,Canadian Grand Prix,BOT,9.0,2.0,SOFT,6.0,99.439,1,False
5,Canadian Grand Prix,BOT,10.0,3.0,MEDIUM,1.0,86.03,1,False
5,Canadian Grand Prix,BOT,11.0,3.0,MEDIUM,2.0,79.917,12,False
5,Canadian Grand Prix,BOT,12.0,3.0,MEDIUM,3.0,82.238,2,False
5,Canadian Grand Prix,BOT,13.0,3.0,MEDIUM,4.0,82.743,21,False
5,Canadian Grand Prix,BOT,14.0,3.0,MEDIUM,5.0,79.361,1,True
5,Canadian Grand Prix,BOT,15.0,3.0,MEDIUM,6.0,79.225,1,True
5,Canadian Grand Prix,BOT,16.0,3.0,MEDIUM,7.0,79.532,1,True
5,Canadian Grand Prix,BOT,17.0,3.0,MEDIUM,8.0,81.843,12,False
5,Canadian Grand Prix,BOT,18.0,3.0,MEDIUM,9.0,81.105,1,True
5,Canadian Grand Prix,BOT,19.0,3.0,MEDIUM,10.0,79.691,1,True
5,Canadian Grand Prix,BOT,20.0,3.0,MEDIUM,11.0,82.553,1,True
5,Canadian Grand Prix,BOT,21.0,3.0,MEDIUM,12.0,79.49,1,True
5,Canadian Grand Prix,BOT,22.0,3.0,MEDIUM,13.0,80.964,1,True
5,Canadian Grand Prix,BOT,23.0,3.0,MEDIUM,14.0,80.472,1,True
5,Canadian Grand Prix,BOT,24.0,3.0,MEDIUM,15.0,81.847,1,True
5,Canadian Grand Prix,BOT,25.0,3.0,MEDIUM,16.0,80.573,1,True
5,Canadian Grand Prix,BOT,26.0,3.0,MEDIUM,17.0,79.458,1,True
5,Canadian Grand Prix,BOT,27.0,3.0,MEDIUM,18.0,79.336,1,True
5,Canadian Grand Prix,BOT,28.0,3.0,MEDIUM,19.0,90.428,126,False
5,Canadian Grand Prix,BOT,29.0,3.0,MEDIUM,20.0,121.776,6,False
5,Canadian Grand Prix,BOT,30.0,4.0,SOFT,1.0,89.383,671,False
5,Canadian Grand Prix,BOT,31.0,4.0,SOFT,2.0,81.147,1,True
5,Canadian Grand Prix,BOT,32.0,4.0,SOFT,3.0,79.967,1,True
5,Canadian Grand Prix,BOT,33.0,4.0,SOFT,4.0,79.163,1,True
5,Canadian Grand Prix,BOT,34.0,4.0,SOFT,5.0,79.24,1,True
5,Canadian Grand Prix,BOT,35.0,4.0,SOFT,6.0,78.995,1,True
5,Canadian Grand Prix,BOT,36.0,4.0,SOFT,7.0,78.887,1,True
5,Canadian Grand Prix,BOT,37.0,4.0,SOFT,8.0,79.661,12,False
5,Canadian Grand Prix,BOT,38.0,4.0,SOFT,9.0,78.929,1,True
5,Canadian Grand Prix,BOT,39.0,4.0,SOFT,10.0,78.775,1,True
5,Canadian Grand Prix,BOT,40.0,4.0,SOFT,11.0,78.856,1,True
5,Canadian Grand Prix,BOT,41.0,4.0,SOFT,12.0,79.059,1,True
5,Canadian Grand Prix,BOT,42.0,4.0,SOFT,13.0,79.412,1,True
5,Canadian Grand Prix,BOT,43.0,4.0,SOFT,14.0,99.542,167,False
5,Canadian Grand Prix,BOT,44.0,4.0,SOFT,15.0,82.115,1,True
5,Canadian Grand Prix,BOT,45.0,4.0,SOFT,16.0,79.104,1,True
5,Canadian Grand Prix,BOT,46.0,4.0,SOFT,17.0,85.292,1,True
5,Canadian Grand Prix,BOT,47.0,4.0,SOFT,18.0,80.282,1,True
5,Canadian Grand Prix,BOT,48.0,4.0,SOFT,19.0,78.67,1,True
5,Canadian Grand Prix,BOT,49.0,4.0,SOFT,20.0,119.523,16,False
5,Canadian Grand Prix,BOT,50.0,5.0,MEDIUM,1.0,99.569,671,False
5,Canadian Grand Prix,BOT,51.0,5.0,MEDIUM,2.0,81.586,1,True
5,Canadian Grand Prix,BOT,52.0,5.0,MEDIUM,3.0,82.701,1,True
5,Canadian Grand Prix,BOT,53.0,5.0,MEDIUM,4.0,81.685,1,True
5,Canadian Grand Prix,BOT,54.0,5.0,MEDIUM,5.0,79.358,1,True
5,Canadian Grand Prix,BOT,55.0,5.0,MEDIUM,6.0,78.557,1,True
5,Canadian Grand Prix,BOT,56.0,5.0,MEDIUM,7.0,81.066,1,True
5,Canadian Grand Prix,BOT,57.0,5.0,MEDIUM,8.0,78.281,12,False
5,Canadian Grand Prix,BOT,58.0,5.0,MEDIUM,9.0,79.584,1,True
5,Canadian Grand Prix,BOT,59.0,5.0,MEDIUM,10.0,77.725,1,True
5,Canadian Grand Prix,BOT,60.0,5.0,MEDIUM,11.0,78.083,1,True
5,Canadian Grand Prix,BOT,61.0,5.0,MEDIUM,12.0,78.111,1,True
5,Canadian Grand Prix,BOT,62.0,5.0,MEDIUM,13.0,78.251,1,True
5,Canadian Grand Prix,BOT,63.0,5.0,MEDIUM,14.0,78.005,1,True
5,Canadian Grand Prix,BOT,64.0,5.0,MEDIUM,15.0,78.065,1,True
5,Canadian Grand Prix,PIA,1.0,1.0,INTERMEDIATE,1.0,105.524,1,False
5,Canadian Grand Prix,PIA,2.0,2.0,MEDIUM,1.0,84.619,1,False
5,Canadian Grand Prix,PIA,3.0,2.0,MEDIUM,2.0,81.819,1,True
5,Canadian Grand Prix,PIA,4.0,2.0,MEDIUM,3.0,80.774,1,True
5,Canadian Grand Prix,PIA,5.0,2.0,MEDIUM,4.0,79.266,1,True
5,Canadian Grand Prix,PIA,6.0,2.0,MEDIUM,5.0,77.969,1,True
5,Canadian Grand Prix,PIA,7.0,2.0,MEDIUM,6.0,77.405,1,True
5,Canadian Grand Prix,PIA,8.0,2.0,MEDIUM,7.0,77.763,1,True
5,Canadian Grand Prix,PIA,9.0,2.0,MEDIUM,8.0,77.857,1,True
5,Canadian Grand Prix,PIA,10.0,2.0,MEDIUM,9.0,77.837,1,True
5,Canadian Grand Prix,PIA,11.0,2.0,MEDIUM,10.0,76.989,1,True
5,Canadian Grand Prix,PIA,12.0,2.0,MEDIUM,11.0,109.686,12,False
5,Canadian Grand Prix,PIA,13.0,3.0,MEDIUM,5.0,83.843,21,False
5,Canadian Grand Prix,PIA,14.0,3.0,MEDIUM,6.0,77.666,1,True
5,Canadian Grand Prix,PIA,15.0,3.0,MEDIUM,7.0,79.199,1,True
5,Canadian Grand Prix,PIA,16.0,3.0,MEDIUM,8.0,77.308,1,True
5,Canadian Grand Prix,PIA,17.0,3.0,MEDIUM,9.0,77.165,1,True
5,Canadian Grand Prix,PIA,18.0,3.0,MEDIUM,10.0,76.666,12,False
5,Canadian Grand Prix,PIA,19.0,3.0,MEDIUM,11.0,77.523,1,True
5,Canadian Grand Prix,PIA,20.0,3.0,MEDIUM,12.0,76.616,1,True
5,Canadian Grand Prix,PIA,21.0,3.0,MEDIUM,13.0,76.292,1,True
5,Canadian Grand Prix,PIA,22.0,3.0,MEDIUM,14.0,76.727,1,True
5,Canadian Grand Prix,PIA,23.0,3.0,MEDIUM,15.0,77.369,1,True
5,Canadian Grand Prix,PIA,24.0,3.0,MEDIUM,16.0,80.247,1,True
5,Canadian Grand Prix,PIA,25.0,3.0,MEDIUM,17.0,77.005,1,True
5,Canadian Grand Prix,PIA,26.0,3.0,MEDIUM,18.0,76.78,1,True
5,Canadian Grand Prix,PIA,27.0,3.0,MEDIUM,19.0,77.204,1,True
5,Canadian Grand Prix,PIA,28.0,3.0,MEDIUM,20.0,76.492,1,True
5,Canadian Grand Prix,PIA,29.0,3.0,MEDIUM,21.0,86.676,126,False
5,Canadian Grand Prix,PIA,30.0,3.0,MEDIUM,22.0,103.05,6,False
5,Canadian Grand Prix,PIA,31.0,3.0,MEDIUM,23.0,101.004,671,False
5,Canadian Grand Prix,PIA,32.0,3.0,MEDIUM,24.0,79.429,1,True
5,Canadian Grand Prix,PIA,33.0,3.0,MEDIUM,25.0,80.594,1,True
5,Canadian Grand Prix,PIA,34.0,3.0,MEDIUM,26.0,77.313,1,True
5,Canadian Grand Prix,PIA,35.0,3.0,MEDIUM,27.0,76.941,1,True
5,Canadian Grand Prix,PIA,36.0,3.0,MEDIUM,28.0,76.379,1,True
5,Canadian Grand Prix,PIA,37.0,3.0,MEDIUM,29.0,76.534,1,True
5,Canadian Grand Prix,PIA,38.0,3.0,MEDIUM,30.0,76.536,1,True
5,Canadian Grand Prix,PIA,39.0,3.0,MEDIUM,31.0,76.55,12,False
5,Canadian Grand Prix,PIA,40.0,3.0,MEDIUM,32.0,76.727,1,True
5,Canadian Grand Prix,PIA,41.0,3.0,MEDIUM,33.0,76.624,1,True
5,Canadian Grand Prix,PIA,42.0,3.0,MEDIUM,34.0,76.01,1,True
5,Canadian Grand Prix,PIA,43.0,3.0,MEDIUM,35.0,75.943,1,True
5,Canadian Grand Prix,PIA,44.0,3.0,MEDIUM,36.0,78.606,16,False
5,Canadian Grand Prix,PIA,45.0,3.0,MEDIUM,37.0,91.327,671,False
5,Canadian Grand Prix,PIA,46.0,3.0,MEDIUM,38.0,77.189,1,True
5,Canadian Grand Prix,PIA,47.0,3.0,MEDIUM,39.0,76.428,1,True
5,Canadian Grand Prix,PIA,48.0,3.0,MEDIUM,40.0,77.053,1,True
5,Canadian Grand Prix,PIA,49.0,3.0,MEDIUM,41.0,76.264,1,True
5,Canadian Grand Prix,PIA,50.0,3.0,MEDIUM,42.0,75.801,1,True
5,Canadian Grand Prix,PIA,51.0,3.0,MEDIUM,43.0,120.121,16,False
5,Canadian Grand Prix,PIA,52.0,4.0,SOFT,5.0,95.146,671,False
5,Canadian Grand Prix,PIA,53.0,4.0,SOFT,6.0,78.397,1,True
5,Canadian Grand Prix,PIA,54.0,4.0,SOFT,7.0,77.137,1,True
5,Canadian Grand Prix,PIA,55.0,4.0,SOFT,8.0,76.686,1,True
5,Canadian Grand Prix,PIA,56.0,4.0,SOFT,9.0,75.934,1,True
5,Canadian Grand Prix,PIA,57.0,4.0,SOFT,10.0,75.655,1,True
5,Canadian Grand Prix,PIA,58.0,4.0,SOFT,11.0,76.439,1,True
5,Canadian Grand Prix,PIA,59.0,4.0,SOFT,12.0,76.208,12,False
5,Canadian Grand Prix,PIA,60.0,4.0,SOFT,13.0,77.477,1,True
5,Canadian Grand Prix,PIA,61.0,4.0,SOFT,14.0,75.456,1,True
5,Canadian Grand Prix,PIA,62.0,4.0,SOFT,15.0,76.343,1,True
5,Canadian Grand Prix,PIA,63.0,4.0,SOFT,16.0,75.883,1,True
5,Canadian Grand Prix,PIA,64.0,4.0,SOFT,17.0,75.942,1,True
5,Canadian Grand Prix,PIA,65.0,4.0,SOFT,18.0,76.575,1,True
5,Canadian Grand Prix,PIA,66.0,4.0,SOFT,19.0,78.47,1,True
5,Canadian Grand Prix,BEA,1.0,1.0,SOFT,6.0,95.294,1,False
5,Canadian Grand Prix,BEA,2.0,1.0,SOFT,7.0,83.857,1,False
5,Canadian Grand Prix,BEA,3.0,1.0,SOFT,8.0,81.748,1,True
5,Canadian Grand Prix,BEA,4.0,1.0,SOFT,9.0,81.581,1,True
5,Canadian Grand Prix,BEA,5.0,1.0,SOFT,10.0,80.063,1,True
5,Canadian Grand Prix,BEA,6.0,1.0,SOFT,11.0,79.321,1,True
5,Canadian Grand Prix,BEA,7.0,1.0,SOFT,12.0,79.63,1,True
5,Canadian Grand Prix,BEA,8.0,1.0,SOFT,13.0,78.89,1,True
5,Canadian Grand Prix,BEA,9.0,1.0,SOFT,14.0,78.093,1,True
5,Canadian Grand Prix,BEA,10.0,1.0,SOFT,15.0,77.929,1,True
5,Canadian Grand Prix,BEA,11.0,1.0,SOFT,16.0,79.752,1,True
5,Canadian Grand Prix,BEA,12.0,1.0,SOFT,17.0,80.302,12,False
5,Canadian Grand Prix,BEA,13.0,1.0,SOFT,18.0,78.524,2,False
5,Canadian Grand Prix,BEA,14.0,1.0,SOFT,19.0,78.205,21,False
5,Canadian Grand Prix,BEA,15.0,1.0,SOFT,20.0,77.509,1,True
5,Canadian Grand Prix,BEA,16.0,1.0,SOFT,21.0,78.12,1,True
5,Canadian Grand Prix,BEA,17.0,1.0,SOFT,22.0,77.52,1,True
5,Canadian Grand Prix,BEA,18.0,1.0,SOFT,23.0,77.463,12,False
5,Canadian Grand Prix,BEA,19.0,1.0,SOFT,24.0,77.589,1,True
5,Canadian Grand Prix,BEA,20.0,1.0,SOFT,25.0,77.646,1,True
5,Canadian Grand Prix,BEA,21.0,1.0,SOFT,26.0,77.485,1,True
5,Canadian Grand Prix,BEA,22.0,1.0,SOFT,27.0,77.45,1,True
5,Canadian Grand Prix,BEA,23.0,1.0,SOFT,28.0,77.629,1,True
5,Canadian Grand Prix,BEA,24.0,1.0,SOFT,29.0,77.264,1,True
5,Canadian Grand Prix,BEA,25.0,1.0,SOFT,30.0,77.397,1,True
5,Canadian Grand Prix,BEA,26.0,1.0,SOFT,31.0,77.519,1,True
5,Canadian Grand Prix,BEA,27.0,1.0,SOFT,32.0,77.67,1,True
5,Canadian Grand Prix,BEA,28.0,1.0,SOFT,33.0,77.374,1,True
5,Canadian Grand Prix,BEA,29.0,1.0,SOFT,34.0,77.283,12,False
5,Canadian Grand Prix,BEA,30.0,1.0,SOFT,35.0,133.826,26,False
5,Canadian Grand Prix,BEA,31.0,2.0,MEDIUM,1.0,101.901,671,False
5,Canadian Grand Prix,BEA,32.0,2.0,MEDIUM,2.0,79.115,1,True
5,Canadian Grand Prix,BEA,33.0,2.0,MEDIUM,3.0,79.528,1,True
5,Canadian Grand Prix,BEA,34.0,2.0,MEDIUM,4.0,77.265,1,True
5,Canadian Grand Prix,BEA,35.0,2.0,MEDIUM,5.0,77.425,1,True
5,Canadian Grand Prix,BEA,36.0,2.0,MEDIUM,6.0,76.87,1,True
5,Canadian Grand Prix,BEA,37.0,2.0,MEDIUM,7.0,78.083,1,True
5,Canadian Grand Prix,BEA,38.0,2.0,MEDIUM,8.0,76.736,1,True
5,Canadian Grand Prix,BEA,39.0,2.0,MEDIUM,9.0,76.558,12,False
5,Canadian Grand Prix,BEA,40.0,2.0,MEDIUM,10.0,77.257,1,True
5,Canadian Grand Prix,BEA,41.0,2.0,MEDIUM,11.0,78.957,1,True
5,Canadian Grand Prix,BEA,42.0,2.0,MEDIUM,12.0,76.677,1,True
5,Canadian Grand Prix,BEA,43.0,2.0,MEDIUM,13.0,76.481,1,True
5,Canadian Grand Prix,BEA,44.0,2.0,MEDIUM,14.0,76.49,1,True
5,Canadian Grand Prix,BEA,45.0,2.0,MEDIUM,15.0,91.974,167,False
5,Canadian Grand Prix,BEA,46.0,2.0,MEDIUM,16.0,76.852,1,True
5,Canadian Grand Prix,BEA,47.0,2.0,MEDIUM,17.0,76.695,1,True
5,Canadian Grand Prix,BEA,48.0,2.0,MEDIUM,18.0,76.592,1,True
5,Canadian Grand Prix,BEA,49.0,2.0,MEDIUM,19.0,77.743,1,True
5,Canadian Grand Prix,BEA,50.0,2.0,MEDIUM,20.0,76.581,1,True
5,Canadian Grand Prix,BEA,51.0,2.0,MEDIUM,21.0,92.476,16,False
5,Canadian Grand Prix,BEA,52.0,2.0,MEDIUM,22.0,98.186,671,False
5,Canadian Grand Prix,BEA,53.0,2.0,MEDIUM,23.0,78.029,1,True
5,Canadian Grand Prix,BEA,54.0,2.0,MEDIUM,24.0,76.912,1,True
5,Canadian Grand Prix,BEA,55.0,2.0,MEDIUM,25.0,76.488,1,True
5,Canadian Grand Prix,BEA,56.0,2.0,MEDIUM,26.0,76.293,1,True
5,Canadian Grand Prix,BEA,57.0,2.0,MEDIUM,27.0,76.27,1,True
5,Canadian Grand Prix,BEA,58.0,2.0,MEDIUM,28.0,77.322,1,True
5,Canadian Grand Prix,BEA,59.0,2.0,MEDIUM,29.0,76.75,1,True
5,Canadian Grand Prix,BEA,60.0,2.0,MEDIUM,30.0,76.503,12,False
5,Canadian Grand Prix,BEA,61.0,2.0,MEDIUM,31.0,76.572,1,True
5,Canadian Grand Prix,BEA,62.0,2.0,MEDIUM,32.0,76.663,1,True
5,Canadian Grand Prix,BEA,63.0,2.0,MEDIUM,33.0,76.376,1,True
5,Canadian Grand Prix,BEA,64.0,2.0,MEDIUM,34.0,76.002,1,True
5,Canadian Grand Prix,BEA,65.0,2.0,MEDIUM,35.0,76.189,1,True
5,Canadian Grand Prix,BEA,66.0,2.0,MEDIUM,36.0,76.015,1,True
5,Canadian Grand Prix,BEA,67.0,2.0,MEDIUM,37.0,76.048,1,True
6,Monaco Grand Prix,NOR,1.0,1.0,MEDIUM,1.0,90.629,12,False
6,Monaco Grand Prix,NOR,2.0,1.0,MEDIUM,2.0,80.684,1,False
6,Monaco Grand Prix,NOR,3.0,1.0,MEDIUM,3.0,80.195,1,True
6,Monaco Grand Prix,NOR,4.0,1.0,MEDIUM,4.0,79.491,1,True
6,Monaco Grand Prix,NOR,5.0,1.0,MEDIUM,5.0,78.988,1,True
6,Monaco Grand Prix,NOR,6.0,1.0,MEDIUM,6.0,78.233,1,True
6,Monaco Grand Prix,NOR,7.0,1.0,MEDIUM,7.0,78.243,1,True
6,Monaco Grand Prix,NOR,8.0,1.0,MEDIUM,8.0,78.079,1,True
6,Monaco Grand Prix,NOR,9.0,1.0,MEDIUM,9.0,78.059,1,True
6,Monaco Grand Prix,NOR,10.0,1.0,MEDIUM,10.0,78.628,1,True
6,Monaco Grand Prix,NOR,11.0,1.0,MEDIUM,11.0,78.413,1,True
6,Monaco Grand Prix,NOR,12.0,1.0,MEDIUM,12.0,77.722,1,True
6,Monaco Grand Prix,NOR,13.0,1.0,MEDIUM,13.0,78.391,1,True
6,Monaco Grand Prix,NOR,14.0,1.0,MEDIUM,14.0,78.17,1,True
6,Monaco Grand Prix,NOR,15.0,1.0,MEDIUM,15.0,78.623,1,True
6,Monaco Grand Prix,NOR,16.0,1.0,MEDIUM,16.0,78.638,1,True
6,Monaco Grand Prix,NOR,17.0,1.0,MEDIUM,17.0,78.742,1,True
6,Monaco Grand Prix,NOR,18.0,1.0,MEDIUM,18.0,78.994,1,True
6,Monaco Grand Prix,NOR,19.0,1.0,MEDIUM,19.0,78.706,1,True
6,Monaco Grand Prix,NOR,20.0,1.0,MEDIUM,20.0,78.312,1,True
6,Monaco Grand Prix,NOR,21.0,1.0,MEDIUM,21.0,79.066,1,True
6,Monaco Grand Prix,NOR,22.0,1.0,MEDIUM,22.0,77.925,1,True
6,Monaco Grand Prix,NOR,23.0,1.0,MEDIUM,23.0,78.249,1,True
6,Monaco Grand Prix,NOR,24.0,1.0,MEDIUM,24.0,78.676,1,True
6,Monaco Grand Prix,NOR,25.0,1.0,MEDIUM,25.0,78.316,1,True
6,Monaco Grand Prix,NOR,26.0,1.0,MEDIUM,26.0,78.478,1,True
6,Monaco Grand Prix,NOR,27.0,1.0,MEDIUM,27.0,78.376,1,True
6,Monaco Grand Prix,NOR,28.0,1.0,MEDIUM,28.0,78.464,1,True
6,Monaco Grand Prix,NOR,29.0,1.0,MEDIUM,29.0,78.198,1,True
6,Monaco Grand Prix,NOR,30.0,1.0,MEDIUM,30.0,78.321,1,True
6,Monaco Grand Prix,NOR,31.0,1.0,MEDIUM,31.0,78.3,1,True
6,Monaco Grand Prix,NOR,32.0,1.0,MEDIUM,32.0,78.189,1,True
6,Monaco Grand Prix,NOR,33.0,1.0,MEDIUM,33.0,80.23,1,True
6,Monaco Grand Prix,NOR,34.0,1.0,MEDIUM,34.0,77.67,1,True
6,Monaco Grand Prix,NOR,35.0,1.0,MEDIUM,35.0,77.833,1,True
6,Monaco Grand Prix,NOR,36.0,1.0,MEDIUM,36.0,78.224,1,True
6,Monaco Grand Prix,NOR,37.0,1.0,MEDIUM,37.0,78.739,1,True
6,Monaco Grand Prix,NOR,38.0,1.0,MEDIUM,38.0,79.008,1,True
6,Monaco Grand Prix,NOR,39.0,1.0,MEDIUM,39.0,79.311,1,True
6,Monaco Grand Prix,NOR,40.0,1.0,MEDIUM,40.0,78.948,1,True
6,Monaco Grand Prix,NOR,41.0,1.0,MEDIUM,41.0,80.881,1,True
6,Monaco Grand Prix,NOR,42.0,1.0,MEDIUM,42.0,80.144,1,True
6,Monaco Grand Prix,NOR,43.0,1.0,MEDIUM,43.0,79.223,1,True
6,Monaco Grand Prix,NOR,44.0,1.0,MEDIUM,44.0,,1,False
6,Monaco Grand Prix,GAS,1.0,1.0,MEDIUM,1.0,90.105,12,False
6,Monaco Grand Prix,GAS,2.0,1.0,MEDIUM,2.0,80.715,1,False
6,Monaco Grand Prix,GAS,3.0,1.0,MEDIUM,3.0,80.073,1,True
6,Monaco Grand Prix,GAS,4.0,1.0,MEDIUM,4.0,79.124,1,True
6,Monaco Grand Prix,GAS,5.0,1.0,MEDIUM,5.0,79.092,1,True
6,Monaco Grand Prix,GAS,6.0,1.0,MEDIUM,6.0,78.305,1,True
6,Monaco Grand Prix,GAS,7.0,1.0,MEDIUM,7.0,78.58,1,True
6,Monaco Grand Prix,GAS,8.0,1.0,MEDIUM,8.0,77.946,1,True
6,Monaco Grand Prix,GAS,9.0,1.0,MEDIUM,9.0,78.13,1,True
6,Monaco Grand Prix,GAS,10.0,1.0,MEDIUM,10.0,78.04,1,True
6,Monaco Grand Prix,GAS,11.0,1.0,MEDIUM,11.0,78.404,1,True
6,Monaco Grand Prix,GAS,12.0,1.0,MEDIUM,12.0,78.358,1,True
6,Monaco Grand Prix,GAS,13.0,1.0,MEDIUM,13.0,78.333,1,True
6,Monaco Grand Prix,GAS,14.0,1.0,MEDIUM,14.0,78.204,1,True
6,Monaco Grand Prix,GAS,15.0,1.0,MEDIUM,15.0,78.092,1,True
6,Monaco Grand Prix,GAS,16.0,1.0,MEDIUM,16.0,79.128,1,True
6,Monaco Grand Prix,GAS,17.0,1.0,MEDIUM,17.0,78.782,1,True
6,Monaco Grand Prix,GAS,18.0,1.0,MEDIUM,18.0,79.055,1,True
6,Monaco Grand Prix,GAS,19.0,1.0,MEDIUM,19.0,78.687,1,True
6,Monaco Grand Prix,GAS,20.0,1.0,MEDIUM,20.0,78.231,1,True
6,Monaco Grand Prix,GAS,21.0,1.0,MEDIUM,21.0,78.386,1,True
6,Monaco Grand Prix,GAS,22.0,1.0,MEDIUM,22.0,78.475,1,True
6,Monaco Grand Prix,GAS,23.0,1.0,MEDIUM,23.0,78.461,1,True
6,Monaco Grand Prix,GAS,24.0,1.0,MEDIUM,24.0,78.52,1,True
6,Monaco Grand Prix,GAS,25.0,1.0,MEDIUM,25.0,78.386,1,True
6,Monaco Grand Prix,GAS,26.0,1.0,MEDIUM,26.0,78.461,1,True
6,Monaco Grand Prix,GAS,27.0,1.0,MEDIUM,27.0,78.521,1,True
6,Monaco Grand Prix,GAS,28.0,1.0,MEDIUM,28.0,78.596,1,True
6,Monaco Grand Prix,GAS,29.0,1.0,MEDIUM,29.0,78.056,1,True
6,Monaco Grand Prix,GAS,30.0,1.0,MEDIUM,30.0,78.178,1,True
6,Monaco Grand Prix,GAS,31.0,1.0,MEDIUM,31.0,78.36,1,True
6,Monaco Grand Prix,GAS,32.0,1.0,MEDIUM,32.0,78.029,1,True
6,Monaco Grand Prix,GAS,33.0,1.0,MEDIUM,33.0,78.807,1,True
6,Monaco Grand Prix,GAS,34.0,1.0,MEDIUM,34.0,78.659,1,True
6,Monaco Grand Prix,GAS,35.0,1.0,MEDIUM,35.0,78.332,1,True
6,Monaco Grand Prix,GAS,36.0,1.0,MEDIUM,36.0,78.178,1,True
6,Monaco Grand Prix,GAS,37.0,1.0,MEDIUM,37.0,78.949,1,True
6,Monaco Grand Prix,GAS,38.0,1.0,MEDIUM,38.0,79.068,1,True
6,Monaco Grand Prix,GAS,39.0,1.0,MEDIUM,39.0,79.227,1,True
6,Monaco Grand Prix,GAS,40.0,1.0,MEDIUM,40.0,79.024,1,True
6,Monaco Grand Prix,GAS,41.0,1.0,MEDIUM,41.0,78.934,1,True
6,Monaco Grand Prix,GAS,42.0,1.0,MEDIUM,42.0,78.656,1,True
6,Monaco Grand Prix,GAS,43.0,1.0,MEDIUM,43.0,78.909,1,True
6,Monaco Grand Prix,GAS,44.0,1.0,MEDIUM,44.0,78.777,1,True
6,Monaco Grand Prix,GAS,45.0,1.0,MEDIUM,45.0,97.189,1,False
6,Monaco Grand Prix,GAS,46.0,2.0,HARD,1.0,83.643,1,False
6,Monaco Grand Prix,GAS,47.0,2.0,HARD,2.0,78.675,1,True
6,Monaco Grand Prix,GAS,48.0,2.0,HARD,3.0,78.218,1,True
6,Monaco Grand Prix,GAS,49.0,2.0,HARD,4.0,80.722,1,True
6,Monaco Grand Prix,GAS,50.0,2.0,HARD,5.0,78.925,1,True
6,Monaco Grand Prix,GAS,51.0,2.0,HARD,6.0,79.348,1,True
6,Monaco Grand Prix,GAS,52.0,2.0,HARD,7.0,77.95,1,True
6,Monaco Grand Prix,GAS,53.0,2.0,HARD,8.0,77.055,1,True
6,Monaco Grand Prix,GAS,54.0,2.0,HARD,9.0,77.287,1,True
6,Monaco Grand Prix,GAS,55.0,2.0,HARD,10.0,77.126,1,True
6,Monaco Grand Prix,GAS,56.0,2.0,HARD,11.0,77.509,1,True
6,Monaco Grand Prix,GAS,57.0,2.0,HARD,12.0,77.963,1,True
6,Monaco Grand Prix,GAS,58.0,2.0,HARD,13.0,77.612,1,True
6,Monaco Grand Prix,GAS,59.0,2.0,HARD,14.0,99.182,124,False
6,Monaco Grand Prix,GAS,60.0,2.0,HARD,15.0,113.136,4,False
6,Monaco Grand Prix,GAS,61.0,3.0,HARD,16.0,93.183,4,False
6,Monaco Grand Prix,GAS,62.0,3.0,HARD,17.0,118.441,4,False
6,Monaco Grand Prix,GAS,63.0,3.0,HARD,18.0,92.959,4,False
6,Monaco Grand Prix,GAS,64.0,3.0,HARD,19.0,84.677,4,False
6,Monaco Grand Prix,GAS,65.0,3.0,HARD,20.0,81.81,412,False
6,Monaco Grand Prix,GAS,66.0,3.0,HARD,21.0,114.401,24,False
6,Monaco Grand Prix,GAS,67.0,4.0,HARD,22.0,106.41,4,False
6,Monaco Grand Prix,GAS,68.0,4.0,HARD,23.0,,451,False
6,Monaco Grand Prix,GAS,69.0,5.0,SOFT,5.0,96.522,14,False
6,Monaco Grand Prix,GAS,70.0,5.0,SOFT,6.0,,41,False
6,Monaco Grand Prix,GAS,71.0,5.0,SOFT,7.0,86.19,12,False
6,Monaco Grand Prix,GAS,72.0,5.0,SOFT,8.0,77.461,1,True
6,Monaco Grand Prix,GAS,73.0,5.0,SOFT,9.0,76.054,1,True
6,Monaco Grand Prix,GAS,74.0,5.0,SOFT,10.0,76.599,1,True
6,Monaco Grand Prix,GAS,75.0,5.0,SOFT,11.0,76.296,1,True
6,Monaco Grand Prix,GAS,76.0,5.0,SOFT,12.0,75.899,1,True
6,Monaco Grand Prix,GAS,77.0,5.0,SOFT,13.0,75.497,1,True
6,Monaco Grand Prix,GAS,78.0,5.0,SOFT,14.0,75.881,1,True
6,Monaco Grand Prix,PER,1.0,1.0,SOFT,1.0,95.173,12,False
6,Monaco Grand Prix,PER,2.0,1.0,SOFT,2.0,81.504,1,False
6,Monaco Grand Prix,PER,3.0,1.0,SOFT,3.0,80.479,1,True
6,Monaco Grand Prix,PER,4.0,1.0,SOFT,4.0,100.066,1,False
6,Monaco Grand Prix,PER,5.0,2.0,MEDIUM,1.0,82.032,1,False
6,Monaco Grand Prix,PER,6.0,2.0,MEDIUM,2.0,79.524,1,True
6,Monaco Grand Prix,PER,7.0,2.0,MEDIUM,3.0,77.89,1,True
6,Monaco Grand Prix,PER,8.0,2.0,MEDIUM,4.0,78.694,1,True
6,Monaco Grand Prix,PER,9.0,2.0,MEDIUM,5.0,91.503,1,False
6,Monaco Grand Prix,PER,10.0,3.0,MEDIUM,6.0,82.204,1,False
6,Monaco Grand Prix,PER,11.0,3.0,MEDIUM,7.0,78.736,1,True
6,Monaco Grand Prix,PER,12.0,3.0,MEDIUM,8.0,81.649,1,True
6,Monaco Grand Prix,PER,13.0,3.0,MEDIUM,9.0,80.223,1,True
6,Monaco Grand Prix,PER,14.0,3.0,MEDIUM,10.0,78.51,1,True
6,Monaco Grand Prix,PER,15.0,3.0,MEDIUM,11.0,80.811,1,True
6,Monaco Grand Prix,PER,16.0,3.0,MEDIUM,12.0,78.578,1,True
6,Monaco Grand Prix,PER,17.0,3.0,MEDIUM,13.0,79.129,1,True
6,Monaco Grand Prix,PER,18.0,3.0,MEDIUM,14.0,78.7,1,True
6,Monaco Grand Prix,PER,19.0,3.0,MEDIUM,15.0,78.907,1,True
6,Monaco Grand Prix,PER,20.0,3.0,MEDIUM,16.0,78.93,1,True
6,Monaco Grand Prix,PER,21.0,3.0,MEDIUM,17.0,79.091,1,True
6,Monaco Grand Prix,PER,22.0,3.0,MEDIUM,18.0,80.559,1,True
6,Monaco Grand Prix,PER,23.0,3.0,MEDIUM,19.0,79.5,1,True
6,Monaco Grand Prix,PER,24.0,3.0,MEDIUM,20.0,79.325,1,True
6,Monaco Grand Prix,PER,25.0,3.0,MEDIUM,21.0,79.538,1,True
6,Monaco Grand Prix,PER,26.0,3.0,MEDIUM,22.0,78.698,1,True
6,Monaco Grand Prix,PER,27.0,3.0,MEDIUM,23.0,78.77,1,True
6,Monaco Grand Prix,PER,28.0,3.0,MEDIUM,24.0,78.848,1,True
6,Monaco Grand Prix,PER,29.0,3.0,MEDIUM,25.0,78.872,1,True
6,Monaco Grand Prix,PER,30.0,3.0,MEDIUM,26.0,78.903,1,True
6,Monaco Grand Prix,PER,31.0,3.0,MEDIUM,27.0,79.338,1,True
6,Monaco Grand Prix,PER,32.0,3.0,MEDIUM,28.0,79.656,1,True
6,Monaco Grand Prix,PER,33.0,3.0,MEDIUM,29.0,79.917,1,True
6,Monaco Grand Prix,PER,34.0,3.0,MEDIUM,30.0,79.981,1,True
6,Monaco Grand Prix,PER,35.0,3.0,MEDIUM,31.0,81.476,1,True
6,Monaco Grand Prix,PER,36.0,3.0,MEDIUM,32.0,79.751,1,True
6,Monaco Grand Prix,PER,37.0,3.0,MEDIUM,33.0,79.799,1,True
6,Monaco Grand Prix,PER,38.0,3.0,MEDIUM,34.0,79.37,1,True
6,Monaco Grand Prix,PER,39.0,3.0,MEDIUM,35.0,81.687,1,True
6,Monaco Grand Prix,PER,40.0,3.0,MEDIUM,36.0,82.33,1,True
6,Monaco Grand Prix,PER,41.0,3.0,MEDIUM,37.0,80.839,1,True
6,Monaco Grand Prix,PER,42.0,3.0,MEDIUM,38.0,82.094,1,True
6,Monaco Grand Prix,PER,43.0,3.0,MEDIUM,39.0,81.039,1,True
6,Monaco Grand Prix,PER,44.0,3.0,MEDIUM,40.0,81.217,1,True
6,Monaco Grand Prix,PER,45.0,3.0,MEDIUM,41.0,79.567,1,True
6,Monaco Grand Prix,PER,46.0,3.0,MEDIUM,42.0,79.155,1,True
6,Monaco Grand Prix,PER,47.0,3.0,MEDIUM,43.0,79.032,1,True
6,Monaco Grand Prix,PER,48.0,3.0,MEDIUM,44.0,81.387,1,True
6,Monaco Grand Prix,PER,49.0,3.0,MEDIUM,45.0,80.917,1,True
6,Monaco Grand Prix,PER,50.0,3.0,MEDIUM,46.0,81.591,1,True
6,Monaco Grand Prix,PER,51.0,3.0,MEDIUM,47.0,82.941,1,True
6,Monaco Grand Prix,PER,52.0,3.0,MEDIUM,48.0,80.832,1,True
6,Monaco Grand Prix,PER,53.0,3.0,MEDIUM,49.0,80.833,1,True
6,Monaco Grand Prix,PER,54.0,3.0,MEDIUM,50.0,80.051,1,True
6,Monaco Grand Prix,PER,55.0,3.0,MEDIUM,51.0,81.863,1,True
6,Monaco Grand Prix,PER,56.0,3.0,MEDIUM,52.0,79.824,1,True
6,Monaco Grand Prix,PER,57.0,3.0,MEDIUM,53.0,81.055,124,False
6,Monaco Grand Prix,PER,58.0,3.0,MEDIUM,54.0,108.502,4,False
6,Monaco Grand Prix,PER,59.0,3.0,MEDIUM,55.0,117.191,4,False
6,Monaco Grand Prix,PER,60.0,4.0,SOFT,1.0,95.59,4,False
6,Monaco Grand Prix,PER,61.0,4.0,SOFT,2.0,86.682,4,False
6,Monaco Grand Prix,PER,62.0,4.0,SOFT,3.0,91.661,4,False
6,Monaco Grand Prix,PER,63.0,4.0,SOFT,4.0,83.608,4,False
6,Monaco Grand Prix,PER,64.0,4.0,SOFT,5.0,81.255,412,False
6,Monaco Grand Prix,PER,65.0,4.0,SOFT,6.0,116.375,24,False
6,Monaco Grand Prix,PER,66.0,5.0,SOFT,7.0,105.31,4,False
6,Monaco Grand Prix,PER,67.0,5.0,SOFT,8.0,,451,False
6,Monaco Grand Prix,PER,68.0,6.0,SOFT,7.0,149.156,14,False
6,Monaco Grand Prix,PER,69.0,7.0,SOFT,1.0,87.787,4,False
6,Monaco Grand Prix,PER,70.0,7.0,SOFT,2.0,144.525,41,False
6,Monaco Grand Prix,PER,71.0,7.0,SOFT,3.0,89.934,12,False
6,Monaco Grand Prix,PER,72.0,7.0,SOFT,4.0,80.966,1,True
6,Monaco Grand Prix,PER,73.0,7.0,SOFT,5.0,79.857,1,True
6,Monaco Grand Prix,PER,74.0,7.0,SOFT,6.0,77.518,1,True
6,Monaco Grand Prix,PER,75.0,7.0,SOFT,7.0,77.393,1,True
6,Monaco Grand Prix,PER,76.0,7.0,SOFT,8.0,77.117,1,True
6,Monaco Grand Prix,PER,77.0,7.0,SOFT,9.0,76.894,1,True
6,Monaco Grand Prix,PER,78.0,7.0,SOFT,10.0,76.891,1,True
6,Monaco Grand Prix,ANT,1.0,1.0,MEDIUM,1.0,82.525,12,False
6,Monaco Grand Prix,ANT,2.0,1.0,MEDIUM,2.0,77.653,1,False
6,Monaco Grand Prix,ANT,3.0,1.0,MEDIUM,3.0,76.996,1,True
6,Monaco Grand Prix,ANT,4.0,1.0,MEDIUM,4.0,77.048,1,True
6,Monaco Grand Prix,ANT,5.0,1.0,MEDIUM,5.0,76.661,1,True
6,Monaco Grand Prix,ANT,6.0,1.0,MEDIUM,6.0,76.723,1,True
6,Monaco Grand Prix,ANT,7.0,1.0,MEDIUM,7.0,76.05,1,True
6,Monaco Grand Prix,ANT,8.0,1.0,MEDIUM,8.0,76.284,1,True
6,Monaco Grand Prix,ANT,9.0,1.0,MEDIUM,9.0,76.298,1,True
6,Monaco Grand Prix,ANT,10.0,1.0,MEDIUM,10.0,77.067,1,True
6,Monaco Grand Prix,ANT,11.0,1.0,MEDIUM,11.0,78.223,1,True
6,Monaco Grand Prix,ANT,12.0,1.0,MEDIUM,12.0,77.43,1,True
6,Monaco Grand Prix,ANT,13.0,1.0,MEDIUM,13.0,77.313,1,True
6,Monaco Grand Prix,ANT,14.0,1.0,MEDIUM,14.0,77.222,1,True
6,Monaco Grand Prix,ANT,15.0,1.0,MEDIUM,15.0,77.193,1,True
6,Monaco Grand Prix,ANT,16.0,1.0,MEDIUM,16.0,77.24,1,True
6,Monaco Grand Prix,ANT,17.0,1.0,MEDIUM,17.0,77.05,1,True
6,Monaco Grand Prix,ANT,18.0,1.0,MEDIUM,18.0,76.802,1,True
6,Monaco Grand Prix,ANT,19.0,1.0,MEDIUM,19.0,76.061,1,True
6,Monaco Grand Prix,ANT,20.0,1.0,MEDIUM,20.0,76.468,1,True
6,Monaco Grand Prix,ANT,21.0,1.0,MEDIUM,21.0,76.65,1,True
6,Monaco Grand Prix,ANT,22.0,1.0,MEDIUM,22.0,76.369,1,True
6,Monaco Grand Prix,ANT,23.0,1.0,MEDIUM,23.0,76.538,1,True
6,Monaco Grand Prix,ANT,24.0,1.0,MEDIUM,24.0,76.669,1,True
6,Monaco Grand Prix,ANT,25.0,1.0,MEDIUM,25.0,76.888,1,True
6,Monaco Grand Prix,ANT,26.0,1.0,MEDIUM,26.0,76.964,1,True
6,Monaco Grand Prix,ANT,27.0,1.0,MEDIUM,27.0,77.29,1,True
6,Monaco Grand Prix,ANT,28.0,1.0,MEDIUM,28.0,76.644,1,True
6,Monaco Grand Prix,ANT,29.0,1.0,MEDIUM,29.0,76.957,1,True
6,Monaco Grand Prix,ANT,30.0,1.0,MEDIUM,30.0,76.838,1,True
6,Monaco Grand Prix,ANT,31.0,1.0,MEDIUM,31.0,76.617,1,True
6,Monaco Grand Prix,ANT,32.0,1.0,MEDIUM,32.0,76.788,1,True
6,Monaco Grand Prix,ANT,33.0,1.0,MEDIUM,33.0,76.862,1,True
6,Monaco Grand Prix,ANT,34.0,1.0,MEDIUM,34.0,77.201,1,True
6,Monaco Grand Prix,ANT,35.0,1.0,MEDIUM,35.0,76.191,1,True
6,Monaco Grand Prix,ANT,36.0,1.0,MEDIUM,36.0,76.356,1,True
6,Monaco Grand Prix,ANT,37.0,1.0,MEDIUM,37.0,93.595,1,False
6,Monaco Grand Prix,ANT,38.0,2.0,HARD,1.0,82.214,1,False
6,Monaco Grand Prix,ANT,39.0,2.0,HARD,2.0,76.806,1,True
6,Monaco Grand Prix,ANT,40.0,2.0,HARD,3.0,76.757,1,True
6,Monaco Grand Prix,ANT,41.0,2.0,HARD,4.0,76.066,1,True
6,Monaco Grand Prix,ANT,42.0,2.0,HARD,5.0,76.342,1,True
6,Monaco Grand Prix,ANT,43.0,2.0,HARD,6.0,77.071,1,True
6,Monaco Grand Prix,ANT,44.0,2.0,HARD,7.0,75.716,1,True
6,Monaco Grand Prix,ANT,45.0,2.0,HARD,8.0,77.103,1,True
6,Monaco Grand Prix,ANT,46.0,2.0,HARD,9.0,76.976,1,True
6,Monaco Grand Prix,ANT,47.0,2.0,HARD,10.0,75.572,1,True
6,Monaco Grand Prix,ANT,48.0,2.0,HARD,11.0,76.247,1,True
6,Monaco Grand Prix,ANT,49.0,2.0,HARD,12.0,76.127,1,True
6,Monaco Grand Prix,ANT,50.0,2.0,HARD,13.0,76.858,1,True
6,Monaco Grand Prix,ANT,51.0,2.0,HARD,14.0,75.937,1,True
6,Monaco Grand Prix,ANT,52.0,2.0,HARD,15.0,76.218,1,True
6,Monaco Grand Prix,ANT,53.0,2.0,HARD,16.0,76.737,1,True
6,Monaco Grand Prix,ANT,54.0,2.0,HARD,17.0,75.889,1,True
6,Monaco Grand Prix,ANT,55.0,2.0,HARD,18.0,74.99,1,True
6,Monaco Grand Prix,ANT,56.0,2.0,HARD,19.0,75.302,1,True
6,Monaco Grand Prix,ANT,57.0,2.0,HARD,20.0,75.138,1,True
6,Monaco Grand Prix,ANT,58.0,2.0,HARD,21.0,75.812,1,True
6,Monaco Grand Prix,ANT,59.0,2.0,HARD,22.0,76.057,1,True
6,Monaco Grand Prix,ANT,60.0,2.0,HARD,23.0,82.472,124,False
6,Monaco Grand Prix,ANT,61.0,2.0,HARD,24.0,136.745,4,False
6,Monaco Grand Prix,ANT,62.0,3.0,SOFT,5.0,120.361,4,False
6,Monaco Grand Prix,ANT,63.0,3.0,SOFT,6.0,120.412,4,False
6,Monaco Grand Prix,ANT,64.0,3.0,SOFT,7.0,132.838,4,False
6,Monaco Grand Prix,ANT,65.0,3.0,SOFT,8.0,119.223,412,False
6,Monaco Grand Prix,ANT,66.0,3.0,SOFT,9.0,111.182,24,False
6,Monaco Grand Prix,ANT,67.0,4.0,SOFT,10.0,105.482,4,False
6,Monaco Grand Prix,ANT,68.0,4.0,SOFT,11.0,,451,False
6,Monaco Grand Prix,ANT,69.0,5.0,SOFT,5.0,103.473,14,False
6,Monaco Grand Prix,ANT,70.0,5.0,SOFT,6.0,,41,False
6,Monaco Grand Prix,ANT,71.0,5.0,SOFT,7.0,80.271,12,False
6,Monaco Grand Prix,ANT,72.0,5.0,SOFT,8.0,75.737,1,True
6,Monaco Grand Prix,ANT,73.0,5.0,SOFT,9.0,74.585,1,True
6,Monaco Grand Prix,ANT,74.0,5.0,SOFT,10.0,73.958,1,True
6,Monaco Grand Prix,ANT,75.0,5.0,SOFT,11.0,74.008,1,True
6,Monaco Grand Prix,ANT,76.0,5.0,SOFT,12.0,73.481,1,True
6,Monaco Grand Prix,ANT,77.0,5.0,SOFT,13.0,73.728,1,True
6,Monaco Grand Prix,ANT,78.0,5.0,SOFT,14.0,75.614,1,True
6,Monaco Grand Prix,ALO,1.0,1.0,MEDIUM,1.0,97.265,12,False
6,Monaco Grand Prix,ALO,2.0,1.0,MEDIUM,2.0,82.343,1,False
6,Monaco Grand Prix,ALO,3.0,1.0,MEDIUM,3.0,99.049,1,False
6,Monaco Grand Prix,ALO,4.0,2.0,SOFT,1.0,83.312,1,False
6,Monaco Grand Prix,ALO,5.0,2.0,SOFT,2.0,80.326,1,True
6,Monaco Grand Prix,ALO,6.0,2.0,SOFT,3.0,79.772,1,True
6,Monaco Grand Prix,ALO,7.0,2.0,SOFT,4.0,79.16,1,True
6,Monaco Grand Prix,ALO,8.0,2.0,SOFT,5.0,79.213,1,True
6,Monaco Grand Prix,ALO,9.0,2.0,SOFT,6.0,79.431,1,True
6,Monaco Grand Prix,ALO,10.0,2.0,SOFT,7.0,79.993,1,True
6,Monaco Grand Prix,ALO,11.0,2.0,SOFT,8.0,79.595,1,True
6,Monaco Grand Prix,ALO,12.0,2.0,SOFT,9.0,79.031,1,True
6,Monaco Grand Prix,ALO,13.0,2.0,SOFT,10.0,79.032,1,True
6,Monaco Grand Prix,ALO,14.0,2.0,SOFT,11.0,79.338,1,True
6,Monaco Grand Prix,ALO,15.0,2.0,SOFT,12.0,79.415,1,True
6,Monaco Grand Prix,ALO,16.0,2.0,SOFT,13.0,80.915,1,True
6,Monaco Grand Prix,ALO,17.0,2.0,SOFT,14.0,81.52,1,True
6,Monaco Grand Prix,ALO,18.0,2.0,SOFT,15.0,80.779,1,True
6,Monaco Grand Prix,ALO,19.0,2.0,SOFT,16.0,79.936,1,True
6,Monaco Grand Prix,ALO,20.0,2.0,SOFT,17.0,79.287,1,True
6,Monaco Grand Prix,ALO,21.0,2.0,SOFT,18.0,79.246,1,True
6,Monaco Grand Prix,ALO,22.0,2.0,SOFT,19.0,79.169,1,True
6,Monaco Grand Prix,ALO,23.0,2.0,SOFT,20.0,79.157,1,True
6,Monaco Grand Prix,ALO,24.0,2.0,SOFT,21.0,79.072,1,True
6,Monaco Grand Prix,ALO,25.0,2.0,SOFT,22.0,79.017,1,True
6,Monaco Grand Prix,ALO,26.0,2.0,SOFT,23.0,78.881,1,True
6,Monaco Grand Prix,ALO,27.0,2.0,SOFT,24.0,79.287,1,True
6,Monaco Grand Prix,ALO,28.0,2.0,SOFT,25.0,79.172,1,True
6,Monaco Grand Prix,ALO,29.0,2.0,SOFT,26.0,79.251,1,True
6,Monaco Grand Prix,ALO,30.0,2.0,SOFT,27.0,79.23,1,True
6,Monaco Grand Prix,ALO,31.0,2.0,SOFT,28.0,79.014,1,True
6,Monaco Grand Prix,ALO,32.0,2.0,SOFT,29.0,78.798,1,True
6,Monaco Grand Prix,ALO,33.0,2.0,SOFT,30.0,78.696,1,True
6,Monaco Grand Prix,ALO,34.0,2.0,SOFT,31.0,78.754,1,True
6,Monaco Grand Prix,ALO,35.0,2.0,SOFT,32.0,79.137,1,True
6,Monaco Grand Prix,ALO,36.0,2.0,SOFT,33.0,78.911,1,True
6,Monaco Grand Prix,ALO,37.0,2.0,SOFT,34.0,79.01,1,True
6,Monaco Grand Prix,ALO,38.0,2.0,SOFT,35.0,78.898,1,True
6,Monaco Grand Prix,ALO,39.0,2.0,SOFT,36.0,78.896,1,True
6,Monaco Grand Prix,ALO,40.0,2.0,SOFT,37.0,79.02,1,True
6,Monaco Grand Prix,ALO,41.0,2.0,SOFT,38.0,79.215,1,True
6,Monaco Grand Prix,ALO,42.0,2.0,SOFT,39.0,79.414,1,True
6,Monaco Grand Prix,ALO,43.0,2.0,SOFT,40.0,79.699,1,True
6,Monaco Grand Prix,ALO,44.0,2.0,SOFT,41.0,79.618,1,True
6,Monaco Grand Prix,ALO,45.0,2.0,SOFT,42.0,79.913,1,True
6,Monaco Grand Prix,ALO,46.0,2.0,SOFT,43.0,80.144,1,True
6,Monaco Grand Prix,ALO,47.0,2.0,SOFT,44.0,81.262,1,True
6,Monaco Grand Prix,ALO,48.0,2.0,SOFT,45.0,81.05,1,True
6,Monaco Grand Prix,ALO,49.0,2.0,SOFT,46.0,81.64,1,True
6,Monaco Grand Prix,ALO,50.0,2.0,SOFT,47.0,80.924,1,True
6,Monaco Grand Prix,ALO,51.0,2.0,SOFT,48.0,81.245,1,True
6,Monaco Grand Prix,ALO,52.0,2.0,SOFT,49.0,79.528,1,True
6,Monaco Grand Prix,ALO,53.0,2.0,SOFT,50.0,79.985,1,True
6,Monaco Grand Prix,ALO,54.0,2.0,SOFT,51.0,79.72,1,True
6,Monaco Grand Prix,ALO,55.0,2.0,SOFT,52.0,80.968,1,True
6,Monaco Grand Prix,ALO,56.0,2.0,SOFT,53.0,82.466,1,True
6,Monaco Grand Prix,ALO,57.0,2.0,SOFT,54.0,79.628,1,True
6,Monaco Grand Prix,ALO,58.0,2.0,SOFT,55.0,115.284,124,False
6,Monaco Grand Prix,ALO,59.0,3.0,SOFT,1.0,113.313,4,False
6,Monaco Grand Prix,ALO,60.0,4.0,SOFT,2.0,92.376,4,False
6,Monaco Grand Prix,ALO,61.0,4.0,SOFT,3.0,110.181,4,False
6,Monaco Grand Prix,ALO,62.0,4.0,SOFT,4.0,93.687,4,False
6,Monaco Grand Prix,ALO,63.0,4.0,SOFT,5.0,83.982,4,False
6,Monaco Grand Prix,ALO,64.0,4.0,SOFT,6.0,82.122,412,False
6,Monaco Grand Prix,ALO,65.0,4.0,SOFT,7.0,115.551,24,False
6,Monaco Grand Prix,ALO,66.0,5.0,SOFT,8.0,106.295,4,False
6,Monaco Grand Prix,ALO,67.0,5.0,SOFT,9.0,,451,False
6,Monaco Grand Prix,ALO,68.0,6.0,SOFT,9.0,,14,False
6,Monaco Grand Prix,ALO,69.0,7.0,SOFT,9.0,89.317,4,False
6,Monaco Grand Prix,ALO,70.0,7.0,SOFT,10.0,145.293,41,False
6,Monaco Grand Prix,ALO,71.0,7.0,SOFT,11.0,90.552,12,False
6,Monaco Grand Prix,ALO,72.0,7.0,SOFT,12.0,80.898,1,True
6,Monaco Grand Prix,ALO,73.0,7.0,SOFT,13.0,80.15,1,True
6,Monaco Grand Prix,ALO,74.0,7.0,SOFT,14.0,78.301,1,True
6,Monaco Grand Prix,ALO,75.0,7.0,SOFT,15.0,78.056,1,True
6,Monaco Grand Prix,ALO,76.0,7.0,SOFT,16.0,77.276,1,True
6,Monaco Grand Prix,ALO,77.0,7.0,SOFT,17.0,77.12,1,True
6,Monaco Grand Prix,ALO,78.0,7.0,SOFT,18.0,77.14,1,True
6,Monaco Grand Prix,LEC,1.0,1.0,MEDIUM,1.0,85.514,12,False
6,Monaco Grand Prix,LEC,2.0,1.0,MEDIUM,2.0,78.553,1,False
6,Monaco Grand Prix,LEC,3.0,1.0,MEDIUM,3.0,77.793,1,True
6,Monaco Grand Prix,LEC,4.0,1.0,MEDIUM,4.0,77.47,1,True
6,Monaco Grand Prix,LEC,5.0,1.0,MEDIUM,5.0,77.655,1,True
6,Monaco Grand Prix,LEC,6.0,1.0,MEDIUM,6.0,77.74,1,True
6,Monaco Grand Prix,LEC,7.0,1.0,MEDIUM,7.0,77.338,1,True
6,Monaco Grand Prix,LEC,8.0,1.0,MEDIUM,8.0,76.909,1,True
6,Monaco Grand Prix,LEC,9.0,1.0,MEDIUM,9.0,77.188,1,True
6,Monaco Grand Prix,LEC,10.0,1.0,MEDIUM,10.0,76.84,1,True
6,Monaco Grand Prix,LEC,11.0,1.0,MEDIUM,11.0,77.013,1,True
6,Monaco Grand Prix,LEC,12.0,1.0,MEDIUM,12.0,77.56,1,True
6,Monaco Grand Prix,LEC,13.0,1.0,MEDIUM,13.0,77.081,1,True
6,Monaco Grand Prix,LEC,14.0,1.0,MEDIUM,14.0,77.156,1,True
6,Monaco Grand Prix,LEC,15.0,1.0,MEDIUM,15.0,77.313,1,True
6,Monaco Grand Prix,LEC,16.0,1.0,MEDIUM,16.0,77.015,1,True
6,Monaco Grand Prix,LEC,17.0,1.0,MEDIUM,17.0,77.688,1,True
6,Monaco Grand Prix,LEC,18.0,1.0,MEDIUM,18.0,77.363,1,True
6,Monaco Grand Prix,LEC,19.0,1.0,MEDIUM,19.0,77.698,1,True
6,Monaco Grand Prix,LEC,20.0,1.0,MEDIUM,20.0,77.219,1,True
6,Monaco Grand Prix,LEC,21.0,1.0,MEDIUM,21.0,76.881,1,True
6,Monaco Grand Prix,LEC,22.0,1.0,MEDIUM,22.0,76.971,1,True
6,Monaco Grand Prix,LEC,23.0,1.0,MEDIUM,23.0,77.884,1,True
6,Monaco Grand Prix,LEC,24.0,1.0,MEDIUM,24.0,76.955,1,True
6,Monaco Grand Prix,LEC,25.0,1.0,MEDIUM,25.0,76.983,1,True
6,Monaco Grand Prix,LEC,26.0,1.0,MEDIUM,26.0,77.021,1,True
6,Monaco Grand Prix,LEC,27.0,1.0,MEDIUM,27.0,77.168,1,True
6,Monaco Grand Prix,LEC,28.0,1.0,MEDIUM,28.0,77.572,1,True
6,Monaco Grand Prix,LEC,29.0,1.0,MEDIUM,29.0,77.188,1,True
6,Monaco Grand Prix,LEC,30.0,1.0,MEDIUM,30.0,77.07,1,True
6,Monaco Grand Prix,LEC,31.0,1.0,MEDIUM,31.0,77.579,1,True
6,Monaco Grand Prix,LEC,32.0,1.0,MEDIUM,32.0,77.919,1,True
6,Monaco Grand Prix,LEC,33.0,1.0,MEDIUM,33.0,77.666,1,True
6,Monaco Grand Prix,LEC,34.0,1.0,MEDIUM,34.0,77.907,1,True
6,Monaco Grand Prix,LEC,35.0,1.0,MEDIUM,35.0,96.5,1,False
6,Monaco Grand Prix,LEC,36.0,2.0,HARD,1.0,83.426,1,False
6,Monaco Grand Prix,LEC,37.0,2.0,HARD,2.0,77.652,1,True
6,Monaco Grand Prix,LEC,38.0,2.0,HARD,3.0,76.872,1,True
6,Monaco Grand Prix,LEC,39.0,2.0,HARD,4.0,76.569,1,True
6,Monaco Grand Prix,LEC,40.0,2.0,HARD,5.0,76.564,1,True
6,Monaco Grand Prix,LEC,41.0,2.0,HARD,6.0,77.872,1,True
6,Monaco Grand Prix,LEC,42.0,2.0,HARD,7.0,77.536,1,True
6,Monaco Grand Prix,LEC,43.0,2.0,HARD,8.0,76.574,1,True
6,Monaco Grand Prix,LEC,44.0,2.0,HARD,9.0,76.345,1,True
6,Monaco Grand Prix,LEC,45.0,2.0,HARD,10.0,76.538,1,True
6,Monaco Grand Prix,LEC,46.0,2.0,HARD,11.0,76.271,1,True
6,Monaco Grand Prix,LEC,47.0,2.0,HARD,12.0,76.037,1,True
6,Monaco Grand Prix,LEC,48.0,2.0,HARD,13.0,76.217,1,True
6,Monaco Grand Prix,LEC,49.0,2.0,HARD,14.0,76.195,1,True
6,Monaco Grand Prix,LEC,50.0,2.0,HARD,15.0,76.211,1,True
6,Monaco Grand Prix,LEC,51.0,2.0,HARD,16.0,76.474,1,True
6,Monaco Grand Prix,LEC,52.0,2.0,HARD,17.0,76.696,1,True
6,Monaco Grand Prix,LEC,53.0,2.0,HARD,18.0,75.964,1,True
6,Monaco Grand Prix,LEC,54.0,2.0,HARD,19.0,76.15,1,True
6,Monaco Grand Prix,LEC,55.0,2.0,HARD,20.0,76.056,1,True
6,Monaco Grand Prix,LEC,56.0,2.0,HARD,21.0,77.088,1,True
6,Monaco Grand Prix,LEC,57.0,2.0,HARD,22.0,76.393,1,True
6,Monaco Grand Prix,LEC,58.0,2.0,HARD,23.0,76.378,1,True
6,Monaco Grand Prix,LEC,59.0,2.0,HARD,24.0,76.476,1,True
6,Monaco Grand Prix,LEC,60.0,2.0,HARD,25.0,121.657,124,False
6,Monaco Grand Prix,LEC,61.0,3.0,SOFT,5.0,115.305,4,False
6,Monaco Grand Prix,LEC,62.0,4.0,SOFT,6.0,94.67,4,False
6,Monaco Grand Prix,LEC,63.0,4.0,SOFT,7.0,106.85,4,False
6,Monaco Grand Prix,LEC,64.0,4.0,SOFT,8.0,124.443,4,False
6,Monaco Grand Prix,LEC,65.0,4.0,SOFT,9.0,,412,False
6,Monaco Grand Prix,STR,1.0,1.0,MEDIUM,1.0,99.197,12,False
6,Monaco Grand Prix,STR,2.0,1.0,MEDIUM,2.0,82.082,1,False
6,Monaco Grand Prix,STR,3.0,1.0,MEDIUM,3.0,81.9,1,True
6,Monaco Grand Prix,STR,4.0,1.0,MEDIUM,4.0,98.509,1,False
6,Monaco Grand Prix,STR,5.0,2.0,SOFT,1.0,84.018,1,False
6,Monaco Grand Prix,STR,6.0,2.0,SOFT,2.0,79.755,1,True
6,Monaco Grand Prix,STR,7.0,2.0,SOFT,3.0,79.602,1,True
6,Monaco Grand Prix,STR,8.0,2.0,SOFT,4.0,79.176,1,True
6,Monaco Grand Prix,STR,9.0,2.0,SOFT,5.0,79.144,1,True
6,Monaco Grand Prix,STR,10.0,2.0,SOFT,6.0,79.314,1,True
6,Monaco Grand Prix,STR,11.0,2.0,SOFT,7.0,79.543,1,True
6,Monaco Grand Prix,STR,12.0,2.0,SOFT,8.0,79.438,1,True
6,Monaco Grand Prix,STR,13.0,2.0,SOFT,9.0,79.14,1,True
6,Monaco Grand Prix,STR,14.0,2.0,SOFT,10.0,80.9,1,True
6,Monaco Grand Prix,STR,15.0,2.0,SOFT,11.0,81.621,1,True
6,Monaco Grand Prix,STR,16.0,2.0,SOFT,12.0,81.441,1,True
6,Monaco Grand Prix,STR,17.0,2.0,SOFT,13.0,79.611,1,True
6,Monaco Grand Prix,STR,18.0,2.0,SOFT,14.0,79.331,1,True
6,Monaco Grand Prix,STR,19.0,2.0,SOFT,15.0,79.246,1,True
6,Monaco Grand Prix,STR,20.0,2.0,SOFT,16.0,79.147,1,True
6,Monaco Grand Prix,STR,21.0,2.0,SOFT,17.0,79.333,1,True
6,Monaco Grand Prix,STR,22.0,2.0,SOFT,18.0,79.396,1,True
6,Monaco Grand Prix,STR,23.0,2.0,SOFT,19.0,79.471,1,True
6,Monaco Grand Prix,STR,24.0,2.0,SOFT,20.0,79.046,1,True
6,Monaco Grand Prix,STR,25.0,2.0,SOFT,21.0,78.873,1,True
6,Monaco Grand Prix,STR,26.0,2.0,SOFT,22.0,79.243,1,True
6,Monaco Grand Prix,STR,27.0,2.0,SOFT,23.0,79.21,1,True
6,Monaco Grand Prix,STR,28.0,2.0,SOFT,24.0,79.178,1,True
6,Monaco Grand Prix,STR,29.0,2.0,SOFT,25.0,78.968,1,True
6,Monaco Grand Prix,STR,30.0,2.0,SOFT,26.0,79.045,1,True
6,Monaco Grand Prix,STR,31.0,2.0,SOFT,27.0,78.966,1,True
6,Monaco Grand Prix,STR,32.0,2.0,SOFT,28.0,79.052,1,True
6,Monaco Grand Prix,STR,33.0,2.0,SOFT,29.0,79.219,1,True
6,Monaco Grand Prix,STR,34.0,2.0,SOFT,30.0,78.95,1,True
6,Monaco Grand Prix,STR,35.0,2.0,SOFT,31.0,79.099,1,True
6,Monaco Grand Prix,STR,36.0,2.0,SOFT,32.0,78.845,1,True
6,Monaco Grand Prix,STR,37.0,2.0,SOFT,33.0,79.008,1,True
6,Monaco Grand Prix,STR,38.0,2.0,SOFT,34.0,79.192,1,True
6,Monaco Grand Prix,STR,39.0,2.0,SOFT,35.0,79.236,1,True
6,Monaco Grand Prix,STR,40.0,2.0,SOFT,36.0,82.815,1,True
6,Monaco Grand Prix,STR,41.0,2.0,SOFT,37.0,79.36,1,True
6,Monaco Grand Prix,STR,42.0,2.0,SOFT,38.0,78.995,1,True
6,Monaco Grand Prix,STR,43.0,2.0,SOFT,39.0,79.304,1,True
6,Monaco Grand Prix,STR,44.0,2.0,SOFT,40.0,79.428,1,True
6,Monaco Grand Prix,STR,45.0,2.0,SOFT,41.0,79.237,1,True
6,Monaco Grand Prix,STR,46.0,2.0,SOFT,42.0,79.582,1,True
6,Monaco Grand Prix,STR,47.0,2.0,SOFT,43.0,82.15,1,True
6,Monaco Grand Prix,STR,48.0,2.0,SOFT,44.0,83.701,1,True
6,Monaco Grand Prix,STR,49.0,2.0,SOFT,45.0,79.95,1,True
6,Monaco Grand Prix,STR,50.0,2.0,SOFT,46.0,79.361,1,True
6,Monaco Grand Prix,STR,51.0,2.0,SOFT,47.0,79.816,1,True
6,Monaco Grand Prix,STR,52.0,2.0,SOFT,48.0,79.29,1,True
6,Monaco Grand Prix,STR,53.0,2.0,SOFT,49.0,81.326,1,True
6,Monaco Grand Prix,STR,54.0,2.0,SOFT,50.0,83.108,1,True
6,Monaco Grand Prix,STR,55.0,2.0,SOFT,51.0,79.56,1,True
6,Monaco Grand Prix,STR,56.0,2.0,SOFT,52.0,79.333,1,True
6,Monaco Grand Prix,STR,57.0,2.0,SOFT,53.0,,124,False
6,Monaco Grand Prix,ALB,1.0,1.0,MEDIUM,1.0,92.115,12,False
6,Monaco Grand Prix,ALB,2.0,1.0,MEDIUM,2.0,81.06,1,False
6,Monaco Grand Prix,ALB,3.0,1.0,MEDIUM,3.0,80.341,1,True
6,Monaco Grand Prix,ALB,4.0,1.0,MEDIUM,4.0,79.888,1,True
6,Monaco Grand Prix,ALB,5.0,1.0,MEDIUM,5.0,79.662,1,True
6,Monaco Grand Prix,ALB,6.0,1.0,MEDIUM,6.0,79.374,1,True
6,Monaco Grand Prix,ALB,7.0,1.0,MEDIUM,7.0,78.947,1,True
6,Monaco Grand Prix,ALB,8.0,1.0,MEDIUM,8.0,78.742,1,True
6,Monaco Grand Prix,ALB,9.0,1.0,MEDIUM,9.0,78.647,1,True
6,Monaco Grand Prix,ALB,10.0,1.0,MEDIUM,10.0,78.487,1,True
6,Monaco Grand Prix,ALB,11.0,1.0,MEDIUM,11.0,78.578,1,True
6,Monaco Grand Prix,ALB,12.0,1.0,MEDIUM,12.0,78.364,1,True
6,Monaco Grand Prix,ALB,13.0,1.0,MEDIUM,13.0,78.834,1,True
6,Monaco Grand Prix,ALB,14.0,1.0,MEDIUM,14.0,78.836,1,True
6,Monaco Grand Prix,ALB,15.0,1.0,MEDIUM,15.0,78.453,1,True
6,Monaco Grand Prix,ALB,16.0,1.0,MEDIUM,16.0,78.746,1,True
6,Monaco Grand Prix,ALB,17.0,1.0,MEDIUM,17.0,78.725,1,True
6,Monaco Grand Prix,ALB,18.0,1.0,MEDIUM,18.0,78.823,1,True
6,Monaco Grand Prix,ALB,19.0,1.0,MEDIUM,19.0,78.862,1,True
6,Monaco Grand Prix,ALB,20.0,1.0,MEDIUM,20.0,78.724,1,True
6,Monaco Grand Prix,ALB,21.0,1.0,MEDIUM,21.0,79.114,1,True
6,Monaco Grand Prix,ALB,22.0,1.0,MEDIUM,22.0,79.55,1,True
6,Monaco Grand Prix,ALB,23.0,1.0,MEDIUM,23.0,79.12,1,True
6,Monaco Grand Prix,ALB,24.0,1.0,MEDIUM,24.0,79.131,1,True
6,Monaco Grand Prix,ALB,25.0,1.0,MEDIUM,25.0,79.133,1,True
6,Monaco Grand Prix,ALB,26.0,1.0,MEDIUM,26.0,79.319,1,True
6,Monaco Grand Prix,ALB,27.0,1.0,MEDIUM,27.0,78.975,1,True
6,Monaco Grand Prix,ALB,28.0,1.0,MEDIUM,28.0,78.997,1,True
6,Monaco Grand Prix,ALB,29.0,1.0,MEDIUM,29.0,79.119,1,True
6,Monaco Grand Prix,ALB,30.0,1.0,MEDIUM,30.0,79.052,1,True
6,Monaco Grand Prix,ALB,31.0,1.0,MEDIUM,31.0,79.731,1,True
6,Monaco Grand Prix,ALB,32.0,1.0,MEDIUM,32.0,80.849,1,True
6,Monaco Grand Prix,ALB,33.0,1.0,MEDIUM,33.0,79.508,1,True
6,Monaco Grand Prix,ALB,34.0,1.0,MEDIUM,34.0,79.675,1,True
6,Monaco Grand Prix,ALB,35.0,1.0,MEDIUM,35.0,79.622,1,True
6,Monaco Grand Prix,ALB,36.0,1.0,MEDIUM,36.0,79.326,1,True
6,Monaco Grand Prix,ALB,37.0,1.0,MEDIUM,37.0,79.436,1,True
6,Monaco Grand Prix,ALB,38.0,1.0,MEDIUM,38.0,79.891,1,True
6,Monaco Grand Prix,ALB,39.0,1.0,MEDIUM,39.0,82.772,1,True
6,Monaco Grand Prix,ALB,40.0,1.0,MEDIUM,40.0,79.731,1,True
6,Monaco Grand Prix,ALB,41.0,1.0,MEDIUM,41.0,79.424,1,True
6,Monaco Grand Prix,ALB,42.0,1.0,MEDIUM,42.0,79.851,1,True
6,Monaco Grand Prix,ALB,43.0,1.0,MEDIUM,43.0,99.0,1,False
6,Monaco Grand Prix,ALB,44.0,2.0,SOFT,1.0,82.343,1,False
6,Monaco Grand Prix,ALB,45.0,2.0,SOFT,2.0,83.382,1,True
6,Monaco Grand Prix,ALB,46.0,2.0,SOFT,3.0,82.221,1,True
6,Monaco Grand Prix,ALB,47.0,2.0,SOFT,4.0,82.903,1,True
6,Monaco Grand Prix,ALB,48.0,2.0,SOFT,5.0,79.909,1,True
6,Monaco Grand Prix,ALB,49.0,2.0,SOFT,6.0,79.573,1,True
6,Monaco Grand Prix,ALB,50.0,2.0,SOFT,7.0,80.227,1,True
6,Monaco Grand Prix,ALB,51.0,2.0,SOFT,8.0,81.678,1,True
6,Monaco Grand Prix,ALB,52.0,2.0,SOFT,9.0,79.769,1,True
6,Monaco Grand Prix,ALB,53.0,2.0,SOFT,10.0,82.571,1,True
6,Monaco Grand Prix,ALB,54.0,2.0,SOFT,11.0,78.157,1,True
6,Monaco Grand Prix,ALB,55.0,2.0,SOFT,12.0,78.9,1,True
6,Monaco Grand Prix,ALB,56.0,2.0,SOFT,13.0,77.946,1,True
6,Monaco Grand Prix,ALB,57.0,2.0,SOFT,14.0,78.191,1,True
6,Monaco Grand Prix,ALB,58.0,2.0,SOFT,15.0,97.607,124,False
6,Monaco Grand Prix,ALB,59.0,2.0,SOFT,16.0,109.71,4,False
6,Monaco Grand Prix,ALB,60.0,3.0,SOFT,17.0,111.635,4,False
6,Monaco Grand Prix,ALB,61.0,3.0,SOFT,18.0,119.566,4,False
6,Monaco Grand Prix,ALB,62.0,3.0,SOFT,19.0,91.249,4,False
6,Monaco Grand Prix,ALB,63.0,3.0,SOFT,20.0,83.345,4,False
6,Monaco Grand Prix,ALB,64.0,3.0,SOFT,21.0,80.988,412,False
6,Monaco Grand Prix,ALB,65.0,3.0,SOFT,22.0,113.813,24,False
6,Monaco Grand Prix,ALB,66.0,4.0,SOFT,23.0,107.265,4,False
6,Monaco Grand Prix,ALB,67.0,4.0,SOFT,24.0,,451,False
6,Monaco Grand Prix,ALB,68.0,5.0,SOFT,7.0,145.09,14,False
6,Monaco Grand Prix,ALB,69.0,6.0,SOFT,7.0,92.833,4,False
6,Monaco Grand Prix,ALB,70.0,6.0,SOFT,8.0,,41,False
6,Monaco Grand Prix,ALB,71.0,6.0,SOFT,9.0,89.804,12,False
6,Monaco Grand Prix,ALB,72.0,6.0,SOFT,10.0,81.351,1,True
6,Monaco Grand Prix,ALB,73.0,6.0,SOFT,11.0,78.158,1,True
6,Monaco Grand Prix,ALB,74.0,6.0,SOFT,12.0,76.776,1,True
6,Monaco Grand Prix,ALB,75.0,6.0,SOFT,13.0,76.476,1,True
6,Monaco Grand Prix,ALB,76.0,6.0,SOFT,14.0,76.604,1,True
6,Monaco Grand Prix,ALB,77.0,6.0,SOFT,15.0,76.406,1,True
6,Monaco Grand Prix,ALB,78.0,6.0,SOFT,16.0,76.393,1,True
6,Monaco Grand Prix,HUL,1.0,1.0,MEDIUM,1.0,93.75,12,False
6,Monaco Grand Prix,HUL,2.0,1.0,MEDIUM,2.0,81.223,1,False
6,Monaco Grand Prix,HUL,3.0,1.0,MEDIUM,3.0,80.535,1,True
6,Monaco Grand Prix,HUL,4.0,1.0,MEDIUM,4.0,80.016,1,True
6,Monaco Grand Prix,HUL,5.0,1.0,MEDIUM,5.0,80.179,1,True
6,Monaco Grand Prix,HUL,6.0,1.0,MEDIUM,6.0,79.709,1,True
6,Monaco Grand Prix,HUL,7.0,1.0,MEDIUM,7.0,79.182,1,True
6,Monaco Grand Prix,HUL,8.0,1.0,MEDIUM,8.0,79.781,1,True
6,Monaco Grand Prix,HUL,9.0,1.0,MEDIUM,9.0,79.373,1,True
6,Monaco Grand Prix,HUL,10.0,1.0,MEDIUM,10.0,79.75,1,True
6,Monaco Grand Prix,HUL,11.0,1.0,MEDIUM,11.0,78.714,1,True
6,Monaco Grand Prix,HUL,12.0,1.0,MEDIUM,12.0,94.679,1,False
6,Monaco Grand Prix,HUL,13.0,2.0,HARD,1.0,80.349,1,False
6,Monaco Grand Prix,HUL,14.0,2.0,HARD,2.0,76.498,1,True
6,Monaco Grand Prix,HUL,15.0,2.0,HARD,3.0,76.332,1,True
6,Monaco Grand Prix,HUL,16.0,2.0,HARD,4.0,76.369,1,True
6,Monaco Grand Prix,HUL,17.0,2.0,HARD,5.0,76.733,1,True
6,Monaco Grand Prix,HUL,18.0,2.0,HARD,6.0,77.167,1,True
6,Monaco Grand Prix,HUL,19.0,2.0,HARD,7.0,76.824,1,True
6,Monaco Grand Prix,HUL,20.0,2.0,HARD,8.0,78.053,1,True
6,Monaco Grand Prix,HUL,21.0,2.0,HARD,9.0,78.043,1,True
6,Monaco Grand Prix,HUL,22.0,2.0,HARD,10.0,78.124,1,True
6,Monaco Grand Prix,HUL,23.0,2.0,HARD,11.0,78.399,1,True
6,Monaco Grand Prix,HUL,24.0,2.0,HARD,12.0,78.826,1,True
6,Monaco Grand Prix,HUL,25.0,2.0,HARD,13.0,79.19,1,True
6,Monaco Grand Prix,HUL,26.0,2.0,HARD,14.0,78.543,1,True
6,Monaco Grand Prix,HUL,27.0,2.0,HARD,15.0,79.256,1,True
6,Monaco Grand Prix,HUL,28.0,2.0,HARD,16.0,79.789,1,True
6,Monaco Grand Prix,HUL,29.0,2.0,HARD,17.0,79.87,1,True
6,Monaco Grand Prix,HUL,30.0,2.0,HARD,18.0,78.774,1,True
6,Monaco Grand Prix,HUL,31.0,2.0,HARD,19.0,81.04,1,True
6,Monaco Grand Prix,HUL,32.0,2.0,HARD,20.0,79.339,1,True
6,Monaco Grand Prix,HUL,33.0,2.0,HARD,21.0,79.006,1,True
6,Monaco Grand Prix,HUL,34.0,2.0,HARD,22.0,80.295,1,True
6,Monaco Grand Prix,HUL,35.0,2.0,HARD,23.0,81.584,1,True
6,Monaco Grand Prix,HUL,36.0,2.0,HARD,24.0,80.936,1,True
6,Monaco Grand Prix,HUL,37.0,2.0,HARD,25.0,81.164,1,True
6,Monaco Grand Prix,HUL,38.0,2.0,HARD,26.0,82.702,1,True
6,Monaco Grand Prix,HUL,39.0,2.0,HARD,27.0,81.961,1,True
6,Monaco Grand Prix,HUL,40.0,2.0,HARD,28.0,82.432,1,True
6,Monaco Grand Prix,HUL,41.0,2.0,HARD,29.0,81.902,1,True
6,Monaco Grand Prix,HUL,42.0,2.0,HARD,30.0,81.921,1,True
6,Monaco Grand Prix,HUL,43.0,2.0,HARD,31.0,81.492,1,True
6,Monaco Grand Prix,HUL,44.0,2.0,HARD,32.0,80.026,1,True
6,Monaco Grand Prix,HUL,45.0,2.0,HARD,33.0,81.175,1,True
6,Monaco Grand Prix,HUL,46.0,2.0,HARD,34.0,82.241,1,True
6,Monaco Grand Prix,HUL,47.0,2.0,HARD,35.0,82.282,1,True
6,Monaco Grand Prix,HUL,48.0,2.0,HARD,36.0,80.325,1,True
6,Monaco Grand Prix,HUL,49.0,2.0,HARD,37.0,79.608,1,True
6,Monaco Grand Prix,HUL,50.0,2.0,HARD,38.0,80.552,1,True
6,Monaco Grand Prix,HUL,51.0,2.0,HARD,39.0,81.379,1,True
6,Monaco Grand Prix,HUL,52.0,2.0,HARD,40.0,79.399,1,True
6,Monaco Grand Prix,HUL,53.0,2.0,HARD,41.0,83.001,1,True
6,Monaco Grand Prix,HUL,54.0,2.0,HARD,42.0,78.069,1,True
6,Monaco Grand Prix,HUL,55.0,2.0,HARD,43.0,78.879,1,True
6,Monaco Grand Prix,HUL,56.0,2.0,HARD,44.0,78.959,1,True
6,Monaco Grand Prix,HUL,57.0,2.0,HARD,45.0,79.124,1,True
6,Monaco Grand Prix,HUL,58.0,2.0,HARD,46.0,109.494,124,False
6,Monaco Grand Prix,HUL,59.0,3.0,HARD,47.0,114.002,4,False
6,Monaco Grand Prix,HUL,60.0,4.0,HARD,48.0,95.614,4,False
6,Monaco Grand Prix,HUL,61.0,4.0,HARD,49.0,119.046,4,False
6,Monaco Grand Prix,HUL,62.0,4.0,HARD,50.0,91.763,4,False
6,Monaco Grand Prix,HUL,63.0,4.0,HARD,51.0,84.041,4,False
6,Monaco Grand Prix,HUL,64.0,4.0,HARD,52.0,82.177,412,False
6,Monaco Grand Prix,HUL,65.0,4.0,HARD,53.0,113.34,24,False
6,Monaco Grand Prix,HUL,66.0,5.0,HARD,54.0,108.126,4,False
6,Monaco Grand Prix,HUL,67.0,5.0,HARD,55.0,,451,False
6,Monaco Grand Prix,HUL,68.0,6.0,SOFT,1.0,145.851,14,False
6,Monaco Grand Prix,HUL,69.0,7.0,SOFT,2.0,89.974,4,False
6,Monaco Grand Prix,HUL,70.0,7.0,SOFT,3.0,,41,False
6,Monaco Grand Prix,HUL,71.0,7.0,SOFT,4.0,89.192,12,False
6,Monaco Grand Prix,HUL,72.0,7.0,SOFT,5.0,79.754,1,True
6,Monaco Grand Prix,HUL,73.0,7.0,SOFT,6.0,80.075,1,True
6,Monaco Grand Prix,HUL,74.0,7.0,SOFT,7.0,76.748,1,True
6,Monaco Grand Prix,HUL,75.0,7.0,SOFT,8.0,76.353,1,True
6,Monaco Grand Prix,HUL,76.0,7.0,SOFT,9.0,76.734,1,True
6,Monaco Grand Prix,HUL,77.0,7.0,SOFT,10.0,76.49,1,True
6,Monaco Grand Prix,HUL,78.0,7.0,SOFT,11.0,76.511,1,True
6,Monaco Grand Prix,VER,1.0,1.0,MEDIUM,1.0,,12,False
6,Monaco Grand Prix,LAW,1.0,1.0,MEDIUM,1.0,91.318,12,False
6,Monaco Grand Prix,LAW,2.0,1.0,MEDIUM,2.0,80.669,1,False
6,Monaco Grand Prix,LAW,3.0,1.0,MEDIUM,3.0,80.394,1,True
6,Monaco Grand Prix,LAW,4.0,1.0,MEDIUM,4.0,79.683,1,True
6,Monaco Grand Prix,LAW,5.0,1.0,MEDIUM,5.0,79.307,1,True
6,Monaco Grand Prix,LAW,6.0,1.0,MEDIUM,6.0,79.546,1,True
6,Monaco Grand Prix,LAW,7.0,1.0,MEDIUM,7.0,79.053,1,True
6,Monaco Grand Prix,LAW,8.0,1.0,MEDIUM,8.0,78.861,1,True
6,Monaco Grand Prix,LAW,9.0,1.0,MEDIUM,9.0,78.481,1,True
6,Monaco Grand Prix,LAW,10.0,1.0,MEDIUM,10.0,78.474,1,True
6,Monaco Grand Prix,LAW,11.0,1.0,MEDIUM,11.0,78.543,1,True
6,Monaco Grand Prix,LAW,12.0,1.0,MEDIUM,12.0,78.483,1,True
6,Monaco Grand Prix,LAW,13.0,1.0,MEDIUM,13.0,78.515,1,True
6,Monaco Grand Prix,LAW,14.0,1.0,MEDIUM,14.0,78.624,1,True
6,Monaco Grand Prix,LAW,15.0,1.0,MEDIUM,15.0,78.529,1,True
6,Monaco Grand Prix,LAW,16.0,1.0,MEDIUM,16.0,78.72,1,True
6,Monaco Grand Prix,LAW,17.0,1.0,MEDIUM,17.0,78.793,1,True
6,Monaco Grand Prix,LAW,18.0,1.0,MEDIUM,18.0,78.958,1,True
6,Monaco Grand Prix,LAW,19.0,1.0,MEDIUM,19.0,78.941,1,True
6,Monaco Grand Prix,LAW,20.0,1.0,MEDIUM,20.0,78.858,1,True
6,Monaco Grand Prix,LAW,21.0,1.0,MEDIUM,21.0,78.962,1,True
6,Monaco Grand Prix,LAW,22.0,1.0,MEDIUM,22.0,79.047,1,True
6,Monaco Grand Prix,LAW,23.0,1.0,MEDIUM,23.0,79.026,1,True
6,Monaco Grand Prix,LAW,24.0,1.0,MEDIUM,24.0,78.926,1,True
6,Monaco Grand Prix,LAW,25.0,1.0,MEDIUM,25.0,78.88,1,True
6,Monaco Grand Prix,LAW,26.0,1.0,MEDIUM,26.0,79.062,1,True
6,Monaco Grand Prix,LAW,27.0,1.0,MEDIUM,27.0,79.058,1,True
6,Monaco Grand Prix,LAW,28.0,1.0,MEDIUM,28.0,78.744,1,True
6,Monaco Grand Prix,LAW,29.0,1.0,MEDIUM,29.0,78.998,1,True
6,Monaco Grand Prix,LAW,30.0,1.0,MEDIUM,30.0,78.493,1,True
6,Monaco Grand Prix,LAW,31.0,1.0,MEDIUM,31.0,78.7,1,True
6,Monaco Grand Prix,LAW,32.0,1.0,MEDIUM,32.0,79.291,1,True
6,Monaco Grand Prix,LAW,33.0,1.0,MEDIUM,33.0,81.305,1,True
6,Monaco Grand Prix,LAW,34.0,1.0,MEDIUM,34.0,79.949,1,True
6,Monaco Grand Prix,LAW,35.0,1.0,MEDIUM,35.0,78.97,1,True
6,Monaco Grand Prix,LAW,36.0,1.0,MEDIUM,36.0,78.634,1,True
6,Monaco Grand Prix,LAW,37.0,1.0,MEDIUM,37.0,78.602,1,True
6,Monaco Grand Prix,LAW,38.0,1.0,MEDIUM,38.0,78.451,1,True
6,Monaco Grand Prix,LAW,39.0,1.0,MEDIUM,39.0,78.449,1,True
6,Monaco Grand Prix,LAW,40.0,1.0,MEDIUM,40.0,78.576,1,True
6,Monaco Grand Prix,LAW,41.0,1.0,MEDIUM,41.0,78.752,1,True
6,Monaco Grand Prix,LAW,42.0,1.0,MEDIUM,42.0,81.09,1,True
6,Monaco Grand Prix,LAW,43.0,1.0,MEDIUM,43.0,79.403,1,True
6,Monaco Grand Prix,LAW,44.0,1.0,MEDIUM,44.0,97.323,1,False
6,Monaco Grand Prix,LAW,45.0,2.0,SOFT,5.0,84.98,1,False
6,Monaco Grand Prix,LAW,46.0,2.0,SOFT,6.0,78.88,1,True
6,Monaco Grand Prix,LAW,47.0,2.0,SOFT,7.0,77.982,1,True
6,Monaco Grand Prix,LAW,48.0,2.0,SOFT,8.0,77.937,1,True
6,Monaco Grand Prix,LAW,49.0,2.0,SOFT,9.0,77.784,1,True
6,Monaco Grand Prix,LAW,50.0,2.0,SOFT,10.0,77.257,1,True
6,Monaco Grand Prix,LAW,51.0,2.0,SOFT,11.0,77.506,1,True
6,Monaco Grand Prix,LAW,52.0,2.0,SOFT,12.0,77.705,1,True
6,Monaco Grand Prix,LAW,53.0,2.0,SOFT,13.0,77.812,1,True
6,Monaco Grand Prix,LAW,54.0,2.0,SOFT,14.0,77.528,1,True
6,Monaco Grand Prix,LAW,55.0,2.0,SOFT,15.0,77.644,1,True
6,Monaco Grand Prix,LAW,56.0,2.0,SOFT,16.0,78.018,1,True
6,Monaco Grand Prix,LAW,57.0,2.0,SOFT,17.0,77.57,1,True
6,Monaco Grand Prix,LAW,58.0,2.0,SOFT,18.0,78.581,12,False
6,Monaco Grand Prix,LAW,59.0,2.0,SOFT,19.0,107.233,24,False
6,Monaco Grand Prix,LAW,60.0,2.0,SOFT,20.0,114.186,4,False
6,Monaco Grand Prix,LAW,61.0,3.0,SOFT,21.0,87.188,4,False
6,Monaco Grand Prix,LAW,62.0,3.0,SOFT,22.0,104.492,4,False
6,Monaco Grand Prix,LAW,63.0,3.0,SOFT,23.0,103.665,4,False
6,Monaco Grand Prix,LAW,64.0,3.0,SOFT,24.0,79.559,4,False
6,Monaco Grand Prix,LAW,65.0,3.0,SOFT,25.0,80.385,412,False
6,Monaco Grand Prix,LAW,66.0,3.0,SOFT,26.0,115.503,24,False
6,Monaco Grand Prix,LAW,67.0,4.0,SOFT,7.0,103.746,4,False
6,Monaco Grand Prix,LAW,68.0,4.0,SOFT,8.0,,451,False
6,Monaco Grand Prix,LAW,69.0,5.0,SOFT,7.0,95.103,4,False
6,Monaco Grand Prix,LAW,70.0,5.0,SOFT,8.0,,41,False
6,Monaco Grand Prix,LAW,71.0,5.0,SOFT,9.0,88.68,12,False
6,Monaco Grand Prix,LAW,72.0,5.0,SOFT,10.0,79.113,1,True
6,Monaco Grand Prix,LAW,73.0,5.0,SOFT,11.0,77.645,1,True
6,Monaco Grand Prix,LAW,74.0,5.0,SOFT,12.0,76.396,1,True
6,Monaco Grand Prix,LAW,75.0,5.0,SOFT,13.0,76.047,1,True
6,Monaco Grand Prix,LAW,76.0,5.0,SOFT,14.0,75.754,1,True
6,Monaco Grand Prix,LAW,77.0,5.0,SOFT,15.0,75.893,1,True
6,Monaco Grand Prix,LAW,78.0,5.0,SOFT,16.0,75.963,1,True
6,Monaco Grand Prix,OCO,1.0,1.0,MEDIUM,1.0,96.563,12,False
6,Monaco Grand Prix,OCO,2.0,1.0,MEDIUM,2.0,81.663,1,False
6,Monaco Grand Prix,OCO,3.0,1.0,MEDIUM,3.0,80.587,1,True
6,Monaco Grand Prix,OCO,4.0,1.0,MEDIUM,4.0,80.237,1,True
6,Monaco Grand Prix,OCO,5.0,1.0,MEDIUM,5.0,79.445,1,True
6,Monaco Grand Prix,OCO,6.0,1.0,MEDIUM,6.0,79.582,1,True
6,Monaco Grand Prix,OCO,7.0,1.0,MEDIUM,7.0,79.707,1,True
6,Monaco Grand Prix,OCO,8.0,1.0,MEDIUM,8.0,79.322,1,True
6,Monaco Grand Prix,OCO,9.0,1.0,MEDIUM,9.0,97.26,1,False
6,Monaco Grand Prix,OCO,10.0,2.0,HARD,1.0,81.954,1,False
6,Monaco Grand Prix,OCO,11.0,2.0,HARD,2.0,77.948,1,True
6,Monaco Grand Prix,OCO,12.0,2.0,HARD,3.0,77.261,1,True
6,Monaco Grand Prix,OCO,13.0,2.0,HARD,4.0,77.754,1,True
6,Monaco Grand Prix,OCO,14.0,2.0,HARD,5.0,77.46,1,True
6,Monaco Grand Prix,OCO,15.0,2.0,HARD,6.0,77.572,1,True
6,Monaco Grand Prix,OCO,16.0,2.0,HARD,7.0,77.739,1,True
6,Monaco Grand Prix,OCO,17.0,2.0,HARD,8.0,77.733,1,True
6,Monaco Grand Prix,OCO,18.0,2.0,HARD,9.0,77.669,1,True
6,Monaco Grand Prix,OCO,19.0,2.0,HARD,10.0,77.62,1,True
6,Monaco Grand Prix,OCO,20.0,2.0,HARD,11.0,77.728,1,True
6,Monaco Grand Prix,OCO,21.0,2.0,HARD,12.0,77.968,1,True
6,Monaco Grand Prix,OCO,22.0,2.0,HARD,13.0,78.371,1,True
6,Monaco Grand Prix,OCO,23.0,2.0,HARD,14.0,77.882,1,True
6,Monaco Grand Prix,OCO,24.0,2.0,HARD,15.0,77.999,1,True
6,Monaco Grand Prix,OCO,25.0,2.0,HARD,16.0,78.054,1,True
6,Monaco Grand Prix,OCO,26.0,2.0,HARD,17.0,80.682,1,True
6,Monaco Grand Prix,OCO,27.0,2.0,HARD,18.0,78.592,1,True
6,Monaco Grand Prix,OCO,28.0,2.0,HARD,19.0,78.638,1,True
6,Monaco Grand Prix,OCO,29.0,2.0,HARD,20.0,78.676,1,True
6,Monaco Grand Prix,OCO,30.0,2.0,HARD,21.0,78.57,1,True
6,Monaco Grand Prix,OCO,31.0,2.0,HARD,22.0,78.697,1,True
6,Monaco Grand Prix,OCO,32.0,2.0,HARD,23.0,78.96,1,True
6,Monaco Grand Prix,OCO,33.0,2.0,HARD,24.0,78.887,1,True
6,Monaco Grand Prix,OCO,34.0,2.0,HARD,25.0,79.757,1,True
6,Monaco Grand Prix,OCO,35.0,2.0,HARD,26.0,81.488,1,True
6,Monaco Grand Prix,OCO,36.0,2.0,HARD,27.0,80.975,1,True
6,Monaco Grand Prix,OCO,37.0,2.0,HARD,28.0,81.171,1,True
6,Monaco Grand Prix,OCO,38.0,2.0,HARD,29.0,82.642,1,True
6,Monaco Grand Prix,OCO,39.0,2.0,HARD,30.0,81.871,1,True
6,Monaco Grand Prix,OCO,40.0,2.0,HARD,31.0,82.983,1,True
6,Monaco Grand Prix,OCO,41.0,2.0,HARD,32.0,81.348,1,True
6,Monaco Grand Prix,OCO,42.0,2.0,HARD,33.0,81.911,1,True
6,Monaco Grand Prix,OCO,43.0,2.0,HARD,34.0,81.463,1,True
6,Monaco Grand Prix,OCO,44.0,2.0,HARD,35.0,80.256,1,True
6,Monaco Grand Prix,OCO,45.0,2.0,HARD,36.0,81.039,1,True
6,Monaco Grand Prix,OCO,46.0,2.0,HARD,37.0,82.124,1,True
6,Monaco Grand Prix,OCO,47.0,2.0,HARD,38.0,82.188,1,True
6,Monaco Grand Prix,OCO,48.0,2.0,HARD,39.0,80.817,1,True
6,Monaco Grand Prix,OCO,49.0,2.0,HARD,40.0,79.421,1,True
6,Monaco Grand Prix,OCO,50.0,2.0,HARD,41.0,81.521,1,True
6,Monaco Grand Prix,OCO,51.0,2.0,HARD,42.0,80.616,1,True
6,Monaco Grand Prix,OCO,52.0,2.0,HARD,43.0,79.422,1,True
6,Monaco Grand Prix,OCO,53.0,2.0,HARD,44.0,82.74,1,True
6,Monaco Grand Prix,OCO,54.0,2.0,HARD,45.0,79.325,1,True
6,Monaco Grand Prix,OCO,55.0,2.0,HARD,46.0,79.215,1,True
6,Monaco Grand Prix,OCO,56.0,2.0,HARD,47.0,81.786,1,True
6,Monaco Grand Prix,OCO,57.0,2.0,HARD,48.0,81.703,1,True
6,Monaco Grand Prix,OCO,58.0,2.0,HARD,49.0,102.247,124,False
6,Monaco Grand Prix,OCO,59.0,2.0,HARD,50.0,111.511,4,False
6,Monaco Grand Prix,OCO,60.0,3.0,HARD,51.0,96.711,4,False
6,Monaco Grand Prix,OCO,61.0,3.0,HARD,52.0,119.324,4,False
6,Monaco Grand Prix,OCO,62.0,3.0,HARD,53.0,91.759,4,False
6,Monaco Grand Prix,OCO,63.0,3.0,HARD,54.0,84.092,4,False
6,Monaco Grand Prix,OCO,64.0,3.0,HARD,55.0,81.909,412,False
6,Monaco Grand Prix,OCO,65.0,3.0,HARD,56.0,112.434,24,False
6,Monaco Grand Prix,OCO,66.0,4.0,HARD,57.0,107.974,4,False
6,Monaco Grand Prix,OCO,67.0,4.0,HARD,58.0,,451,False
6,Monaco Grand Prix,OCO,68.0,5.0,SOFT,1.0,145.286,14,False
6,Monaco Grand Prix,OCO,69.0,6.0,SOFT,2.0,91.519,4,False
6,Monaco Grand Prix,OCO,70.0,6.0,SOFT,3.0,,41,False
6,Monaco Grand Prix,OCO,71.0,6.0,SOFT,4.0,89.856,12,False
6,Monaco Grand Prix,OCO,72.0,6.0,SOFT,5.0,81.025,1,True
6,Monaco Grand Prix,OCO,73.0,6.0,SOFT,6.0,79.121,1,True
6,Monaco Grand Prix,OCO,74.0,6.0,SOFT,7.0,77.222,1,True
6,Monaco Grand Prix,OCO,75.0,6.0,SOFT,8.0,76.952,1,True
6,Monaco Grand Prix,OCO,76.0,6.0,SOFT,9.0,76.992,1,True
6,Monaco Grand Prix,OCO,77.0,6.0,SOFT,10.0,76.914,1,True
6,Monaco Grand Prix,OCO,78.0,6.0,SOFT,11.0,77.057,1,True
6,Monaco Grand Prix,LIN,1.0,1.0,MEDIUM,1.0,95.957,12,False
6,Monaco Grand Prix,LIN,2.0,1.0,MEDIUM,2.0,81.402,1,False
6,Monaco Grand Prix,LIN,3.0,1.0,MEDIUM,3.0,80.628,1,True
6,Monaco Grand Prix,LIN,4.0,1.0,MEDIUM,4.0,80.116,1,True
6,Monaco Grand Prix,LIN,5.0,1.0,MEDIUM,5.0,79.419,1,True
6,Monaco Grand Prix,LIN,6.0,1.0,MEDIUM,6.0,79.714,1,True
6,Monaco Grand Prix,LIN,7.0,1.0,MEDIUM,7.0,79.709,1,True
6,Monaco Grand Prix,LIN,8.0,1.0,MEDIUM,8.0,79.197,1,True
6,Monaco Grand Prix,LIN,9.0,1.0,MEDIUM,9.0,79.162,1,True
6,Monaco Grand Prix,LIN,10.0,1.0,MEDIUM,10.0,79.815,1,True
6,Monaco Grand Prix,LIN,11.0,1.0,MEDIUM,11.0,78.989,1,True
6,Monaco Grand Prix,LIN,12.0,1.0,MEDIUM,12.0,79.191,1,True
6,Monaco Grand Prix,LIN,13.0,1.0,MEDIUM,13.0,78.999,1,True
6,Monaco Grand Prix,LIN,14.0,1.0,MEDIUM,14.0,78.342,1,True
6,Monaco Grand Prix,LIN,15.0,1.0,MEDIUM,15.0,78.411,1,True
6,Monaco Grand Prix,LIN,16.0,1.0,MEDIUM,16.0,78.552,1,True
6,Monaco Grand Prix,LIN,17.0,1.0,MEDIUM,17.0,79.406,1,True
6,Monaco Grand Prix,LIN,18.0,1.0,MEDIUM,18.0,78.528,1,True
6,Monaco Grand Prix,LIN,19.0,1.0,MEDIUM,19.0,78.44,1,True
6,Monaco Grand Prix,LIN,20.0,1.0,MEDIUM,20.0,78.485,1,True
6,Monaco Grand Prix,LIN,21.0,1.0,MEDIUM,21.0,78.458,1,True
6,Monaco Grand Prix,LIN,22.0,1.0,MEDIUM,22.0,78.683,1,True
6,Monaco Grand Prix,LIN,23.0,1.0,MEDIUM,23.0,78.741,1,True
6,Monaco Grand Prix,LIN,24.0,1.0,MEDIUM,24.0,79.012,1,True
6,Monaco Grand Prix,LIN,25.0,1.0,MEDIUM,25.0,79.152,1,True
6,Monaco Grand Prix,LIN,26.0,1.0,MEDIUM,26.0,79.134,1,True
6,Monaco Grand Prix,LIN,27.0,1.0,MEDIUM,27.0,79.287,1,True
6,Monaco Grand Prix,LIN,28.0,1.0,MEDIUM,28.0,79.018,1,True
6,Monaco Grand Prix,LIN,29.0,1.0,MEDIUM,29.0,80.515,1,True
6,Monaco Grand Prix,LIN,30.0,1.0,MEDIUM,30.0,79.047,1,True
6,Monaco Grand Prix,LIN,31.0,1.0,MEDIUM,31.0,79.313,1,True
6,Monaco Grand Prix,LIN,32.0,1.0,MEDIUM,32.0,79.203,1,True
6,Monaco Grand Prix,LIN,33.0,1.0,MEDIUM,33.0,80.074,1,True
6,Monaco Grand Prix,LIN,34.0,1.0,MEDIUM,34.0,80.969,1,True
6,Monaco Grand Prix,LIN,35.0,1.0,MEDIUM,35.0,81.758,1,True
6,Monaco Grand Prix,LIN,36.0,1.0,MEDIUM,36.0,81.074,1,True
6,Monaco Grand Prix,LIN,37.0,1.0,MEDIUM,37.0,81.122,1,True
6,Monaco Grand Prix,LIN,38.0,1.0,MEDIUM,38.0,81.743,1,True
6,Monaco Grand Prix,LIN,39.0,1.0,MEDIUM,39.0,82.851,1,True
6,Monaco Grand Prix,LIN,40.0,1.0,MEDIUM,40.0,81.813,1,True
6,Monaco Grand Prix,LIN,41.0,1.0,MEDIUM,41.0,82.619,1,True
6,Monaco Grand Prix,LIN,42.0,1.0,MEDIUM,42.0,81.906,1,True
6,Monaco Grand Prix,LIN,43.0,1.0,MEDIUM,43.0,81.455,1,True
6,Monaco Grand Prix,LIN,44.0,1.0,MEDIUM,44.0,79.907,1,True
6,Monaco Grand Prix,LIN,45.0,1.0,MEDIUM,45.0,81.326,1,True
6,Monaco Grand Prix,LIN,46.0,1.0,MEDIUM,46.0,82.295,1,True
6,Monaco Grand Prix,LIN,47.0,1.0,MEDIUM,47.0,82.248,1,True
6,Monaco Grand Prix,LIN,48.0,1.0,MEDIUM,48.0,78.882,1,True
6,Monaco Grand Prix,LIN,49.0,1.0,MEDIUM,49.0,78.655,1,True
6,Monaco Grand Prix,LIN,50.0,1.0,MEDIUM,50.0,78.746,1,True
6,Monaco Grand Prix,LIN,51.0,1.0,MEDIUM,51.0,78.891,1,True
6,Monaco Grand Prix,LIN,52.0,1.0,MEDIUM,52.0,81.909,1,True
6,Monaco Grand Prix,LIN,53.0,1.0,MEDIUM,53.0,79.248,1,True
6,Monaco Grand Prix,LIN,54.0,1.0,MEDIUM,54.0,78.942,1,True
6,Monaco Grand Prix,LIN,55.0,1.0,MEDIUM,55.0,79.0,1,True
6,Monaco Grand Prix,LIN,56.0,1.0,MEDIUM,56.0,79.652,1,True
6,Monaco Grand Prix,LIN,57.0,1.0,MEDIUM,57.0,80.994,1,True
6,Monaco Grand Prix,LIN,58.0,1.0,MEDIUM,58.0,96.82,124,False
6,Monaco Grand Prix,LIN,59.0,1.0,MEDIUM,59.0,111.112,4,False
6,Monaco Grand Prix,LIN,60.0,2.0,MEDIUM,60.0,112.205,4,False
6,Monaco Grand Prix,LIN,61.0,2.0,MEDIUM,61.0,119.596,4,False
6,Monaco Grand Prix,LIN,62.0,2.0,MEDIUM,62.0,88.831,4,False
6,Monaco Grand Prix,LIN,63.0,2.0,MEDIUM,63.0,85.122,4,False
6,Monaco Grand Prix,LIN,64.0,2.0,MEDIUM,64.0,82.124,412,False
6,Monaco Grand Prix,LIN,65.0,2.0,MEDIUM,65.0,112.993,24,False
6,Monaco Grand Prix,LIN,66.0,3.0,MEDIUM,66.0,107.083,4,False
6,Monaco Grand Prix,LIN,67.0,3.0,MEDIUM,67.0,,451,False
6,Monaco Grand Prix,LIN,68.0,4.0,SOFT,1.0,145.523,14,False
6,Monaco Grand Prix,LIN,69.0,5.0,SOFT,1.0,92.743,4,False
6,Monaco Grand Prix,LIN,70.0,5.0,SOFT,2.0,,41,False
6,Monaco Grand Prix,LIN,71.0,5.0,SOFT,3.0,89.062,12,False
6,Monaco Grand Prix,LIN,72.0,5.0,SOFT,4.0,79.275,1,True
6,Monaco Grand Prix,LIN,73.0,5.0,SOFT,5.0,78.393,1,True
6,Monaco Grand Prix,LIN,74.0,5.0,SOFT,6.0,76.789,1,True
6,Monaco Grand Prix,LIN,75.0,5.0,SOFT,7.0,76.245,1,True
6,Monaco Grand Prix,LIN,76.0,5.0,SOFT,8.0,75.908,1,True
6,Monaco Grand Prix,LIN,77.0,5.0,SOFT,9.0,75.92,1,True
6,Monaco Grand Prix,LIN,78.0,5.0,SOFT,10.0,75.96,1,True
6,Monaco Grand Prix,COL,1.0,1.0,MEDIUM,1.0,94.728,12,False
6,Monaco Grand Prix,COL,2.0,1.0,MEDIUM,2.0,81.158,1,False
6,Monaco Grand Prix,COL,3.0,1.0,MEDIUM,3.0,80.483,1,True
6,Monaco Grand Prix,COL,4.0,1.0,MEDIUM,4.0,80.159,1,True
6,Monaco Grand Prix,COL,5.0,1.0,MEDIUM,5.0,80.084,1,True
6,Monaco Grand Prix,COL,6.0,1.0,MEDIUM,6.0,79.89,1,True
6,Monaco Grand Prix,COL,7.0,1.0,MEDIUM,7.0,79.427,1,True
6,Monaco Grand Prix,COL,8.0,1.0,MEDIUM,8.0,79.631,1,True
6,Monaco Grand Prix,COL,9.0,1.0,MEDIUM,9.0,78.824,1,True
6,Monaco Grand Prix,COL,10.0,1.0,MEDIUM,10.0,80.143,1,True
6,Monaco Grand Prix,COL,11.0,1.0,MEDIUM,11.0,78.682,1,True
6,Monaco Grand Prix,COL,12.0,1.0,MEDIUM,12.0,78.891,1,True
6,Monaco Grand Prix,COL,13.0,1.0,MEDIUM,13.0,78.417,1,True
6,Monaco Grand Prix,COL,14.0,1.0,MEDIUM,14.0,78.352,1,True
6,Monaco Grand Prix,COL,15.0,1.0,MEDIUM,15.0,78.809,1,True
6,Monaco Grand Prix,COL,16.0,1.0,MEDIUM,16.0,78.493,1,True
6,Monaco Grand Prix,COL,17.0,1.0,MEDIUM,17.0,78.227,1,True
6,Monaco Grand Prix,COL,18.0,1.0,MEDIUM,18.0,78.676,1,True
6,Monaco Grand Prix,COL,19.0,1.0,MEDIUM,19.0,78.695,1,True
6,Monaco Grand Prix,COL,20.0,1.0,MEDIUM,20.0,78.76,1,True
6,Monaco Grand Prix,COL,21.0,1.0,MEDIUM,21.0,78.708,1,True
6,Monaco Grand Prix,COL,22.0,1.0,MEDIUM,22.0,78.784,1,True
6,Monaco Grand Prix,COL,23.0,1.0,MEDIUM,23.0,79.127,1,True
6,Monaco Grand Prix,COL,24.0,1.0,MEDIUM,24.0,79.087,1,True
6,Monaco Grand Prix,COL,25.0,1.0,MEDIUM,25.0,79.138,1,True
6,Monaco Grand Prix,COL,26.0,1.0,MEDIUM,26.0,79.121,1,True
6,Monaco Grand Prix,COL,27.0,1.0,MEDIUM,27.0,79.18,1,True
6,Monaco Grand Prix,COL,28.0,1.0,MEDIUM,28.0,78.754,1,True
6,Monaco Grand Prix,COL,29.0,1.0,MEDIUM,29.0,79.837,1,True
6,Monaco Grand Prix,COL,30.0,1.0,MEDIUM,30.0,80.13,1,True
6,Monaco Grand Prix,COL,31.0,1.0,MEDIUM,31.0,79.382,1,True
6,Monaco Grand Prix,COL,32.0,1.0,MEDIUM,32.0,79.522,1,True
6,Monaco Grand Prix,COL,33.0,1.0,MEDIUM,33.0,79.742,1,True
6,Monaco Grand Prix,COL,34.0,1.0,MEDIUM,34.0,81.727,1,True
6,Monaco Grand Prix,COL,35.0,1.0,MEDIUM,35.0,99.849,1,False
6,Monaco Grand Prix,COL,36.0,2.0,HARD,1.0,81.423,1,False
6,Monaco Grand Prix,COL,37.0,2.0,HARD,2.0,77.418,1,True
6,Monaco Grand Prix,COL,38.0,2.0,HARD,3.0,76.852,1,True
6,Monaco Grand Prix,COL,39.0,2.0,HARD,4.0,80.057,1,True
6,Monaco Grand Prix,COL,40.0,2.0,HARD,5.0,79.09,1,True
6,Monaco Grand Prix,COL,41.0,2.0,HARD,6.0,80.543,1,True
6,Monaco Grand Prix,COL,42.0,2.0,HARD,7.0,81.845,1,True
6,Monaco Grand Prix,COL,43.0,2.0,HARD,8.0,81.644,1,True
6,Monaco Grand Prix,COL,44.0,2.0,HARD,9.0,80.054,1,True
6,Monaco Grand Prix,COL,45.0,2.0,HARD,10.0,80.894,1,True
6,Monaco Grand Prix,COL,46.0,2.0,HARD,11.0,82.231,1,True
6,Monaco Grand Prix,COL,47.0,2.0,HARD,12.0,82.125,1,True
6,Monaco Grand Prix,COL,48.0,2.0,HARD,13.0,81.306,1,True
6,Monaco Grand Prix,COL,49.0,2.0,HARD,14.0,80.53,1,True
6,Monaco Grand Prix,COL,50.0,2.0,HARD,15.0,81.165,1,True
6,Monaco Grand Prix,COL,51.0,2.0,HARD,16.0,79.635,1,True
6,Monaco Grand Prix,COL,52.0,2.0,HARD,17.0,81.035,1,True
6,Monaco Grand Prix,COL,53.0,2.0,HARD,18.0,80.66,1,True
6,Monaco Grand Prix,COL,54.0,2.0,HARD,19.0,79.678,1,True
6,Monaco Grand Prix,COL,55.0,2.0,HARD,20.0,79.258,1,True
6,Monaco Grand Prix,COL,56.0,2.0,HARD,21.0,82.493,1,True
6,Monaco Grand Prix,COL,57.0,2.0,HARD,22.0,80.523,1,True
6,Monaco Grand Prix,COL,58.0,2.0,HARD,23.0,103.252,124,False
6,Monaco Grand Prix,COL,59.0,2.0,HARD,24.0,115.405,4,False
6,Monaco Grand Prix,COL,60.0,3.0,HARD,25.0,93.555,4,False
6,Monaco Grand Prix,COL,61.0,3.0,HARD,26.0,118.025,4,False
6,Monaco Grand Prix,COL,62.0,3.0,HARD,27.0,93.04,4,False
6,Monaco Grand Prix,COL,63.0,3.0,HARD,28.0,84.708,4,False
6,Monaco Grand Prix,COL,64.0,3.0,HARD,29.0,81.664,412,False
6,Monaco Grand Prix,COL,65.0,3.0,HARD,30.0,116.957,24,False
6,Monaco Grand Prix,COL,66.0,4.0,HARD,31.0,105.556,4,False
6,Monaco Grand Prix,COL,67.0,4.0,HARD,32.0,,451,False
6,Monaco Grand Prix,COL,68.0,5.0,SOFT,1.0,,14,False
6,Monaco Grand Prix,COL,69.0,6.0,SOFT,1.0,89.741,4,False
6,Monaco Grand Prix,COL,70.0,6.0,SOFT,2.0,147.871,41,False
6,Monaco Grand Prix,COL,71.0,6.0,SOFT,3.0,99.346,12,False
6,Monaco Grand Prix,COL,72.0,6.0,SOFT,4.0,79.699,1,True
6,Monaco Grand Prix,COL,73.0,6.0,SOFT,5.0,78.642,1,True
6,Monaco Grand Prix,COL,74.0,6.0,SOFT,6.0,76.316,1,True
6,Monaco Grand Prix,COL,75.0,6.0,SOFT,7.0,76.531,1,True
6,Monaco Grand Prix,COL,76.0,6.0,SOFT,8.0,77.519,1,True
6,Monaco Grand Prix,COL,77.0,6.0,SOFT,9.0,77.095,1,True
6,Monaco Grand Prix,COL,78.0,6.0,SOFT,10.0,76.654,1,True
6,Monaco Grand Prix,HAM,1.0,1.0,MEDIUM,1.0,84.337,12,False
6,Monaco Grand Prix,HAM,2.0,1.0,MEDIUM,2.0,78.745,1,False
6,Monaco Grand Prix,HAM,3.0,1.0,MEDIUM,3.0,77.678,1,True
6,Monaco Grand Prix,HAM,4.0,1.0,MEDIUM,4.0,77.078,1,True
6,Monaco Grand Prix,HAM,5.0,1.0,MEDIUM,5.0,77.058,1,True
6,Monaco Grand Prix,HAM,6.0,1.0,MEDIUM,6.0,76.7,1,True
6,Monaco Grand Prix,HAM,7.0,1.0,MEDIUM,7.0,76.587,1,True
6,Monaco Grand Prix,HAM,8.0,1.0,MEDIUM,8.0,77.005,1,True
6,Monaco Grand Prix,HAM,9.0,1.0,MEDIUM,9.0,76.641,1,True
6,Monaco Grand Prix,HAM,10.0,1.0,MEDIUM,10.0,76.841,1,True
6,Monaco Grand Prix,HAM,11.0,1.0,MEDIUM,11.0,77.136,1,True
6,Monaco Grand Prix,HAM,12.0,1.0,MEDIUM,12.0,77.234,1,True
6,Monaco Grand Prix,HAM,13.0,1.0,MEDIUM,13.0,77.028,1,True
6,Monaco Grand Prix,HAM,14.0,1.0,MEDIUM,14.0,76.99,1,True
6,Monaco Grand Prix,HAM,15.0,1.0,MEDIUM,15.0,76.912,1,True
6,Monaco Grand Prix,HAM,16.0,1.0,MEDIUM,16.0,77.014,1,True
6,Monaco Grand Prix,HAM,17.0,1.0,MEDIUM,17.0,77.239,1,True
6,Monaco Grand Prix,HAM,18.0,1.0,MEDIUM,18.0,77.029,1,True
6,Monaco Grand Prix,HAM,19.0,1.0,MEDIUM,19.0,77.271,1,True
6,Monaco Grand Prix,HAM,20.0,1.0,MEDIUM,20.0,77.119,1,True
6,Monaco Grand Prix,HAM,21.0,1.0,MEDIUM,21.0,77.076,1,True
6,Monaco Grand Prix,HAM,22.0,1.0,MEDIUM,22.0,77.249,1,True
6,Monaco Grand Prix,HAM,23.0,1.0,MEDIUM,23.0,77.38,1,True
6,Monaco Grand Prix,HAM,24.0,1.0,MEDIUM,24.0,77.783,1,True
6,Monaco Grand Prix,HAM,25.0,1.0,MEDIUM,25.0,77.734,1,True
6,Monaco Grand Prix,HAM,26.0,1.0,MEDIUM,26.0,77.988,1,True
6,Monaco Grand Prix,HAM,27.0,1.0,MEDIUM,27.0,78.225,1,True
6,Monaco Grand Prix,HAM,28.0,1.0,MEDIUM,28.0,94.17,1,False
6,Monaco Grand Prix,HAM,29.0,2.0,HARD,1.0,80.829,1,False
6,Monaco Grand Prix,HAM,30.0,2.0,HARD,2.0,77.692,1,True
6,Monaco Grand Prix,HAM,31.0,2.0,HARD,3.0,76.519,1,True
6,Monaco Grand Prix,HAM,32.0,2.0,HARD,4.0,76.552,1,True
6,Monaco Grand Prix,HAM,33.0,2.0,HARD,5.0,76.66,1,True
6,Monaco Grand Prix,HAM,34.0,2.0,HARD,6.0,76.8,1,True
6,Monaco Grand Prix,HAM,35.0,2.0,HARD,7.0,76.758,1,True
6,Monaco Grand Prix,HAM,36.0,2.0,HARD,8.0,76.566,1,True
6,Monaco Grand Prix,HAM,37.0,2.0,HARD,9.0,77.434,1,True
6,Monaco Grand Prix,HAM,38.0,2.0,HARD,10.0,77.376,1,True
6,Monaco Grand Prix,HAM,39.0,2.0,HARD,11.0,78.471,1,True
6,Monaco Grand Prix,HAM,40.0,2.0,HARD,12.0,77.683,1,True
6,Monaco Grand Prix,HAM,41.0,2.0,HARD,13.0,77.389,1,True
6,Monaco Grand Prix,HAM,42.0,2.0,HARD,14.0,77.112,1,True
6,Monaco Grand Prix,HAM,43.0,2.0,HARD,15.0,77.26,1,True
6,Monaco Grand Prix,HAM,44.0,2.0,HARD,16.0,77.128,1,True
6,Monaco Grand Prix,HAM,45.0,2.0,HARD,17.0,76.793,1,True
6,Monaco Grand Prix,HAM,46.0,2.0,HARD,18.0,76.657,1,True
6,Monaco Grand Prix,HAM,47.0,2.0,HARD,19.0,76.849,1,True
6,Monaco Grand Prix,HAM,48.0,2.0,HARD,20.0,77.189,1,True
6,Monaco Grand Prix,HAM,49.0,2.0,HARD,21.0,77.188,1,True
6,Monaco Grand Prix,HAM,50.0,2.0,HARD,22.0,77.052,1,True
6,Monaco Grand Prix,HAM,51.0,2.0,HARD,23.0,76.695,1,True
6,Monaco Grand Prix,HAM,52.0,2.0,HARD,24.0,76.661,1,True
6,Monaco Grand Prix,HAM,53.0,2.0,HARD,25.0,76.677,1,True
6,Monaco Grand Prix,HAM,54.0,2.0,HARD,26.0,76.689,1,True
6,Monaco Grand Prix,HAM,55.0,2.0,HARD,27.0,76.767,1,True
6,Monaco Grand Prix,HAM,56.0,2.0,HARD,28.0,76.507,1,True
6,Monaco Grand Prix,HAM,57.0,2.0,HARD,29.0,76.656,1,True
6,Monaco Grand Prix,HAM,58.0,2.0,HARD,30.0,76.877,1,True
6,Monaco Grand Prix,HAM,59.0,2.0,HARD,31.0,76.278,1,True
6,Monaco Grand Prix,HAM,60.0,2.0,HARD,32.0,116.118,124,False
6,Monaco Grand Prix,HAM,61.0,3.0,SOFT,5.0,120.346,4,False
6,Monaco Grand Prix,HAM,62.0,4.0,SOFT,6.0,92.261,4,False
6,Monaco Grand Prix,HAM,63.0,4.0,SOFT,7.0,110.782,4,False
6,Monaco Grand Prix,HAM,64.0,4.0,SOFT,8.0,125.394,4,False
6,Monaco Grand Prix,HAM,65.0,4.0,SOFT,9.0,118.178,412,False
6,Monaco Grand Prix,HAM,66.0,4.0,SOFT,10.0,113.272,24,False
6,Monaco Grand Prix,HAM,67.0,5.0,SOFT,11.0,104.297,4,False
6,Monaco Grand Prix,HAM,68.0,5.0,SOFT,12.0,,451,False
6,Monaco Grand Prix,HAM,69.0,6.0,SOFT,5.0,102.193,14,False
6,Monaco Grand Prix,HAM,70.0,6.0,SOFT,6.0,,41,False
6,Monaco Grand Prix,HAM,71.0,6.0,SOFT,7.0,81.009,12,False
6,Monaco Grand Prix,HAM,72.0,6.0,SOFT,8.0,75.469,1,True
6,Monaco Grand Prix,HAM,73.0,6.0,SOFT,9.0,74.969,1,True
6,Monaco Grand Prix,HAM,74.0,6.0,SOFT,10.0,74.643,1,True
6,Monaco Grand Prix,HAM,75.0,6.0,SOFT,11.0,74.726,1,True
6,Monaco Grand Prix,HAM,76.0,6.0,SOFT,12.0,75.049,1,True
6,Monaco Grand Prix,HAM,77.0,6.0,SOFT,13.0,75.33,1,True
6,Monaco Grand Prix,HAM,78.0,6.0,SOFT,14.0,75.791,1,True
6,Monaco Grand Prix,BOR,1.0,1.0,SOFT,1.0,118.809,12,False
6,Monaco Grand Prix,BOR,2.0,2.0,HARD,1.0,84.797,1,False
6,Monaco Grand Prix,BOR,3.0,2.0,HARD,2.0,81.267,1,True
6,Monaco Grand Prix,BOR,4.0,2.0,HARD,3.0,81.687,1,True
6,Monaco Grand Prix,BOR,5.0,2.0,HARD,4.0,81.68,1,True
6,Monaco Grand Prix,BOR,6.0,2.0,HARD,5.0,81.412,1,True
6,Monaco Grand Prix,BOR,7.0,2.0,HARD,6.0,81.109,1,True
6,Monaco Grand Prix,BOR,8.0,2.0,HARD,7.0,80.555,1,True
6,Monaco Grand Prix,BOR,9.0,2.0,HARD,8.0,80.673,1,True
6,Monaco Grand Prix,BOR,10.0,2.0,HARD,9.0,83.902,1,True
6,Monaco Grand Prix,BOR,11.0,2.0,HARD,10.0,82.701,1,True
6,Monaco Grand Prix,BOR,12.0,2.0,HARD,11.0,81.444,1,True
6,Monaco Grand Prix,BOR,13.0,2.0,HARD,12.0,81.892,1,True
6,Monaco Grand Prix,BOR,14.0,2.0,HARD,13.0,80.879,1,True
6,Monaco Grand Prix,BOR,15.0,2.0,HARD,14.0,81.083,1,True
6,Monaco Grand Prix,BOR,16.0,2.0,HARD,15.0,83.944,1,True
6,Monaco Grand Prix,BOR,17.0,2.0,HARD,16.0,78.33,1,True
6,Monaco Grand Prix,BOR,18.0,2.0,HARD,17.0,78.193,1,True
6,Monaco Grand Prix,BOR,19.0,2.0,HARD,18.0,77.908,1,True
6,Monaco Grand Prix,BOR,20.0,2.0,HARD,19.0,78.329,1,True
6,Monaco Grand Prix,BOR,21.0,2.0,HARD,20.0,78.469,1,True
6,Monaco Grand Prix,BOR,22.0,2.0,HARD,21.0,78.077,1,True
6,Monaco Grand Prix,BOR,23.0,2.0,HARD,22.0,78.042,1,True
6,Monaco Grand Prix,BOR,24.0,2.0,HARD,23.0,78.071,1,True
6,Monaco Grand Prix,BOR,25.0,2.0,HARD,24.0,78.424,1,True
6,Monaco Grand Prix,BOR,26.0,2.0,HARD,25.0,77.906,1,True
6,Monaco Grand Prix,BOR,27.0,2.0,HARD,26.0,78.096,1,True
6,Monaco Grand Prix,BOR,28.0,2.0,HARD,27.0,78.897,1,True
6,Monaco Grand Prix,BOR,29.0,2.0,HARD,28.0,78.442,1,True
6,Monaco Grand Prix,BOR,30.0,2.0,HARD,29.0,78.765,1,True
6,Monaco Grand Prix,BOR,31.0,2.0,HARD,30.0,78.29,1,True
6,Monaco Grand Prix,BOR,32.0,2.0,HARD,31.0,78.092,1,True
6,Monaco Grand Prix,BOR,33.0,2.0,HARD,32.0,78.137,1,True
6,Monaco Grand Prix,BOR,34.0,2.0,HARD,33.0,78.233,1,True
6,Monaco Grand Prix,BOR,35.0,2.0,HARD,34.0,80.013,1,True
6,Monaco Grand Prix,BOR,36.0,2.0,HARD,35.0,79.671,1,True
6,Monaco Grand Prix,BOR,37.0,2.0,HARD,36.0,79.905,1,True
6,Monaco Grand Prix,BOR,38.0,2.0,HARD,37.0,81.936,1,True
6,Monaco Grand Prix,BOR,39.0,2.0,HARD,38.0,80.369,1,True
6,Monaco Grand Prix,BOR,40.0,2.0,HARD,39.0,81.026,1,True
6,Monaco Grand Prix,BOR,41.0,2.0,HARD,40.0,80.793,1,True
6,Monaco Grand Prix,BOR,42.0,2.0,HARD,41.0,82.157,1,True
6,Monaco Grand Prix,BOR,43.0,2.0,HARD,42.0,98.02,1,False
6,Monaco Grand Prix,BOR,44.0,3.0,MEDIUM,1.0,81.76,1,False
6,Monaco Grand Prix,BOR,45.0,3.0,MEDIUM,2.0,77.416,1,True
6,Monaco Grand Prix,BOR,46.0,3.0,MEDIUM,3.0,76.803,1,True
6,Monaco Grand Prix,BOR,47.0,3.0,MEDIUM,4.0,76.86,1,True
6,Monaco Grand Prix,BOR,48.0,3.0,MEDIUM,5.0,77.182,1,True
6,Monaco Grand Prix,BOR,49.0,3.0,MEDIUM,6.0,79.353,1,True
6,Monaco Grand Prix,BOR,50.0,3.0,MEDIUM,7.0,82.9,1,True
6,Monaco Grand Prix,BOR,51.0,3.0,MEDIUM,8.0,78.396,1,True
6,Monaco Grand Prix,BOR,52.0,3.0,MEDIUM,9.0,78.553,1,True
6,Monaco Grand Prix,BOR,53.0,3.0,MEDIUM,10.0,81.318,1,True
6,Monaco Grand Prix,BOR,54.0,3.0,MEDIUM,11.0,79.58,1,True
6,Monaco Grand Prix,BOR,55.0,3.0,MEDIUM,12.0,81.885,1,True
6,Monaco Grand Prix,BOR,56.0,3.0,MEDIUM,13.0,84.868,1,True
6,Monaco Grand Prix,BOR,57.0,3.0,MEDIUM,14.0,82.509,124,False
6,Monaco Grand Prix,BOR,58.0,3.0,MEDIUM,15.0,117.271,4,False
6,Monaco Grand Prix,BOR,59.0,4.0,MEDIUM,16.0,116.861,4,False
6,Monaco Grand Prix,BOR,60.0,5.0,SOFT,1.0,83.815,4,False
6,Monaco Grand Prix,BOR,61.0,5.0,SOFT,2.0,83.938,4,False
6,Monaco Grand Prix,BOR,62.0,5.0,SOFT,3.0,93.942,4,False
6,Monaco Grand Prix,BOR,63.0,5.0,SOFT,4.0,81.089,4,False
6,Monaco Grand Prix,BOR,64.0,5.0,SOFT,5.0,82.88,412,False
6,Monaco Grand Prix,BOR,65.0,5.0,SOFT,6.0,115.078,24,False
6,Monaco Grand Prix,BOR,66.0,6.0,SOFT,7.0,105.268,4,False
6,Monaco Grand Prix,BOR,67.0,6.0,SOFT,8.0,,451,False
6,Monaco Grand Prix,BOR,68.0,7.0,SOFT,1.0,146.26,14,False
6,Monaco Grand Prix,BOR,69.0,8.0,SOFT,2.0,87.452,4,False
6,Monaco Grand Prix,BOR,70.0,8.0,SOFT,3.0,143.7,41,False
6,Monaco Grand Prix,BOR,71.0,8.0,SOFT,4.0,94.851,12,False
6,Monaco Grand Prix,BOR,72.0,8.0,SOFT,5.0,77.484,1,True
6,Monaco Grand Prix,BOR,73.0,8.0,SOFT,6.0,79.306,1,True
6,Monaco Grand Prix,BOR,74.0,8.0,SOFT,7.0,78.224,1,True
6,Monaco Grand Prix,BOR,75.0,8.0,SOFT,8.0,77.897,1,True
6,Monaco Grand Prix,BOR,76.0,8.0,SOFT,9.0,77.588,1,True
6,Monaco Grand Prix,BOR,77.0,8.0,SOFT,10.0,77.104,1,True
6,Monaco Grand Prix,BOR,78.0,8.0,SOFT,11.0,77.312,1,True
6,Monaco Grand Prix,SAI,1.0,1.0,MEDIUM,1.0,93.309,12,False
6,Monaco Grand Prix,SAI,2.0,1.0,MEDIUM,2.0,81.138,1,False
6,Monaco Grand Prix,SAI,3.0,1.0,MEDIUM,3.0,80.513,1,True
6,Monaco Grand Prix,SAI,4.0,1.0,MEDIUM,4.0,80.153,1,True
6,Monaco Grand Prix,SAI,5.0,1.0,MEDIUM,5.0,79.896,1,True
6,Monaco Grand Prix,SAI,6.0,1.0,MEDIUM,6.0,79.699,1,True
6,Monaco Grand Prix,SAI,7.0,1.0,MEDIUM,7.0,79.364,1,True
6,Monaco Grand Prix,SAI,8.0,1.0,MEDIUM,8.0,79.122,1,True
6,Monaco Grand Prix,SAI,9.0,1.0,MEDIUM,9.0,79.068,1,True
6,Monaco Grand Prix,SAI,10.0,1.0,MEDIUM,10.0,78.725,1,True
6,Monaco Grand Prix,SAI,11.0,1.0,MEDIUM,11.0,78.86,1,True
6,Monaco Grand Prix,SAI,12.0,1.0,MEDIUM,12.0,78.858,1,True
6,Monaco Grand Prix,SAI,13.0,1.0,MEDIUM,13.0,78.653,1,True
6,Monaco Grand Prix,SAI,14.0,1.0,MEDIUM,14.0,79.22,1,True
6,Monaco Grand Prix,SAI,15.0,1.0,MEDIUM,15.0,78.525,1,True
6,Monaco Grand Prix,SAI,16.0,1.0,MEDIUM,16.0,78.502,1,True
6,Monaco Grand Prix,SAI,17.0,1.0,MEDIUM,17.0,78.386,1,True
6,Monaco Grand Prix,SAI,18.0,1.0,MEDIUM,18.0,78.476,1,True
6,Monaco Grand Prix,SAI,19.0,1.0,MEDIUM,19.0,78.533,1,True
6,Monaco Grand Prix,SAI,20.0,1.0,MEDIUM,20.0,78.701,1,True
6,Monaco Grand Prix,SAI,21.0,1.0,MEDIUM,21.0,78.936,1,True
6,Monaco Grand Prix,SAI,22.0,1.0,MEDIUM,22.0,79.13,1,True
6,Monaco Grand Prix,SAI,23.0,1.0,MEDIUM,23.0,79.36,1,True
6,Monaco Grand Prix,SAI,24.0,1.0,MEDIUM,24.0,79.211,1,True
6,Monaco Grand Prix,SAI,25.0,1.0,MEDIUM,25.0,79.415,1,True
6,Monaco Grand Prix,SAI,26.0,1.0,MEDIUM,26.0,78.968,1,True
6,Monaco Grand Prix,SAI,27.0,1.0,MEDIUM,27.0,79.027,1,True
6,Monaco Grand Prix,SAI,28.0,1.0,MEDIUM,28.0,78.816,1,True
6,Monaco Grand Prix,SAI,29.0,1.0,MEDIUM,29.0,79.039,1,True
6,Monaco Grand Prix,SAI,30.0,1.0,MEDIUM,30.0,80.9,1,True
6,Monaco Grand Prix,SAI,31.0,1.0,MEDIUM,31.0,78.819,1,True
6,Monaco Grand Prix,SAI,32.0,1.0,MEDIUM,32.0,79.039,1,True
6,Monaco Grand Prix,SAI,33.0,1.0,MEDIUM,33.0,81.644,1,True
6,Monaco Grand Prix,SAI,34.0,1.0,MEDIUM,34.0,81.935,1,True
6,Monaco Grand Prix,SAI,35.0,1.0,MEDIUM,35.0,81.9,1,True
6,Monaco Grand Prix,SAI,36.0,1.0,MEDIUM,36.0,81.6,1,True
6,Monaco Grand Prix,SAI,37.0,1.0,MEDIUM,37.0,81.225,1,True
6,Monaco Grand Prix,SAI,38.0,1.0,MEDIUM,38.0,81.452,1,True
6,Monaco Grand Prix,SAI,39.0,1.0,MEDIUM,39.0,83.082,1,True
6,Monaco Grand Prix,SAI,40.0,1.0,MEDIUM,40.0,81.827,1,True
6,Monaco Grand Prix,SAI,41.0,1.0,MEDIUM,41.0,82.593,1,True
6,Monaco Grand Prix,SAI,42.0,1.0,MEDIUM,42.0,81.915,1,True
6,Monaco Grand Prix,SAI,43.0,1.0,MEDIUM,43.0,81.045,1,True
6,Monaco Grand Prix,SAI,44.0,1.0,MEDIUM,44.0,79.89,1,True
6,Monaco Grand Prix,SAI,45.0,1.0,MEDIUM,45.0,79.798,1,True
6,Monaco Grand Prix,SAI,46.0,1.0,MEDIUM,46.0,78.477,1,True
6,Monaco Grand Prix,SAI,47.0,1.0,MEDIUM,47.0,78.369,1,True
6,Monaco Grand Prix,SAI,48.0,1.0,MEDIUM,48.0,78.099,1,True
6,Monaco Grand Prix,SAI,49.0,1.0,MEDIUM,49.0,78.191,1,True
6,Monaco Grand Prix,SAI,50.0,1.0,MEDIUM,50.0,78.072,1,True
6,Monaco Grand Prix,SAI,51.0,1.0,MEDIUM,51.0,78.022,1,True
6,Monaco Grand Prix,SAI,52.0,1.0,MEDIUM,52.0,96.576,1,False
6,Monaco Grand Prix,SAI,53.0,2.0,SOFT,1.0,81.892,1,False
6,Monaco Grand Prix,SAI,54.0,2.0,SOFT,2.0,79.446,1,True
6,Monaco Grand Prix,SAI,55.0,2.0,SOFT,3.0,79.764,1,True
6,Monaco Grand Prix,SAI,56.0,2.0,SOFT,4.0,79.968,1,True
6,Monaco Grand Prix,SAI,57.0,2.0,SOFT,5.0,78.095,1,True
6,Monaco Grand Prix,SAI,58.0,2.0,SOFT,6.0,98.112,124,False
6,Monaco Grand Prix,SAI,59.0,2.0,SOFT,7.0,109.775,4,False
6,Monaco Grand Prix,SAI,60.0,3.0,SOFT,8.0,111.096,4,False
6,Monaco Grand Prix,SAI,61.0,3.0,SOFT,9.0,119.597,4,False
6,Monaco Grand Prix,SAI,62.0,3.0,SOFT,10.0,91.587,4,False
6,Monaco Grand Prix,SAI,63.0,3.0,SOFT,11.0,84.082,4,False
6,Monaco Grand Prix,SAI,64.0,3.0,SOFT,12.0,81.093,412,False
6,Monaco Grand Prix,SAI,65.0,3.0,SOFT,13.0,112.561,24,False
6,Monaco Grand Prix,SAI,66.0,4.0,SOFT,14.0,107.396,4,False
6,Monaco Grand Prix,SAI,67.0,4.0,SOFT,15.0,,451,False
6,Monaco Grand Prix,SAI,68.0,5.0,SOFT,5.0,145.003,14,False
6,Monaco Grand Prix,SAI,69.0,6.0,SOFT,5.0,92.832,4,False
6,Monaco Grand Prix,SAI,70.0,6.0,SOFT,6.0,,41,False
6,Monaco Grand Prix,SAI,71.0,6.0,SOFT,7.0,,12,False
6,Monaco Grand Prix,HAD,1.0,1.0,MEDIUM,1.0,86.741,12,False
6,Monaco Grand Prix,HAD,2.0,1.0,MEDIUM,2.0,79.178,1,False
6,Monaco Grand Prix,HAD,3.0,1.0,MEDIUM,3.0,78.14,1,True
6,Monaco Grand Prix,HAD,4.0,1.0,MEDIUM,4.0,77.551,1,True
6,Monaco Grand Prix,HAD,5.0,1.0,MEDIUM,5.0,77.402,1,True
6,Monaco Grand Prix,HAD,6.0,1.0,MEDIUM,6.0,77.606,1,True
6,Monaco Grand Prix,HAD,7.0,1.0,MEDIUM,7.0,77.428,1,True
6,Monaco Grand Prix,HAD,8.0,1.0,MEDIUM,8.0,77.689,1,True
6,Monaco Grand Prix,HAD,9.0,1.0,MEDIUM,9.0,77.316,1,True
6,Monaco Grand Prix,HAD,10.0,1.0,MEDIUM,10.0,77.138,1,True
6,Monaco Grand Prix,HAD,11.0,1.0,MEDIUM,11.0,77.53,1,True
6,Monaco Grand Prix,HAD,12.0,1.0,MEDIUM,12.0,77.711,1,True
6,Monaco Grand Prix,HAD,13.0,1.0,MEDIUM,13.0,78.54,1,True
6,Monaco Grand Prix,HAD,14.0,1.0,MEDIUM,14.0,78.492,1,True
6,Monaco Grand Prix,HAD,15.0,1.0,MEDIUM,15.0,78.277,1,True
6,Monaco Grand Prix,HAD,16.0,1.0,MEDIUM,16.0,78.239,1,True
6,Monaco Grand Prix,HAD,17.0,1.0,MEDIUM,17.0,78.304,1,True
6,Monaco Grand Prix,HAD,18.0,1.0,MEDIUM,18.0,78.822,1,True
6,Monaco Grand Prix,HAD,19.0,1.0,MEDIUM,19.0,79.347,1,True
6,Monaco Grand Prix,HAD,20.0,1.0,MEDIUM,20.0,78.85,1,True
6,Monaco Grand Prix,HAD,21.0,1.0,MEDIUM,21.0,79.089,1,True
6,Monaco Grand Prix,HAD,22.0,1.0,MEDIUM,22.0,79.421,1,True
6,Monaco Grand Prix,HAD,23.0,1.0,MEDIUM,23.0,79.187,1,True
6,Monaco Grand Prix,HAD,24.0,1.0,MEDIUM,24.0,78.906,1,True
6,Monaco Grand Prix,HAD,25.0,1.0,MEDIUM,25.0,79.418,1,True
6,Monaco Grand Prix,HAD,26.0,1.0,MEDIUM,26.0,78.86,1,True
6,Monaco Grand Prix,HAD,27.0,1.0,MEDIUM,27.0,79.074,1,True
6,Monaco Grand Prix,HAD,28.0,1.0,MEDIUM,28.0,78.695,1,True
6,Monaco Grand Prix,HAD,29.0,1.0,MEDIUM,29.0,78.818,1,True
6,Monaco Grand Prix,HAD,30.0,1.0,MEDIUM,30.0,78.818,1,True
6,Monaco Grand Prix,HAD,31.0,1.0,MEDIUM,31.0,78.715,1,True
6,Monaco Grand Prix,HAD,32.0,1.0,MEDIUM,32.0,96.191,1,False
6,Monaco Grand Prix,HAD,33.0,2.0,HARD,1.0,85.121,1,False
6,Monaco Grand Prix,HAD,34.0,2.0,HARD,2.0,78.995,1,True
6,Monaco Grand Prix,HAD,35.0,2.0,HARD,3.0,77.785,1,True
6,Monaco Grand Prix,HAD,36.0,2.0,HARD,4.0,77.706,1,True
6,Monaco Grand Prix,HAD,37.0,2.0,HARD,5.0,77.911,1,True
6,Monaco Grand Prix,HAD,38.0,2.0,HARD,6.0,77.778,1,True
6,Monaco Grand Prix,HAD,39.0,2.0,HARD,7.0,77.329,1,True
6,Monaco Grand Prix,HAD,40.0,2.0,HARD,8.0,77.384,1,True
6,Monaco Grand Prix,HAD,41.0,2.0,HARD,9.0,77.391,1,True
6,Monaco Grand Prix,HAD,42.0,2.0,HARD,10.0,78.16,1,True
6,Monaco Grand Prix,HAD,43.0,2.0,HARD,11.0,78.779,1,True
6,Monaco Grand Prix,HAD,44.0,2.0,HARD,12.0,78.777,1,True
6,Monaco Grand Prix,HAD,45.0,2.0,HARD,13.0,77.615,1,True
6,Monaco Grand Prix,HAD,46.0,2.0,HARD,14.0,77.357,1,True
6,Monaco Grand Prix,HAD,47.0,2.0,HARD,15.0,77.336,1,True
6,Monaco Grand Prix,HAD,48.0,2.0,HARD,16.0,79.354,1,True
6,Monaco Grand Prix,HAD,49.0,2.0,HARD,17.0,77.89,1,True
6,Monaco Grand Prix,HAD,50.0,2.0,HARD,18.0,77.504,1,True
6,Monaco Grand Prix,HAD,51.0,2.0,HARD,19.0,77.774,1,True
6,Monaco Grand Prix,HAD,52.0,2.0,HARD,20.0,77.916,1,True
6,Monaco Grand Prix,HAD,53.0,2.0,HARD,21.0,77.728,1,True
6,Monaco Grand Prix,HAD,54.0,2.0,HARD,22.0,78.794,1,True
6,Monaco Grand Prix,HAD,55.0,2.0,HARD,23.0,77.673,1,True
6,Monaco Grand Prix,HAD,56.0,2.0,HARD,24.0,77.351,1,True
6,Monaco Grand Prix,HAD,57.0,2.0,HARD,25.0,77.594,1,True
6,Monaco Grand Prix,HAD,58.0,2.0,HARD,26.0,77.279,1,True
6,Monaco Grand Prix,HAD,59.0,2.0,HARD,27.0,92.695,124,False
6,Monaco Grand Prix,HAD,60.0,2.0,HARD,28.0,112.67,4,False
6,Monaco Grand Prix,HAD,61.0,3.0,HARD,29.0,114.918,4,False
6,Monaco Grand Prix,HAD,62.0,3.0,HARD,30.0,120.56,4,False
6,Monaco Grand Prix,HAD,63.0,3.0,HARD,31.0,87.097,4,False
6,Monaco Grand Prix,HAD,64.0,3.0,HARD,32.0,79.974,4,False
6,Monaco Grand Prix,HAD,65.0,3.0,HARD,33.0,86.254,412,False
6,Monaco Grand Prix,HAD,66.0,3.0,HARD,34.0,113.138,24,False
6,Monaco Grand Prix,HAD,67.0,4.0,HARD,35.0,105.533,4,False
6,Monaco Grand Prix,HAD,68.0,4.0,HARD,36.0,,451,False
6,Monaco Grand Prix,HAD,69.0,5.0,SOFT,5.0,100.52,14,False
6,Monaco Grand Prix,HAD,70.0,5.0,SOFT,6.0,,41,False
6,Monaco Grand Prix,HAD,71.0,5.0,SOFT,7.0,88.042,12,False
6,Monaco Grand Prix,HAD,72.0,5.0,SOFT,8.0,78.497,1,True
6,Monaco Grand Prix,HAD,73.0,5.0,SOFT,9.0,76.813,1,True
6,Monaco Grand Prix,HAD,74.0,5.0,SOFT,10.0,76.628,1,True
6,Monaco Grand Prix,HAD,75.0,5.0,SOFT,11.0,76.088,1,True
6,Monaco Grand Prix,HAD,76.0,5.0,SOFT,12.0,75.898,1,True
6,Monaco Grand Prix,HAD,77.0,5.0,SOFT,13.0,75.669,1,True
6,Monaco Grand Prix,HAD,78.0,5.0,SOFT,14.0,75.773,1,True
6,Monaco Grand Prix,RUS,1.0,1.0,MEDIUM,1.0,87.676,12,False
6,Monaco Grand Prix,RUS,2.0,1.0,MEDIUM,2.0,80.026,1,False
6,Monaco Grand Prix,RUS,3.0,1.0,MEDIUM,3.0,78.411,1,True
6,Monaco Grand Prix,RUS,4.0,1.0,MEDIUM,4.0,78.097,1,True
6,Monaco Grand Prix,RUS,5.0,1.0,MEDIUM,5.0,77.598,1,True
6,Monaco Grand Prix,RUS,6.0,1.0,MEDIUM,6.0,77.257,1,True
6,Monaco Grand Prix,RUS,7.0,1.0,MEDIUM,7.0,77.155,1,True
6,Monaco Grand Prix,RUS,8.0,1.0,MEDIUM,8.0,77.188,1,True
6,Monaco Grand Prix,RUS,9.0,1.0,MEDIUM,9.0,77.352,1,True
6,Monaco Grand Prix,RUS,10.0,1.0,MEDIUM,10.0,77.222,1,True
6,Monaco Grand Prix,RUS,11.0,1.0,MEDIUM,11.0,77.364,1,True
6,Monaco Grand Prix,RUS,12.0,1.0,MEDIUM,12.0,77.596,1,True
6,Monaco Grand Prix,RUS,13.0,1.0,MEDIUM,13.0,77.891,1,True
6,Monaco Grand Prix,RUS,14.0,1.0,MEDIUM,14.0,78.579,1,True
6,Monaco Grand Prix,RUS,15.0,1.0,MEDIUM,15.0,78.004,1,True
6,Monaco Grand Prix,RUS,16.0,1.0,MEDIUM,16.0,78.468,1,True
6,Monaco Grand Prix,RUS,17.0,1.0,MEDIUM,17.0,78.411,1,True
6,Monaco Grand Prix,RUS,18.0,1.0,MEDIUM,18.0,78.474,1,True
6,Monaco Grand Prix,RUS,19.0,1.0,MEDIUM,19.0,79.222,1,True
6,Monaco Grand Prix,RUS,20.0,1.0,MEDIUM,20.0,78.823,1,True
6,Monaco Grand Prix,RUS,21.0,1.0,MEDIUM,21.0,79.229,1,True
6,Monaco Grand Prix,RUS,22.0,1.0,MEDIUM,22.0,79.36,1,True
6,Monaco Grand Prix,RUS,23.0,1.0,MEDIUM,23.0,79.05,1,True
6,Monaco Grand Prix,RUS,24.0,1.0,MEDIUM,24.0,78.895,1,True
6,Monaco Grand Prix,RUS,25.0,1.0,MEDIUM,25.0,79.533,1,True
6,Monaco Grand Prix,RUS,26.0,1.0,MEDIUM,26.0,78.794,1,True
6,Monaco Grand Prix,RUS,27.0,1.0,MEDIUM,27.0,79.183,1,True
6,Monaco Grand Prix,RUS,28.0,1.0,MEDIUM,28.0,78.765,1,True
6,Monaco Grand Prix,RUS,29.0,1.0,MEDIUM,29.0,78.715,1,True
6,Monaco Grand Prix,RUS,30.0,1.0,MEDIUM,30.0,78.753,1,True
6,Monaco Grand Prix,RUS,31.0,1.0,MEDIUM,31.0,95.32,1,False
6,Monaco Grand Prix,RUS,32.0,2.0,HARD,1.0,80.775,1,False
6,Monaco Grand Prix,RUS,33.0,2.0,HARD,2.0,77.455,1,True
6,Monaco Grand Prix,RUS,34.0,2.0,HARD,3.0,76.631,1,True
6,Monaco Grand Prix,RUS,35.0,2.0,HARD,4.0,76.448,1,True
6,Monaco Grand Prix,RUS,36.0,2.0,HARD,5.0,76.243,1,True
6,Monaco Grand Prix,RUS,37.0,2.0,HARD,6.0,77.026,1,True
6,Monaco Grand Prix,RUS,38.0,2.0,HARD,7.0,77.821,1,True
6,Monaco Grand Prix,RUS,39.0,2.0,HARD,8.0,79.089,1,True
6,Monaco Grand Prix,RUS,40.0,2.0,HARD,9.0,79.07,1,True
6,Monaco Grand Prix,RUS,41.0,2.0,HARD,10.0,80.603,1,True
6,Monaco Grand Prix,RUS,42.0,2.0,HARD,11.0,80.409,1,True
6,Monaco Grand Prix,RUS,43.0,2.0,HARD,12.0,79.417,1,True
6,Monaco Grand Prix,RUS,44.0,2.0,HARD,13.0,78.622,1,True
6,Monaco Grand Prix,RUS,45.0,2.0,HARD,14.0,77.171,1,True
6,Monaco Grand Prix,RUS,46.0,2.0,HARD,15.0,76.442,1,True
6,Monaco Grand Prix,RUS,47.0,2.0,HARD,16.0,76.477,1,True
6,Monaco Grand Prix,RUS,48.0,2.0,HARD,17.0,78.292,1,True
6,Monaco Grand Prix,RUS,49.0,2.0,HARD,18.0,76.774,1,True
6,Monaco Grand Prix,RUS,50.0,2.0,HARD,19.0,77.402,1,True
6,Monaco Grand Prix,RUS,51.0,2.0,HARD,20.0,77.308,1,True
6,Monaco Grand Prix,RUS,52.0,2.0,HARD,21.0,76.971,1,True
6,Monaco Grand Prix,RUS,53.0,2.0,HARD,22.0,76.03,1,True
6,Monaco Grand Prix,RUS,54.0,2.0,HARD,23.0,79.178,1,True
6,Monaco Grand Prix,RUS,55.0,2.0,HARD,24.0,76.488,1,True
6,Monaco Grand Prix,RUS,56.0,2.0,HARD,25.0,75.773,1,True
6,Monaco Grand Prix,RUS,57.0,2.0,HARD,26.0,75.827,1,True
6,Monaco Grand Prix,RUS,58.0,2.0,HARD,27.0,75.826,1,True
6,Monaco Grand Prix,RUS,59.0,2.0,HARD,28.0,87.497,124,False
6,Monaco Grand Prix,RUS,60.0,2.0,HARD,29.0,137.686,4,False
6,Monaco Grand Prix,RUS,61.0,3.0,SOFT,5.0,111.805,4,False
6,Monaco Grand Prix,RUS,62.0,3.0,SOFT,6.0,120.418,4,False
6,Monaco Grand Prix,RUS,63.0,3.0,SOFT,7.0,91.076,4,False
6,Monaco Grand Prix,RUS,64.0,3.0,SOFT,8.0,79.879,4,False
6,Monaco Grand Prix,RUS,65.0,3.0,SOFT,9.0,81.793,412,False
6,Monaco Grand Prix,RUS,66.0,3.0,SOFT,10.0,115.061,24,False
6,Monaco Grand Prix,RUS,67.0,4.0,SOFT,11.0,106.225,4,False
6,Monaco Grand Prix,RUS,68.0,4.0,SOFT,12.0,,451,False
6,Monaco Grand Prix,RUS,69.0,5.0,SOFT,5.0,98.312,14,False
6,Monaco Grand Prix,RUS,70.0,5.0,SOFT,6.0,,41,False
6,Monaco Grand Prix,RUS,71.0,5.0,SOFT,7.0,84.856,12,False
6,Monaco Grand Prix,RUS,72.0,5.0,SOFT,8.0,88.255,1,False
6,Monaco Grand Prix,RUS,73.0,6.0,SOFT,9.0,81.885,1,False
6,Monaco Grand Prix,RUS,74.0,6.0,SOFT,10.0,78.158,1,True
6,Monaco Grand Prix,RUS,75.0,6.0,SOFT,11.0,77.905,1,True
6,Monaco Grand Prix,RUS,76.0,6.0,SOFT,12.0,77.596,1,True
6,Monaco Grand Prix,RUS,77.0,6.0,SOFT,13.0,77.27,1,True
6,Monaco Grand Prix,RUS,78.0,6.0,SOFT,14.0,77.257,1,True
6,Monaco Grand Prix,BOT,1.0,1.0,SOFT,1.0,118.143,12,False
6,Monaco Grand Prix,BOT,2.0,2.0,MEDIUM,1.0,84.133,1,False
6,Monaco Grand Prix,BOT,3.0,2.0,MEDIUM,2.0,81.753,1,True
6,Monaco Grand Prix,BOT,4.0,2.0,MEDIUM,3.0,81.609,1,True
6,Monaco Grand Prix,BOT,5.0,2.0,MEDIUM,4.0,81.912,1,True
6,Monaco Grand Prix,BOT,6.0,2.0,MEDIUM,5.0,81.293,1,True
6,Monaco Grand Prix,BOT,7.0,2.0,MEDIUM,6.0,81.137,1,True
6,Monaco Grand Prix,BOT,8.0,2.0,MEDIUM,7.0,80.494,1,True
6,Monaco Grand Prix,BOT,9.0,2.0,MEDIUM,8.0,80.913,1,True
6,Monaco Grand Prix,BOT,10.0,2.0,MEDIUM,9.0,83.165,1,True
6,Monaco Grand Prix,BOT,11.0,2.0,MEDIUM,10.0,83.08,1,True
6,Monaco Grand Prix,BOT,12.0,2.0,MEDIUM,11.0,80.704,1,True
6,Monaco Grand Prix,BOT,13.0,2.0,MEDIUM,12.0,82.875,1,True
6,Monaco Grand Prix,BOT,14.0,2.0,MEDIUM,13.0,80.872,1,True
6,Monaco Grand Prix,BOT,15.0,2.0,MEDIUM,14.0,81.034,1,True
6,Monaco Grand Prix,BOT,16.0,2.0,MEDIUM,15.0,,1,False
6,Monaco Grand Prix,PIA,1.0,1.0,MEDIUM,1.0,89.36,12,False
6,Monaco Grand Prix,PIA,2.0,1.0,MEDIUM,2.0,80.454,1,False
6,Monaco Grand Prix,PIA,3.0,1.0,MEDIUM,3.0,79.776,1,True
6,Monaco Grand Prix,PIA,4.0,1.0,MEDIUM,4.0,78.886,1,True
6,Monaco Grand Prix,PIA,5.0,1.0,MEDIUM,5.0,78.072,1,True
6,Monaco Grand Prix,PIA,6.0,1.0,MEDIUM,6.0,78.238,1,True
6,Monaco Grand Prix,PIA,7.0,1.0,MEDIUM,7.0,77.573,1,True
6,Monaco Grand Prix,PIA,8.0,1.0,MEDIUM,8.0,77.187,1,True
6,Monaco Grand Prix,PIA,9.0,1.0,MEDIUM,9.0,77.194,1,True
6,Monaco Grand Prix,PIA,10.0,1.0,MEDIUM,10.0,77.18,1,True
6,Monaco Grand Prix,PIA,11.0,1.0,MEDIUM,11.0,77.889,1,True
6,Monaco Grand Prix,PIA,12.0,1.0,MEDIUM,12.0,77.939,1,True
6,Monaco Grand Prix,PIA,13.0,1.0,MEDIUM,13.0,78.468,1,True
6,Monaco Grand Prix,PIA,14.0,1.0,MEDIUM,14.0,78.181,1,True
6,Monaco Grand Prix,PIA,15.0,1.0,MEDIUM,15.0,78.965,1,True
6,Monaco Grand Prix,PIA,16.0,1.0,MEDIUM,16.0,79.568,1,True
6,Monaco Grand Prix,PIA,17.0,1.0,MEDIUM,17.0,79.139,1,True
6,Monaco Grand Prix,PIA,18.0,1.0,MEDIUM,18.0,78.513,1,True
6,Monaco Grand Prix,PIA,19.0,1.0,MEDIUM,19.0,78.22,1,True
6,Monaco Grand Prix,PIA,20.0,1.0,MEDIUM,20.0,78.082,1,True
6,Monaco Grand Prix,PIA,21.0,1.0,MEDIUM,21.0,78.198,1,True
6,Monaco Grand Prix,PIA,22.0,1.0,MEDIUM,22.0,78.23,1,True
6,Monaco Grand Prix,PIA,23.0,1.0,MEDIUM,23.0,78.388,1,True
6,Monaco Grand Prix,PIA,24.0,1.0,MEDIUM,24.0,78.088,1,True
6,Monaco Grand Prix,PIA,25.0,1.0,MEDIUM,25.0,78.29,1,True
6,Monaco Grand Prix,PIA,26.0,1.0,MEDIUM,26.0,78.662,1,True
6,Monaco Grand Prix,PIA,27.0,1.0,MEDIUM,27.0,78.637,1,True
6,Monaco Grand Prix,PIA,28.0,1.0,MEDIUM,28.0,78.707,1,True
6,Monaco Grand Prix,PIA,29.0,1.0,MEDIUM,29.0,78.479,1,True
6,Monaco Grand Prix,PIA,30.0,1.0,MEDIUM,30.0,78.607,1,True
6,Monaco Grand Prix,PIA,31.0,1.0,MEDIUM,31.0,78.66,1,True
6,Monaco Grand Prix,PIA,32.0,1.0,MEDIUM,32.0,78.177,1,True
6,Monaco Grand Prix,PIA,33.0,1.0,MEDIUM,33.0,78.112,1,True
6,Monaco Grand Prix,PIA,34.0,1.0,MEDIUM,34.0,78.41,1,True
6,Monaco Grand Prix,PIA,35.0,1.0,MEDIUM,35.0,78.56,1,True
6,Monaco Grand Prix,PIA,36.0,1.0,MEDIUM,36.0,78.324,1,True
6,Monaco Grand Prix,PIA,37.0,1.0,MEDIUM,37.0,77.918,1,True
6,Monaco Grand Prix,PIA,38.0,1.0,MEDIUM,38.0,78.287,1,True
6,Monaco Grand Prix,PIA,39.0,1.0,MEDIUM,39.0,78.171,1,True
6,Monaco Grand Prix,PIA,40.0,1.0,MEDIUM,40.0,79.349,1,True
6,Monaco Grand Prix,PIA,41.0,1.0,MEDIUM,41.0,78.557,1,True
6,Monaco Grand Prix,PIA,42.0,1.0,MEDIUM,42.0,78.686,1,True
6,Monaco Grand Prix,PIA,43.0,1.0,MEDIUM,43.0,79.093,1,True
6,Monaco Grand Prix,PIA,44.0,1.0,MEDIUM,44.0,79.279,1,True
6,Monaco Grand Prix,PIA,45.0,1.0,MEDIUM,45.0,79.664,1,True
6,Monaco Grand Prix,PIA,46.0,1.0,MEDIUM,46.0,79.345,1,True
6,Monaco Grand Prix,PIA,47.0,1.0,MEDIUM,47.0,79.575,1,True
6,Monaco Grand Prix,PIA,48.0,1.0,MEDIUM,48.0,96.741,1,False
6,Monaco Grand Prix,PIA,49.0,2.0,HARD,1.0,83.646,1,False
6,Monaco Grand Prix,PIA,50.0,2.0,HARD,2.0,78.189,1,True
6,Monaco Grand Prix,PIA,51.0,2.0,HARD,3.0,77.423,1,True
6,Monaco Grand Prix,PIA,52.0,2.0,HARD,4.0,76.863,1,True
6,Monaco Grand Prix,PIA,53.0,2.0,HARD,5.0,76.696,1,True
6,Monaco Grand Prix,PIA,54.0,2.0,HARD,6.0,77.252,1,True
6,Monaco Grand Prix,PIA,55.0,2.0,HARD,7.0,76.827,1,True
6,Monaco Grand Prix,PIA,56.0,2.0,HARD,8.0,76.6,1,True
6,Monaco Grand Prix,PIA,57.0,2.0,HARD,9.0,77.104,1,True
6,Monaco Grand Prix,PIA,58.0,2.0,HARD,10.0,76.541,1,True
6,Monaco Grand Prix,PIA,59.0,2.0,HARD,11.0,117.353,124,False
6,Monaco Grand Prix,PIA,60.0,3.0,SOFT,5.0,114.894,4,False
6,Monaco Grand Prix,PIA,61.0,4.0,SOFT,6.0,90.466,4,False
6,Monaco Grand Prix,PIA,62.0,4.0,SOFT,7.0,117.761,4,False
6,Monaco Grand Prix,PIA,63.0,4.0,SOFT,8.0,93.879,4,False
6,Monaco Grand Prix,PIA,64.0,4.0,SOFT,9.0,84.159,4,False
6,Monaco Grand Prix,PIA,65.0,4.0,SOFT,10.0,82.472,412,False
6,Monaco Grand Prix,PIA,66.0,4.0,SOFT,11.0,114.735,24,False
6,Monaco Grand Prix,PIA,67.0,5.0,SOFT,12.0,106.726,4,False
6,Monaco Grand Prix,PIA,68.0,5.0,SOFT,13.0,,451,False
6,Monaco Grand Prix,PIA,69.0,6.0,SOFT,5.0,95.91,14,False
6,Monaco Grand Prix,PIA,70.0,6.0,SOFT,6.0,,41,False
6,Monaco Grand Prix,PIA,71.0,6.0,SOFT,7.0,87.966,12,False
6,Monaco Grand Prix,PIA,72.0,6.0,SOFT,8.0,78.759,1,True
6,Monaco Grand Prix,PIA,73.0,6.0,SOFT,9.0,76.688,1,True
6,Monaco Grand Prix,PIA,74.0,6.0,SOFT,10.0,76.187,1,True
6,Monaco Grand Prix,PIA,75.0,6.0,SOFT,11.0,76.258,1,True
6,Monaco Grand Prix,PIA,76.0,6.0,SOFT,12.0,75.816,1,True
6,Monaco Grand Prix,PIA,77.0,6.0,SOFT,13.0,75.846,1,True
6,Monaco Grand Prix,PIA,78.0,6.0,SOFT,14.0,75.862,1,True
6,Monaco Grand Prix,BEA,1.0,1.0,MEDIUM,1.0,122.78,12,False
6,Monaco Grand Prix,BEA,2.0,2.0,HARD,1.0,83.665,1,False
6,Monaco Grand Prix,BEA,3.0,2.0,HARD,2.0,79.274,1,True
6,Monaco Grand Prix,BEA,4.0,2.0,HARD,3.0,81.021,1,True
6,Monaco Grand Prix,BEA,5.0,2.0,HARD,4.0,81.826,1,True
6,Monaco Grand Prix,BEA,6.0,2.0,HARD,5.0,81.51,1,True
6,Monaco Grand Prix,BEA,7.0,2.0,HARD,6.0,81.01,1,True
6,Monaco Grand Prix,BEA,8.0,2.0,HARD,7.0,80.485,1,True
6,Monaco Grand Prix,BEA,9.0,2.0,HARD,8.0,80.809,1,True
6,Monaco Grand Prix,BEA,10.0,2.0,HARD,9.0,84.121,1,True
6,Monaco Grand Prix,BEA,11.0,2.0,HARD,10.0,82.612,1,True
6,Monaco Grand Prix,BEA,12.0,2.0,HARD,11.0,83.615,1,True
6,Monaco Grand Prix,BEA,13.0,2.0,HARD,12.0,79.542,1,True
6,Monaco Grand Prix,BEA,14.0,2.0,HARD,13.0,80.788,1,True
6,Monaco Grand Prix,BEA,15.0,2.0,HARD,14.0,82.435,1,True
6,Monaco Grand Prix,BEA,16.0,2.0,HARD,15.0,82.695,1,True
6,Monaco Grand Prix,BEA,17.0,2.0,HARD,16.0,81.656,1,True
6,Monaco Grand Prix,BEA,18.0,2.0,HARD,17.0,78.982,1,True
6,Monaco Grand Prix,BEA,19.0,2.0,HARD,18.0,78.589,1,True
6,Monaco Grand Prix,BEA,20.0,2.0,HARD,19.0,78.769,1,True
6,Monaco Grand Prix,BEA,21.0,2.0,HARD,20.0,78.54,1,True
6,Monaco Grand Prix,BEA,22.0,2.0,HARD,21.0,78.475,1,True
6,Monaco Grand Prix,BEA,23.0,2.0,HARD,22.0,78.665,1,True
6,Monaco Grand Prix,BEA,24.0,2.0,HARD,23.0,79.137,1,True
6,Monaco Grand Prix,BEA,25.0,2.0,HARD,24.0,78.683,1,True
6,Monaco Grand Prix,BEA,26.0,2.0,HARD,25.0,78.791,1,True
6,Monaco Grand Prix,BEA,27.0,2.0,HARD,26.0,78.623,1,True
6,Monaco Grand Prix,BEA,28.0,2.0,HARD,27.0,,1,False
7,Barcelona Grand Prix,NOR,1.0,1.0,MEDIUM,1.0,87.198,1,False
7,Barcelona Grand Prix,NOR,2.0,1.0,MEDIUM,2.0,82.251,1,False
7,Barcelona Grand Prix,NOR,3.0,1.0,MEDIUM,3.0,82.422,1,True
7,Barcelona Grand Prix,NOR,4.0,1.0,MEDIUM,4.0,82.773,1,True
7,Barcelona Grand Prix,NOR,5.0,1.0,MEDIUM,5.0,83.287,1,True
7,Barcelona Grand Prix,NOR,6.0,1.0,MEDIUM,6.0,83.226,1,True
7,Barcelona Grand Prix,NOR,7.0,1.0,MEDIUM,7.0,83.357,1,True
7,Barcelona Grand Prix,NOR,8.0,1.0,MEDIUM,8.0,83.392,1,True
7,Barcelona Grand Prix,NOR,9.0,1.0,MEDIUM,9.0,83.501,1,True
7,Barcelona Grand Prix,NOR,10.0,1.0,MEDIUM,10.0,83.319,1,True
7,Barcelona Grand Prix,NOR,11.0,1.0,MEDIUM,11.0,83.401,1,True
7,Barcelona Grand Prix,NOR,12.0,1.0,MEDIUM,12.0,83.618,1,True
7,Barcelona Grand Prix,NOR,13.0,1.0,MEDIUM,13.0,87.846,1,False
7,Barcelona Grand Prix,NOR,14.0,2.0,HARD,1.0,100.651,1,False
7,Barcelona Grand Prix,NOR,15.0,2.0,HARD,2.0,82.07,1,True
7,Barcelona Grand Prix,NOR,16.0,2.0,HARD,3.0,82.193,1,True
7,Barcelona Grand Prix,NOR,17.0,2.0,HARD,4.0,81.944,1,True
7,Barcelona Grand Prix,NOR,18.0,2.0,HARD,5.0,81.981,1,True
7,Barcelona Grand Prix,NOR,19.0,2.0,HARD,6.0,82.354,1,True
7,Barcelona Grand Prix,NOR,20.0,2.0,HARD,7.0,82.243,1,True
7,Barcelona Grand Prix,NOR,21.0,2.0,HARD,8.0,82.375,1,True
7,Barcelona Grand Prix,NOR,22.0,2.0,HARD,9.0,82.022,1,True
7,Barcelona Grand Prix,NOR,23.0,2.0,HARD,10.0,82.279,1,True
7,Barcelona Grand Prix,NOR,24.0,2.0,HARD,11.0,82.444,1,True
7,Barcelona Grand Prix,NOR,25.0,2.0,HARD,12.0,82.463,1,True
7,Barcelona Grand Prix,NOR,26.0,2.0,HARD,13.0,82.664,1,True
7,Barcelona Grand Prix,NOR,27.0,2.0,HARD,14.0,82.909,1,True
7,Barcelona Grand Prix,NOR,28.0,2.0,HARD,15.0,82.66,1,True
7,Barcelona Grand Prix,NOR,29.0,2.0,HARD,16.0,83.254,1,True
7,Barcelona Grand Prix,NOR,30.0,2.0,HARD,17.0,83.156,1,True
7,Barcelona Grand Prix,NOR,31.0,2.0,HARD,18.0,82.947,1,True
7,Barcelona Grand Prix,NOR,32.0,2.0,HARD,19.0,83.597,1,True
7,Barcelona Grand Prix,NOR,33.0,2.0,HARD,20.0,82.849,1,True
7,Barcelona Grand Prix,NOR,34.0,2.0,HARD,21.0,83.115,1,True
7,Barcelona Grand Prix,NOR,35.0,2.0,HARD,22.0,87.299,1,False
7,Barcelona Grand Prix,NOR,36.0,3.0,HARD,1.0,99.962,1,False
7,Barcelona Grand Prix,NOR,37.0,3.0,HARD,2.0,80.232,1,True
7,Barcelona Grand Prix,NOR,38.0,3.0,HARD,3.0,81.112,1,True
7,Barcelona Grand Prix,NOR,39.0,3.0,HARD,4.0,81.165,1,True
7,Barcelona Grand Prix,NOR,40.0,3.0,HARD,5.0,88.389,126,False
7,Barcelona Grand Prix,NOR,41.0,3.0,HARD,6.0,106.938,6,False
7,Barcelona Grand Prix,NOR,42.0,3.0,HARD,7.0,85.074,671,False
7,Barcelona Grand Prix,NOR,43.0,3.0,HARD,8.0,80.931,1,True
7,Barcelona Grand Prix,NOR,44.0,3.0,HARD,9.0,80.806,1,True
7,Barcelona Grand Prix,NOR,45.0,3.0,HARD,10.0,80.928,1,True
7,Barcelona Grand Prix,NOR,46.0,3.0,HARD,11.0,80.83,1,True
7,Barcelona Grand Prix,NOR,47.0,3.0,HARD,12.0,80.948,1,True
7,Barcelona Grand Prix,NOR,48.0,3.0,HARD,13.0,81.2,1,True
7,Barcelona Grand Prix,NOR,49.0,3.0,HARD,14.0,81.262,1,True
7,Barcelona Grand Prix,NOR,50.0,3.0,HARD,15.0,80.962,1,True
7,Barcelona Grand Prix,NOR,51.0,3.0,HARD,16.0,81.253,1,True
7,Barcelona Grand Prix,NOR,52.0,3.0,HARD,17.0,81.606,1,True
7,Barcelona Grand Prix,NOR,53.0,3.0,HARD,18.0,81.811,1,True
7,Barcelona Grand Prix,NOR,54.0,3.0,HARD,19.0,81.809,1,True
7,Barcelona Grand Prix,NOR,55.0,3.0,HARD,20.0,81.964,1,True
7,Barcelona Grand Prix,NOR,56.0,3.0,HARD,21.0,82.127,1,True
7,Barcelona Grand Prix,NOR,57.0,3.0,HARD,22.0,82.223,1,True
7,Barcelona Grand Prix,NOR,58.0,3.0,HARD,23.0,82.252,1,True
7,Barcelona Grand Prix,NOR,59.0,3.0,HARD,24.0,82.489,1,True
7,Barcelona Grand Prix,NOR,60.0,3.0,HARD,25.0,82.4,1,True
7,Barcelona Grand Prix,NOR,61.0,3.0,HARD,26.0,83.142,1,True
7,Barcelona Grand Prix,NOR,62.0,3.0,HARD,27.0,82.724,126,False
7,Barcelona Grand Prix,NOR,63.0,3.0,HARD,28.0,109.473,6,False
7,Barcelona Grand Prix,NOR,64.0,3.0,HARD,29.0,108.341,6,False
7,Barcelona Grand Prix,NOR,65.0,3.0,HARD,30.0,86.01,671,False
7,Barcelona Grand Prix,NOR,66.0,3.0,HARD,31.0,82.401,1,True
7,Barcelona Grand Prix,GAS,1.0,1.0,MEDIUM,1.0,92.099,1,False
7,Barcelona Grand Prix,GAS,2.0,1.0,MEDIUM,2.0,84.303,1,False
7,Barcelona Grand Prix,GAS,3.0,1.0,MEDIUM,3.0,84.219,1,True
7,Barcelona Grand Prix,GAS,4.0,1.0,MEDIUM,4.0,84.527,1,True
7,Barcelona Grand Prix,GAS,5.0,1.0,MEDIUM,5.0,85.097,1,True
7,Barcelona Grand Prix,GAS,6.0,1.0,MEDIUM,6.0,85.808,1,True
7,Barcelona Grand Prix,GAS,7.0,1.0,MEDIUM,7.0,85.386,1,True
7,Barcelona Grand Prix,GAS,8.0,1.0,MEDIUM,8.0,85.72,1,True
7,Barcelona Grand Prix,GAS,9.0,1.0,MEDIUM,9.0,86.054,1,True
7,Barcelona Grand Prix,GAS,10.0,1.0,MEDIUM,10.0,86.055,1,True
7,Barcelona Grand Prix,GAS,11.0,1.0,MEDIUM,11.0,85.954,1,True
7,Barcelona Grand Prix,GAS,12.0,1.0,MEDIUM,12.0,85.806,1,True
7,Barcelona Grand Prix,GAS,13.0,1.0,MEDIUM,13.0,85.798,1,True
7,Barcelona Grand Prix,GAS,14.0,1.0,MEDIUM,14.0,89.745,1,False
7,Barcelona Grand Prix,GAS,15.0,2.0,HARD,1.0,102.799,1,False
7,Barcelona Grand Prix,GAS,16.0,2.0,HARD,2.0,83.023,1,True
7,Barcelona Grand Prix,GAS,17.0,2.0,HARD,3.0,83.237,1,True
7,Barcelona Grand Prix,GAS,18.0,2.0,HARD,4.0,83.512,1,True
7,Barcelona Grand Prix,GAS,19.0,2.0,HARD,5.0,83.619,1,True
7,Barcelona Grand Prix,GAS,20.0,2.0,HARD,6.0,83.826,1,True
7,Barcelona Grand Prix,GAS,21.0,2.0,HARD,7.0,83.789,1,True
7,Barcelona Grand Prix,GAS,22.0,2.0,HARD,8.0,83.988,1,True
7,Barcelona Grand Prix,GAS,23.0,2.0,HARD,9.0,84.096,1,True
7,Barcelona Grand Prix,GAS,24.0,2.0,HARD,10.0,85.127,1,True
7,Barcelona Grand Prix,GAS,25.0,2.0,HARD,11.0,84.606,1,True
7,Barcelona Grand Prix,GAS,26.0,2.0,HARD,12.0,84.652,1,True
7,Barcelona Grand Prix,GAS,27.0,2.0,HARD,13.0,85.125,1,True
7,Barcelona Grand Prix,GAS,28.0,2.0,HARD,14.0,85.143,1,True
7,Barcelona Grand Prix,GAS,29.0,2.0,HARD,15.0,84.775,1,True
7,Barcelona Grand Prix,GAS,30.0,2.0,HARD,16.0,84.587,1,True
7,Barcelona Grand Prix,GAS,31.0,2.0,HARD,17.0,84.734,1,True
7,Barcelona Grand Prix,GAS,32.0,2.0,HARD,18.0,84.877,1,True
7,Barcelona Grand Prix,GAS,33.0,2.0,HARD,19.0,85.359,1,True
7,Barcelona Grand Prix,GAS,34.0,2.0,HARD,20.0,85.113,1,True
7,Barcelona Grand Prix,GAS,35.0,2.0,HARD,21.0,85.068,1,True
7,Barcelona Grand Prix,GAS,36.0,2.0,HARD,22.0,84.317,1,True
7,Barcelona Grand Prix,GAS,37.0,2.0,HARD,23.0,85.105,1,True
7,Barcelona Grand Prix,GAS,38.0,2.0,HARD,24.0,86.733,1,True
7,Barcelona Grand Prix,GAS,39.0,2.0,HARD,25.0,88.674,126,False
7,Barcelona Grand Prix,GAS,40.0,2.0,HARD,26.0,108.52,6,False
7,Barcelona Grand Prix,GAS,41.0,3.0,HARD,1.0,103.4,671,False
7,Barcelona Grand Prix,GAS,42.0,3.0,HARD,2.0,81.708,1,True
7,Barcelona Grand Prix,GAS,43.0,3.0,HARD,3.0,81.96,1,True
7,Barcelona Grand Prix,GAS,44.0,3.0,HARD,4.0,82.014,1,True
7,Barcelona Grand Prix,GAS,45.0,3.0,HARD,5.0,82.691,1,True
7,Barcelona Grand Prix,GAS,46.0,3.0,HARD,6.0,82.562,1,True
7,Barcelona Grand Prix,GAS,47.0,3.0,HARD,7.0,83.116,1,True
7,Barcelona Grand Prix,GAS,48.0,3.0,HARD,8.0,82.79,1,True
7,Barcelona Grand Prix,GAS,49.0,3.0,HARD,9.0,82.992,1,True
7,Barcelona Grand Prix,GAS,50.0,3.0,HARD,10.0,83.112,1,True
7,Barcelona Grand Prix,GAS,51.0,3.0,HARD,11.0,83.192,1,True
7,Barcelona Grand Prix,GAS,52.0,3.0,HARD,12.0,84.548,1,True
7,Barcelona Grand Prix,GAS,53.0,3.0,HARD,13.0,84.997,1,True
7,Barcelona Grand Prix,GAS,54.0,3.0,HARD,14.0,83.426,1,True
7,Barcelona Grand Prix,GAS,55.0,3.0,HARD,15.0,83.374,1,True
7,Barcelona Grand Prix,GAS,56.0,3.0,HARD,16.0,83.027,1,True
7,Barcelona Grand Prix,GAS,57.0,3.0,HARD,17.0,83.006,1,True
7,Barcelona Grand Prix,GAS,58.0,3.0,HARD,18.0,83.133,1,True
7,Barcelona Grand Prix,GAS,59.0,3.0,HARD,19.0,83.182,1,True
7,Barcelona Grand Prix,GAS,60.0,3.0,HARD,20.0,83.292,1,True
7,Barcelona Grand Prix,GAS,61.0,3.0,HARD,21.0,94.255,126,False
7,Barcelona Grand Prix,GAS,62.0,3.0,HARD,22.0,107.45,6,False
7,Barcelona Grand Prix,GAS,63.0,3.0,HARD,23.0,102.785,671,False
7,Barcelona Grand Prix,GAS,64.0,3.0,HARD,24.0,83.285,1,True
7,Barcelona Grand Prix,GAS,65.0,3.0,HARD,25.0,83.622,1,True
7,Barcelona Grand Prix,PER,1.0,1.0,SOFT,1.0,94.895,1,False
7,Barcelona Grand Prix,PER,2.0,1.0,SOFT,2.0,85.549,1,False
7,Barcelona Grand Prix,PER,3.0,1.0,SOFT,3.0,85.378,1,True
7,Barcelona Grand Prix,PER,4.0,1.0,SOFT,4.0,85.701,1,True
7,Barcelona Grand Prix,PER,5.0,1.0,SOFT,5.0,85.768,1,True
7,Barcelona Grand Prix,PER,6.0,1.0,SOFT,6.0,86.016,1,True
7,Barcelona Grand Prix,PER,7.0,1.0,SOFT,7.0,86.09,1,True
7,Barcelona Grand Prix,PER,8.0,1.0,SOFT,8.0,86.482,1,True
7,Barcelona Grand Prix,PER,9.0,1.0,SOFT,9.0,86.902,1,True
7,Barcelona Grand Prix,PER,10.0,1.0,SOFT,10.0,86.728,1,True
7,Barcelona Grand Prix,PER,11.0,1.0,SOFT,11.0,86.99,1,True
7,Barcelona Grand Prix,PER,12.0,1.0,SOFT,12.0,91.348,1,False
7,Barcelona Grand Prix,PER,13.0,2.0,HARD,1.0,106.469,1,False
7,Barcelona Grand Prix,PER,14.0,2.0,HARD,2.0,84.676,1,True
7,Barcelona Grand Prix,PER,15.0,2.0,HARD,3.0,84.22,1,True
7,Barcelona Grand Prix,PER,16.0,2.0,HARD,4.0,85.422,1,True
7,Barcelona Grand Prix,PER,17.0,2.0,HARD,5.0,85.119,1,True
7,Barcelona Grand Prix,PER,18.0,2.0,HARD,6.0,85.018,1,True
7,Barcelona Grand Prix,PER,19.0,2.0,HARD,7.0,86.249,1,True
7,Barcelona Grand Prix,PER,20.0,2.0,HARD,8.0,86.336,1,True
7,Barcelona Grand Prix,PER,21.0,2.0,HARD,9.0,85.511,1,True
7,Barcelona Grand Prix,PER,22.0,2.0,HARD,10.0,87.003,1,True
7,Barcelona Grand Prix,PER,23.0,2.0,HARD,11.0,87.873,1,True
7,Barcelona Grand Prix,PER,24.0,2.0,HARD,12.0,86.632,1,True
7,Barcelona Grand Prix,PER,25.0,2.0,HARD,13.0,86.239,1,True
7,Barcelona Grand Prix,PER,26.0,2.0,HARD,14.0,88.608,1,True
7,Barcelona Grand Prix,PER,27.0,2.0,HARD,15.0,86.984,1,True
7,Barcelona Grand Prix,PER,28.0,2.0,HARD,16.0,87.363,1,True
7,Barcelona Grand Prix,PER,29.0,2.0,HARD,17.0,86.456,1,True
7,Barcelona Grand Prix,PER,30.0,2.0,HARD,18.0,86.699,1,True
7,Barcelona Grand Prix,PER,31.0,2.0,HARD,19.0,91.808,1,False
7,Barcelona Grand Prix,PER,32.0,3.0,HARD,1.0,105.237,1,False
7,Barcelona Grand Prix,PER,33.0,3.0,HARD,2.0,83.599,1,True
7,Barcelona Grand Prix,PER,34.0,3.0,HARD,3.0,85.288,1,True
7,Barcelona Grand Prix,PER,35.0,3.0,HARD,4.0,84.306,1,True
7,Barcelona Grand Prix,PER,36.0,3.0,HARD,5.0,84.883,1,True
7,Barcelona Grand Prix,PER,37.0,3.0,HARD,6.0,85.828,1,True
7,Barcelona Grand Prix,PER,38.0,3.0,HARD,7.0,84.717,12,False
7,Barcelona Grand Prix,PER,39.0,3.0,HARD,8.0,112.623,26,False
7,Barcelona Grand Prix,PER,40.0,4.0,MEDIUM,1.0,106.284,671,False
7,Barcelona Grand Prix,PER,41.0,4.0,MEDIUM,2.0,83.881,1,True
7,Barcelona Grand Prix,PER,42.0,4.0,MEDIUM,3.0,86.375,1,True
7,Barcelona Grand Prix,PER,43.0,4.0,MEDIUM,4.0,82.82,1,True
7,Barcelona Grand Prix,PER,44.0,4.0,MEDIUM,5.0,85.346,1,True
7,Barcelona Grand Prix,PER,45.0,4.0,MEDIUM,6.0,83.442,1,True
7,Barcelona Grand Prix,PER,46.0,4.0,MEDIUM,7.0,83.799,1,True
7,Barcelona Grand Prix,PER,47.0,4.0,MEDIUM,8.0,83.796,1,True
7,Barcelona Grand Prix,PER,48.0,4.0,MEDIUM,9.0,85.74,1,True
7,Barcelona Grand Prix,PER,49.0,4.0,MEDIUM,10.0,87.241,1,True
7,Barcelona Grand Prix,PER,50.0,4.0,MEDIUM,11.0,88.083,1,True
7,Barcelona Grand Prix,PER,51.0,4.0,MEDIUM,12.0,84.906,1,True
7,Barcelona Grand Prix,PER,52.0,4.0,MEDIUM,13.0,84.708,1,True
7,Barcelona Grand Prix,PER,53.0,4.0,MEDIUM,14.0,84.895,1,True
7,Barcelona Grand Prix,PER,54.0,4.0,MEDIUM,15.0,85.083,1,True
7,Barcelona Grand Prix,PER,55.0,4.0,MEDIUM,16.0,87.104,1,True
7,Barcelona Grand Prix,PER,56.0,4.0,MEDIUM,17.0,85.397,1,True
7,Barcelona Grand Prix,PER,57.0,4.0,MEDIUM,18.0,85.495,1,True
7,Barcelona Grand Prix,PER,58.0,4.0,MEDIUM,19.0,85.942,1,True
7,Barcelona Grand Prix,PER,59.0,4.0,MEDIUM,20.0,86.844,12,False
7,Barcelona Grand Prix,PER,60.0,4.0,MEDIUM,21.0,106.959,26,False
7,Barcelona Grand Prix,PER,61.0,4.0,MEDIUM,22.0,108.258,6,False
7,Barcelona Grand Prix,PER,62.0,4.0,MEDIUM,23.0,89.685,671,False
7,Barcelona Grand Prix,PER,63.0,4.0,MEDIUM,24.0,84.778,1,True
7,Barcelona Grand Prix,ANT,1.0,1.0,MEDIUM,1.0,86.497,1,False
7,Barcelona Grand Prix,ANT,2.0,1.0,MEDIUM,2.0,82.042,1,False
7,Barcelona Grand Prix,ANT,3.0,1.0,MEDIUM,3.0,82.12,1,True
7,Barcelona Grand Prix,ANT,4.0,1.0,MEDIUM,4.0,82.271,1,True
7,Barcelona Grand Prix,ANT,5.0,1.0,MEDIUM,5.0,82.448,1,True
7,Barcelona Grand Prix,ANT,6.0,1.0,MEDIUM,6.0,82.992,1,True
7,Barcelona Grand Prix,ANT,7.0,1.0,MEDIUM,7.0,83.088,1,True
7,Barcelona Grand Prix,ANT,8.0,1.0,MEDIUM,8.0,83.757,1,True
7,Barcelona Grand Prix,ANT,9.0,1.0,MEDIUM,9.0,83.56,1,True
7,Barcelona Grand Prix,ANT,10.0,1.0,MEDIUM,10.0,83.882,1,True
7,Barcelona Grand Prix,ANT,11.0,1.0,MEDIUM,11.0,83.586,1,True
7,Barcelona Grand Prix,ANT,12.0,1.0,MEDIUM,12.0,83.367,1,True
7,Barcelona Grand Prix,ANT,13.0,1.0,MEDIUM,13.0,83.56,1,True
7,Barcelona Grand Prix,ANT,14.0,1.0,MEDIUM,14.0,87.034,1,False
7,Barcelona Grand Prix,ANT,15.0,2.0,HARD,1.0,100.87,1,False
7,Barcelona Grand Prix,ANT,16.0,2.0,HARD,2.0,82.003,1,True
7,Barcelona Grand Prix,ANT,17.0,2.0,HARD,3.0,81.905,1,True
7,Barcelona Grand Prix,ANT,18.0,2.0,HARD,4.0,81.632,1,True
7,Barcelona Grand Prix,ANT,19.0,2.0,HARD,5.0,81.921,1,True
7,Barcelona Grand Prix,ANT,20.0,2.0,HARD,6.0,82.049,1,True
7,Barcelona Grand Prix,ANT,21.0,2.0,HARD,7.0,82.196,1,True
7,Barcelona Grand Prix,ANT,22.0,2.0,HARD,8.0,82.161,1,True
7,Barcelona Grand Prix,ANT,23.0,2.0,HARD,9.0,82.45,1,True
7,Barcelona Grand Prix,ANT,24.0,2.0,HARD,10.0,82.843,1,True
7,Barcelona Grand Prix,ANT,25.0,2.0,HARD,11.0,82.677,1,True
7,Barcelona Grand Prix,ANT,26.0,2.0,HARD,12.0,82.614,1,True
7,Barcelona Grand Prix,ANT,27.0,2.0,HARD,13.0,82.76,1,True
7,Barcelona Grand Prix,ANT,28.0,2.0,HARD,14.0,82.055,1,True
7,Barcelona Grand Prix,ANT,29.0,2.0,HARD,15.0,82.623,1,True
7,Barcelona Grand Prix,ANT,30.0,2.0,HARD,16.0,82.502,1,True
7,Barcelona Grand Prix,ANT,31.0,2.0,HARD,17.0,82.839,1,True
7,Barcelona Grand Prix,ANT,32.0,2.0,HARD,18.0,82.688,1,True
7,Barcelona Grand Prix,ANT,33.0,2.0,HARD,19.0,83.757,1,True
7,Barcelona Grand Prix,ANT,34.0,2.0,HARD,20.0,82.717,1,True
7,Barcelona Grand Prix,ANT,35.0,2.0,HARD,21.0,82.661,1,True
7,Barcelona Grand Prix,ANT,36.0,2.0,HARD,22.0,83.424,1,True
7,Barcelona Grand Prix,ANT,37.0,2.0,HARD,23.0,85.693,1,False
7,Barcelona Grand Prix,ANT,38.0,3.0,HARD,1.0,100.095,1,False
7,Barcelona Grand Prix,ANT,39.0,3.0,HARD,2.0,80.899,1,True
7,Barcelona Grand Prix,ANT,40.0,3.0,HARD,3.0,88.148,126,False
7,Barcelona Grand Prix,ANT,41.0,3.0,HARD,4.0,106.236,6,False
7,Barcelona Grand Prix,ANT,42.0,3.0,HARD,5.0,85.786,671,False
7,Barcelona Grand Prix,ANT,43.0,3.0,HARD,6.0,80.898,1,True
7,Barcelona Grand Prix,ANT,44.0,3.0,HARD,7.0,80.917,1,True
7,Barcelona Grand Prix,ANT,45.0,3.0,HARD,8.0,80.717,1,True
7,Barcelona Grand Prix,ANT,46.0,3.0,HARD,9.0,80.704,1,True
7,Barcelona Grand Prix,ANT,47.0,3.0,HARD,10.0,80.867,1,True
7,Barcelona Grand Prix,ANT,48.0,3.0,HARD,11.0,81.328,1,True
7,Barcelona Grand Prix,ANT,49.0,3.0,HARD,12.0,81.229,1,True
7,Barcelona Grand Prix,ANT,50.0,3.0,HARD,13.0,81.361,1,True
7,Barcelona Grand Prix,ANT,51.0,3.0,HARD,14.0,81.358,1,True
7,Barcelona Grand Prix,ANT,52.0,3.0,HARD,15.0,81.45,1,True
7,Barcelona Grand Prix,ANT,53.0,3.0,HARD,16.0,81.909,1,True
7,Barcelona Grand Prix,ANT,54.0,3.0,HARD,17.0,81.736,1,True
7,Barcelona Grand Prix,ANT,55.0,3.0,HARD,18.0,81.853,1,True
7,Barcelona Grand Prix,ANT,56.0,3.0,HARD,19.0,81.768,1,True
7,Barcelona Grand Prix,ANT,57.0,3.0,HARD,20.0,81.927,1,True
7,Barcelona Grand Prix,ANT,58.0,3.0,HARD,21.0,81.87,1,True
7,Barcelona Grand Prix,ANT,59.0,3.0,HARD,22.0,82.091,1,True
7,Barcelona Grand Prix,ANT,60.0,3.0,HARD,23.0,81.803,1,True
7,Barcelona Grand Prix,ANT,61.0,3.0,HARD,24.0,82.715,1,True
7,Barcelona Grand Prix,ANT,62.0,3.0,HARD,25.0,,126,False
7,Barcelona Grand Prix,ALO,1.0,1.0,HARD,1.0,97.171,1,False
7,Barcelona Grand Prix,ALO,2.0,1.0,HARD,2.0,85.751,1,False
7,Barcelona Grand Prix,ALO,3.0,1.0,HARD,3.0,86.254,1,True
7,Barcelona Grand Prix,ALO,4.0,1.0,HARD,4.0,86.079,1,True
7,Barcelona Grand Prix,ALO,5.0,1.0,HARD,5.0,86.728,1,True
7,Barcelona Grand Prix,ALO,6.0,1.0,HARD,6.0,86.279,1,True
7,Barcelona Grand Prix,ALO,7.0,1.0,HARD,7.0,86.333,1,True
7,Barcelona Grand Prix,ALO,8.0,1.0,HARD,8.0,86.644,1,True
7,Barcelona Grand Prix,ALO,9.0,1.0,HARD,9.0,87.479,1,True
7,Barcelona Grand Prix,ALO,10.0,1.0,HARD,10.0,88.46,1,True
7,Barcelona Grand Prix,ALO,11.0,1.0,HARD,11.0,87.477,1,True
7,Barcelona Grand Prix,ALO,12.0,1.0,HARD,12.0,87.381,1,True
7,Barcelona Grand Prix,ALO,13.0,1.0,HARD,13.0,87.62,1,True
7,Barcelona Grand Prix,ALO,14.0,1.0,HARD,14.0,87.565,1,True
7,Barcelona Grand Prix,ALO,15.0,1.0,HARD,15.0,87.301,1,True
7,Barcelona Grand Prix,ALO,16.0,1.0,HARD,16.0,87.842,1,True
7,Barcelona Grand Prix,ALO,17.0,1.0,HARD,17.0,86.881,1,True
7,Barcelona Grand Prix,ALO,18.0,1.0,HARD,18.0,87.408,1,True
7,Barcelona Grand Prix,ALO,19.0,1.0,HARD,19.0,87.901,1,True
7,Barcelona Grand Prix,ALO,20.0,1.0,HARD,20.0,88.393,1,True
7,Barcelona Grand Prix,ALO,21.0,1.0,HARD,21.0,93.829,1,False
7,Barcelona Grand Prix,ALO,22.0,2.0,HARD,1.0,105.173,1,False
7,Barcelona Grand Prix,ALO,23.0,2.0,HARD,2.0,85.437,1,True
7,Barcelona Grand Prix,ALO,24.0,2.0,HARD,3.0,85.761,1,True
7,Barcelona Grand Prix,ALO,25.0,2.0,HARD,4.0,85.958,1,True
7,Barcelona Grand Prix,ALO,26.0,2.0,HARD,5.0,85.691,1,True
7,Barcelona Grand Prix,ALO,27.0,2.0,HARD,6.0,85.366,1,True
7,Barcelona Grand Prix,ALO,28.0,2.0,HARD,7.0,86.416,1,True
7,Barcelona Grand Prix,ALO,29.0,2.0,HARD,8.0,85.803,1,True
7,Barcelona Grand Prix,ALO,30.0,2.0,HARD,9.0,85.827,1,True
7,Barcelona Grand Prix,ALO,31.0,2.0,HARD,10.0,85.788,1,True
7,Barcelona Grand Prix,ALO,32.0,2.0,HARD,11.0,85.851,1,True
7,Barcelona Grand Prix,ALO,33.0,2.0,HARD,12.0,85.945,1,True
7,Barcelona Grand Prix,ALO,34.0,2.0,HARD,13.0,86.215,1,True
7,Barcelona Grand Prix,ALO,35.0,2.0,HARD,14.0,86.945,1,True
7,Barcelona Grand Prix,ALO,36.0,2.0,HARD,15.0,86.063,1,True
7,Barcelona Grand Prix,ALO,37.0,2.0,HARD,16.0,86.259,1,True
7,Barcelona Grand Prix,ALO,38.0,2.0,HARD,17.0,,126,False
7,Barcelona Grand Prix,LEC,1.0,1.0,MEDIUM,1.0,89.361,1,False
7,Barcelona Grand Prix,LEC,2.0,1.0,MEDIUM,2.0,82.883,1,False
7,Barcelona Grand Prix,LEC,3.0,1.0,MEDIUM,3.0,82.65,1,True
7,Barcelona Grand Prix,LEC,4.0,1.0,MEDIUM,4.0,82.914,1,True
7,Barcelona Grand Prix,LEC,5.0,1.0,MEDIUM,5.0,83.063,1,True
7,Barcelona Grand Prix,LEC,6.0,1.0,MEDIUM,6.0,83.835,1,True
7,Barcelona Grand Prix,LEC,7.0,1.0,MEDIUM,7.0,83.102,1,True
7,Barcelona Grand Prix,LEC,8.0,1.0,MEDIUM,8.0,83.402,1,True
7,Barcelona Grand Prix,LEC,9.0,1.0,MEDIUM,9.0,83.561,1,True
7,Barcelona Grand Prix,LEC,10.0,1.0,MEDIUM,10.0,83.8,1,True
7,Barcelona Grand Prix,LEC,11.0,1.0,MEDIUM,11.0,84.178,1,True
7,Barcelona Grand Prix,LEC,12.0,1.0,MEDIUM,12.0,84.3,1,True
7,Barcelona Grand Prix,LEC,13.0,1.0,MEDIUM,13.0,83.51,1,True
7,Barcelona Grand Prix,LEC,14.0,1.0,MEDIUM,14.0,83.996,1,True
7,Barcelona Grand Prix,LEC,15.0,1.0,MEDIUM,15.0,84.039,1,True
7,Barcelona Grand Prix,LEC,16.0,1.0,MEDIUM,16.0,87.915,1,False
7,Barcelona Grand Prix,LEC,17.0,2.0,HARD,1.0,101.974,1,False
7,Barcelona Grand Prix,LEC,18.0,2.0,HARD,2.0,82.198,1,True
7,Barcelona Grand Prix,LEC,19.0,2.0,HARD,3.0,81.985,1,True
7,Barcelona Grand Prix,LEC,20.0,2.0,HARD,4.0,81.753,1,True
7,Barcelona Grand Prix,LEC,21.0,2.0,HARD,5.0,81.589,1,True
7,Barcelona Grand Prix,LEC,22.0,2.0,HARD,6.0,82.011,1,True
7,Barcelona Grand Prix,LEC,23.0,2.0,HARD,7.0,81.864,1,True
7,Barcelona Grand Prix,LEC,24.0,2.0,HARD,8.0,82.463,1,True
7,Barcelona Grand Prix,LEC,25.0,2.0,HARD,9.0,82.6,1,True
7,Barcelona Grand Prix,LEC,26.0,2.0,HARD,10.0,82.735,1,True
7,Barcelona Grand Prix,LEC,27.0,2.0,HARD,11.0,83.196,1,True
7,Barcelona Grand Prix,LEC,28.0,2.0,HARD,12.0,83.068,1,True
7,Barcelona Grand Prix,LEC,29.0,2.0,HARD,13.0,83.124,1,True
7,Barcelona Grand Prix,LEC,30.0,2.0,HARD,14.0,82.705,1,True
7,Barcelona Grand Prix,LEC,31.0,2.0,HARD,15.0,82.853,1,True
7,Barcelona Grand Prix,LEC,32.0,2.0,HARD,16.0,84.187,1,True
7,Barcelona Grand Prix,LEC,33.0,2.0,HARD,17.0,83.328,1,True
7,Barcelona Grand Prix,LEC,34.0,2.0,HARD,18.0,82.962,1,True
7,Barcelona Grand Prix,LEC,35.0,2.0,HARD,19.0,83.04,1,True
7,Barcelona Grand Prix,LEC,36.0,2.0,HARD,20.0,82.768,1,True
7,Barcelona Grand Prix,LEC,37.0,2.0,HARD,21.0,83.024,1,True
7,Barcelona Grand Prix,LEC,38.0,2.0,HARD,22.0,83.515,1,True
7,Barcelona Grand Prix,LEC,39.0,2.0,HARD,23.0,88.314,1,False
7,Barcelona Grand Prix,LEC,40.0,3.0,HARD,1.0,114.194,126,False
7,Barcelona Grand Prix,LEC,41.0,3.0,HARD,2.0,104.778,671,False
7,Barcelona Grand Prix,LEC,42.0,3.0,HARD,3.0,80.627,1,True
7,Barcelona Grand Prix,LEC,43.0,3.0,HARD,4.0,80.999,1,True
7,Barcelona Grand Prix,LEC,44.0,3.0,HARD,5.0,80.74,1,True
7,Barcelona Grand Prix,LEC,45.0,3.0,HARD,6.0,80.881,1,True
7,Barcelona Grand Prix,LEC,46.0,3.0,HARD,7.0,80.458,1,True
7,Barcelona Grand Prix,LEC,47.0,3.0,HARD,8.0,80.379,1,True
7,Barcelona Grand Prix,LEC,48.0,3.0,HARD,9.0,81.017,1,True
7,Barcelona Grand Prix,LEC,49.0,3.0,HARD,10.0,80.884,1,True
7,Barcelona Grand Prix,LEC,50.0,3.0,HARD,11.0,82.376,1,True
7,Barcelona Grand Prix,LEC,51.0,3.0,HARD,12.0,81.681,1,True
7,Barcelona Grand Prix,LEC,52.0,3.0,HARD,13.0,82.154,1,True
7,Barcelona Grand Prix,LEC,53.0,3.0,HARD,14.0,81.875,1,True
7,Barcelona Grand Prix,LEC,54.0,3.0,HARD,15.0,82.01,1,True
7,Barcelona Grand Prix,LEC,55.0,3.0,HARD,16.0,82.015,1,True
7,Barcelona Grand Prix,LEC,56.0,3.0,HARD,17.0,82.768,1,True
7,Barcelona Grand Prix,LEC,57.0,3.0,HARD,18.0,82.45,1,True
7,Barcelona Grand Prix,LEC,58.0,3.0,HARD,19.0,82.265,1,True
7,Barcelona Grand Prix,LEC,59.0,3.0,HARD,20.0,82.196,1,True
7,Barcelona Grand Prix,LEC,60.0,3.0,HARD,21.0,83.072,1,True
7,Barcelona Grand Prix,LEC,61.0,3.0,HARD,22.0,82.855,1,True
7,Barcelona Grand Prix,LEC,62.0,3.0,HARD,23.0,125.258,126,False
7,Barcelona Grand Prix,STR,1.0,1.0,HARD,1.0,96.077,1,False
7,Barcelona Grand Prix,STR,2.0,1.0,HARD,2.0,86.301,1,False
7,Barcelona Grand Prix,STR,3.0,1.0,HARD,3.0,85.904,1,True
7,Barcelona Grand Prix,STR,4.0,1.0,HARD,4.0,86.43,1,True
7,Barcelona Grand Prix,STR,5.0,1.0,HARD,5.0,94.345,1,False
7,Barcelona Grand Prix,ALB,1.0,1.0,MEDIUM,1.0,94.507,1,False
7,Barcelona Grand Prix,ALB,2.0,1.0,MEDIUM,2.0,85.305,1,False
7,Barcelona Grand Prix,ALB,3.0,1.0,MEDIUM,3.0,85.324,1,True
7,Barcelona Grand Prix,ALB,4.0,1.0,MEDIUM,4.0,85.32,1,True
7,Barcelona Grand Prix,ALB,5.0,1.0,MEDIUM,5.0,85.707,1,True
7,Barcelona Grand Prix,ALB,6.0,1.0,MEDIUM,6.0,85.68,1,True
7,Barcelona Grand Prix,ALB,7.0,1.0,MEDIUM,7.0,86.108,1,True
7,Barcelona Grand Prix,ALB,8.0,1.0,MEDIUM,8.0,86.438,1,True
7,Barcelona Grand Prix,ALB,9.0,1.0,MEDIUM,9.0,86.588,1,True
7,Barcelona Grand Prix,ALB,10.0,1.0,MEDIUM,10.0,86.564,1,True
7,Barcelona Grand Prix,ALB,11.0,1.0,MEDIUM,11.0,86.477,1,True
7,Barcelona Grand Prix,ALB,12.0,1.0,MEDIUM,12.0,86.569,1,True
7,Barcelona Grand Prix,ALB,13.0,1.0,MEDIUM,13.0,90.373,1,False
7,Barcelona Grand Prix,ALB,14.0,2.0,HARD,1.0,106.18,1,False
7,Barcelona Grand Prix,ALB,15.0,2.0,HARD,2.0,84.482,1,True
7,Barcelona Grand Prix,ALB,16.0,2.0,HARD,3.0,84.973,1,True
7,Barcelona Grand Prix,ALB,17.0,2.0,HARD,4.0,85.538,1,True
7,Barcelona Grand Prix,ALB,18.0,2.0,HARD,5.0,84.969,1,True
7,Barcelona Grand Prix,ALB,19.0,2.0,HARD,6.0,85.022,1,True
7,Barcelona Grand Prix,ALB,20.0,2.0,HARD,7.0,85.443,1,True
7,Barcelona Grand Prix,ALB,21.0,2.0,HARD,8.0,85.217,1,True
7,Barcelona Grand Prix,ALB,22.0,2.0,HARD,9.0,85.301,1,True
7,Barcelona Grand Prix,ALB,23.0,2.0,HARD,10.0,85.909,1,True
7,Barcelona Grand Prix,ALB,24.0,2.0,HARD,11.0,87.824,1,True
7,Barcelona Grand Prix,ALB,25.0,2.0,HARD,12.0,88.019,1,True
7,Barcelona Grand Prix,ALB,26.0,2.0,HARD,13.0,85.213,1,True
7,Barcelona Grand Prix,ALB,27.0,2.0,HARD,14.0,85.467,1,True
7,Barcelona Grand Prix,ALB,28.0,2.0,HARD,15.0,88.197,1,True
7,Barcelona Grand Prix,ALB,29.0,2.0,HARD,16.0,90.544,1,False
7,Barcelona Grand Prix,ALB,30.0,3.0,HARD,1.0,105.271,1,False
7,Barcelona Grand Prix,ALB,31.0,3.0,HARD,2.0,84.343,1,True
7,Barcelona Grand Prix,ALB,32.0,3.0,HARD,3.0,83.803,1,True
7,Barcelona Grand Prix,ALB,33.0,3.0,HARD,4.0,84.379,1,True
7,Barcelona Grand Prix,ALB,34.0,3.0,HARD,5.0,87.738,1,False
7,Barcelona Grand Prix,ALB,35.0,4.0,SOFT,1.0,,1267,False
7,Barcelona Grand Prix,ALB,36.0,4.0,SOFT,2.0,83.151,1,True
7,Barcelona Grand Prix,ALB,37.0,4.0,SOFT,3.0,83.195,1,True
7,Barcelona Grand Prix,ALB,38.0,4.0,SOFT,4.0,83.194,1,True
7,Barcelona Grand Prix,ALB,39.0,4.0,SOFT,5.0,83.287,1,True
7,Barcelona Grand Prix,ALB,40.0,4.0,SOFT,6.0,83.573,1,True
7,Barcelona Grand Prix,ALB,41.0,4.0,SOFT,7.0,83.41,1,True
7,Barcelona Grand Prix,ALB,42.0,4.0,SOFT,8.0,83.602,1,True
7,Barcelona Grand Prix,ALB,43.0,4.0,SOFT,9.0,86.038,1,True
7,Barcelona Grand Prix,ALB,44.0,4.0,SOFT,10.0,83.69,1,True
7,Barcelona Grand Prix,ALB,45.0,4.0,SOFT,11.0,83.638,1,True
7,Barcelona Grand Prix,ALB,46.0,4.0,SOFT,12.0,85.518,1,True
7,Barcelona Grand Prix,ALB,47.0,4.0,SOFT,13.0,84.152,1,True
7,Barcelona Grand Prix,ALB,48.0,4.0,SOFT,14.0,83.85,1,True
7,Barcelona Grand Prix,ALB,49.0,4.0,SOFT,15.0,84.407,1,True
7,Barcelona Grand Prix,ALB,50.0,4.0,SOFT,16.0,88.162,1,False
7,Barcelona Grand Prix,ALB,51.0,5.0,SOFT,4.0,111.75,126,False
7,Barcelona Grand Prix,ALB,52.0,5.0,SOFT,5.0,107.395,6,False
7,Barcelona Grand Prix,ALB,53.0,5.0,SOFT,6.0,105.482,671,False
7,Barcelona Grand Prix,ALB,54.0,5.0,SOFT,7.0,81.744,1,True
7,Barcelona Grand Prix,ALB,55.0,5.0,SOFT,8.0,83.588,1,True
7,Barcelona Grand Prix,HUL,1.0,1.0,SOFT,1.0,90.923,1,False
7,Barcelona Grand Prix,HUL,2.0,1.0,SOFT,2.0,83.447,1,False
7,Barcelona Grand Prix,HUL,3.0,1.0,SOFT,3.0,84.0,1,True
7,Barcelona Grand Prix,HUL,4.0,1.0,SOFT,4.0,83.806,1,True
7,Barcelona Grand Prix,HUL,5.0,1.0,SOFT,5.0,84.387,1,True
7,Barcelona Grand Prix,HUL,6.0,1.0,SOFT,6.0,85.236,1,True
7,Barcelona Grand Prix,HUL,7.0,1.0,SOFT,7.0,85.328,1,True
7,Barcelona Grand Prix,HUL,8.0,1.0,SOFT,8.0,85.106,1,True
7,Barcelona Grand Prix,HUL,9.0,1.0,SOFT,9.0,85.099,1,True
7,Barcelona Grand Prix,HUL,10.0,1.0,SOFT,10.0,85.451,1,True
7,Barcelona Grand Prix,HUL,11.0,1.0,SOFT,11.0,85.387,1,True
7,Barcelona Grand Prix,HUL,12.0,1.0,SOFT,12.0,85.745,1,True
7,Barcelona Grand Prix,HUL,13.0,1.0,SOFT,13.0,89.911,1,False
7,Barcelona Grand Prix,HUL,14.0,2.0,HARD,1.0,104.738,1,False
7,Barcelona Grand Prix,HUL,15.0,2.0,HARD,2.0,84.779,1,True
7,Barcelona Grand Prix,HUL,16.0,2.0,HARD,3.0,84.126,1,True
7,Barcelona Grand Prix,HUL,17.0,2.0,HARD,4.0,84.467,1,True
7,Barcelona Grand Prix,HUL,18.0,2.0,HARD,5.0,84.879,1,True
7,Barcelona Grand Prix,HUL,19.0,2.0,HARD,6.0,83.954,1,True
7,Barcelona Grand Prix,HUL,20.0,2.0,HARD,7.0,84.238,1,True
7,Barcelona Grand Prix,HUL,21.0,2.0,HARD,8.0,84.071,1,True
7,Barcelona Grand Prix,HUL,22.0,2.0,HARD,9.0,84.026,1,True
7,Barcelona Grand Prix,HUL,23.0,2.0,HARD,10.0,84.338,1,True
7,Barcelona Grand Prix,HUL,24.0,2.0,HARD,11.0,85.26,1,True
7,Barcelona Grand Prix,HUL,25.0,2.0,HARD,12.0,84.607,1,True
7,Barcelona Grand Prix,HUL,26.0,2.0,HARD,13.0,84.672,1,True
7,Barcelona Grand Prix,HUL,27.0,2.0,HARD,14.0,84.773,1,True
7,Barcelona Grand Prix,HUL,28.0,2.0,HARD,15.0,85.105,1,True
7,Barcelona Grand Prix,HUL,29.0,2.0,HARD,16.0,95.736,1,False
7,Barcelona Grand Prix,VER,1.0,1.0,SOFT,4.0,87.92,1,False
7,Barcelona Grand Prix,VER,2.0,1.0,SOFT,5.0,82.628,1,False
7,Barcelona Grand Prix,VER,3.0,1.0,SOFT,6.0,82.734,1,True
7,Barcelona Grand Prix,VER,4.0,1.0,SOFT,7.0,82.998,1,True
7,Barcelona Grand Prix,VER,5.0,1.0,SOFT,8.0,83.029,1,True
7,Barcelona Grand Prix,VER,6.0,1.0,SOFT,9.0,83.413,1,True
7,Barcelona Grand Prix,VER,7.0,1.0,SOFT,10.0,83.343,1,True
7,Barcelona Grand Prix,VER,8.0,1.0,SOFT,11.0,83.663,1,True
7,Barcelona Grand Prix,VER,9.0,1.0,SOFT,12.0,83.969,1,True
7,Barcelona Grand Prix,VER,10.0,1.0,SOFT,13.0,84.313,1,True
7,Barcelona Grand Prix,VER,11.0,1.0,SOFT,14.0,84.177,1,True
7,Barcelona Grand Prix,VER,12.0,1.0,SOFT,15.0,88.494,1,False
7,Barcelona Grand Prix,VER,13.0,2.0,MEDIUM,1.0,101.097,1,False
7,Barcelona Grand Prix,VER,14.0,2.0,MEDIUM,2.0,81.904,1,True
7,Barcelona Grand Prix,VER,15.0,2.0,MEDIUM,3.0,81.917,1,True
7,Barcelona Grand Prix,VER,16.0,2.0,MEDIUM,4.0,82.198,1,True
7,Barcelona Grand Prix,VER,17.0,2.0,MEDIUM,5.0,82.32,1,True
7,Barcelona Grand Prix,VER,18.0,2.0,MEDIUM,6.0,82.487,1,True
7,Barcelona Grand Prix,VER,19.0,2.0,MEDIUM,7.0,82.523,1,True
7,Barcelona Grand Prix,VER,20.0,2.0,MEDIUM,8.0,82.87,1,True
7,Barcelona Grand Prix,VER,21.0,2.0,MEDIUM,9.0,82.877,1,True
7,Barcelona Grand Prix,VER,22.0,2.0,MEDIUM,10.0,82.821,1,True
7,Barcelona Grand Prix,VER,23.0,2.0,MEDIUM,11.0,82.807,1,True
7,Barcelona Grand Prix,VER,24.0,2.0,MEDIUM,12.0,82.811,1,True
7,Barcelona Grand Prix,VER,25.0,2.0,MEDIUM,13.0,83.054,1,True
7,Barcelona Grand Prix,VER,26.0,2.0,MEDIUM,14.0,83.212,1,True
7,Barcelona Grand Prix,VER,27.0,2.0,MEDIUM,15.0,83.483,1,True
7,Barcelona Grand Prix,VER,28.0,2.0,MEDIUM,16.0,83.309,1,True
7,Barcelona Grand Prix,VER,29.0,2.0,MEDIUM,17.0,87.242,1,False
7,Barcelona Grand Prix,VER,30.0,3.0,HARD,1.0,102.514,1,False
7,Barcelona Grand Prix,VER,31.0,3.0,HARD,2.0,81.222,1,True
7,Barcelona Grand Prix,VER,32.0,3.0,HARD,3.0,81.72,1,True
7,Barcelona Grand Prix,VER,33.0,3.0,HARD,4.0,81.545,1,True
7,Barcelona Grand Prix,VER,34.0,3.0,HARD,5.0,81.829,1,True
7,Barcelona Grand Prix,VER,35.0,3.0,HARD,6.0,81.774,1,True
7,Barcelona Grand Prix,VER,36.0,3.0,HARD,7.0,82.121,1,True
7,Barcelona Grand Prix,VER,37.0,3.0,HARD,8.0,81.884,1,True
7,Barcelona Grand Prix,VER,38.0,3.0,HARD,9.0,81.92,1,True
7,Barcelona Grand Prix,VER,39.0,3.0,HARD,10.0,82.098,1,True
7,Barcelona Grand Prix,VER,40.0,3.0,HARD,11.0,92.671,126,False
7,Barcelona Grand Prix,VER,41.0,4.0,MEDIUM,1.0,120.78,671,False
7,Barcelona Grand Prix,VER,42.0,4.0,MEDIUM,2.0,80.23,1,True
7,Barcelona Grand Prix,VER,43.0,4.0,MEDIUM,3.0,80.534,1,True
7,Barcelona Grand Prix,VER,44.0,4.0,MEDIUM,4.0,80.691,1,True
7,Barcelona Grand Prix,VER,45.0,4.0,MEDIUM,5.0,80.781,1,True
7,Barcelona Grand Prix,VER,46.0,4.0,MEDIUM,6.0,80.467,1,True
7,Barcelona Grand Prix,VER,47.0,4.0,MEDIUM,7.0,80.85,1,True
7,Barcelona Grand Prix,VER,48.0,4.0,MEDIUM,8.0,80.978,1,True
7,Barcelona Grand Prix,VER,49.0,4.0,MEDIUM,9.0,81.104,1,True
7,Barcelona Grand Prix,VER,50.0,4.0,MEDIUM,10.0,81.793,1,True
7,Barcelona Grand Prix,VER,51.0,4.0,MEDIUM,11.0,81.284,1,True
7,Barcelona Grand Prix,VER,52.0,4.0,MEDIUM,12.0,81.474,1,True
7,Barcelona Grand Prix,VER,53.0,4.0,MEDIUM,13.0,81.252,1,True
7,Barcelona Grand Prix,VER,54.0,4.0,MEDIUM,14.0,81.509,1,True
7,Barcelona Grand Prix,VER,55.0,4.0,MEDIUM,15.0,81.551,1,True
7,Barcelona Grand Prix,VER,56.0,4.0,MEDIUM,16.0,81.612,1,True
7,Barcelona Grand Prix,VER,57.0,4.0,MEDIUM,17.0,81.505,1,True
7,Barcelona Grand Prix,VER,58.0,4.0,MEDIUM,18.0,81.895,1,True
7,Barcelona Grand Prix,VER,59.0,4.0,MEDIUM,19.0,82.069,1,True
7,Barcelona Grand Prix,VER,60.0,4.0,MEDIUM,20.0,82.521,1,True
7,Barcelona Grand Prix,VER,61.0,4.0,MEDIUM,21.0,82.511,1,True
7,Barcelona Grand Prix,VER,62.0,4.0,MEDIUM,22.0,88.107,126,False
7,Barcelona Grand Prix,VER,63.0,4.0,MEDIUM,23.0,109.582,6,False
7,Barcelona Grand Prix,VER,64.0,4.0,MEDIUM,24.0,105.613,671,False
7,Barcelona Grand Prix,VER,65.0,4.0,MEDIUM,25.0,83.474,1,True
7,Barcelona Grand Prix,VER,66.0,4.0,MEDIUM,26.0,83.524,1,True
7,Barcelona Grand Prix,LAW,1.0,1.0,MEDIUM,1.0,90.071,1,False
7,Barcelona Grand Prix,LAW,2.0,1.0,MEDIUM,2.0,83.785,1,False
7,Barcelona Grand Prix,LAW,3.0,1.0,MEDIUM,3.0,83.74,1,True
7,Barcelona Grand Prix,LAW,4.0,1.0,MEDIUM,4.0,83.868,1,True
7,Barcelona Grand Prix,LAW,5.0,1.0,MEDIUM,5.0,84.374,1,True
7,Barcelona Grand Prix,LAW,6.0,1.0,MEDIUM,6.0,85.203,1,True
7,Barcelona Grand Prix,LAW,7.0,1.0,MEDIUM,7.0,84.783,1,True
7,Barcelona Grand Prix,LAW,8.0,1.0,MEDIUM,8.0,85.309,1,True
7,Barcelona Grand Prix,LAW,9.0,1.0,MEDIUM,9.0,85.185,1,True
7,Barcelona Grand Prix,LAW,10.0,1.0,MEDIUM,10.0,85.289,1,True
7,Barcelona Grand Prix,LAW,11.0,1.0,MEDIUM,11.0,89.068,1,False
7,Barcelona Grand Prix,LAW,12.0,2.0,HARD,1.0,106.877,1,False
7,Barcelona Grand Prix,LAW,13.0,2.0,HARD,2.0,84.085,1,True
7,Barcelona Grand Prix,LAW,14.0,2.0,HARD,3.0,84.87,1,True
7,Barcelona Grand Prix,LAW,15.0,2.0,HARD,4.0,84.567,1,True
7,Barcelona Grand Prix,LAW,16.0,2.0,HARD,5.0,84.406,1,True
7,Barcelona Grand Prix,LAW,17.0,2.0,HARD,6.0,85.193,1,True
7,Barcelona Grand Prix,LAW,18.0,2.0,HARD,7.0,85.328,1,True
7,Barcelona Grand Prix,LAW,19.0,2.0,HARD,8.0,84.025,1,True
7,Barcelona Grand Prix,LAW,20.0,2.0,HARD,9.0,84.07,1,True
7,Barcelona Grand Prix,LAW,21.0,2.0,HARD,10.0,84.077,1,True
7,Barcelona Grand Prix,LAW,22.0,2.0,HARD,11.0,84.326,1,True
7,Barcelona Grand Prix,LAW,23.0,2.0,HARD,12.0,84.449,1,True
7,Barcelona Grand Prix,LAW,24.0,2.0,HARD,13.0,85.03,1,True
7,Barcelona Grand Prix,LAW,25.0,2.0,HARD,14.0,84.495,1,True
7,Barcelona Grand Prix,LAW,26.0,2.0,HARD,15.0,84.941,1,True
7,Barcelona Grand Prix,LAW,27.0,2.0,HARD,16.0,84.682,1,True
7,Barcelona Grand Prix,LAW,28.0,2.0,HARD,17.0,84.888,1,True
7,Barcelona Grand Prix,LAW,29.0,2.0,HARD,18.0,84.901,1,True
7,Barcelona Grand Prix,LAW,30.0,2.0,HARD,19.0,85.033,1,True
7,Barcelona Grand Prix,LAW,31.0,2.0,HARD,20.0,85.103,1,True
7,Barcelona Grand Prix,LAW,32.0,2.0,HARD,21.0,85.134,1,True
7,Barcelona Grand Prix,LAW,33.0,2.0,HARD,22.0,85.27,1,True
7,Barcelona Grand Prix,LAW,34.0,2.0,HARD,23.0,85.306,1,True
7,Barcelona Grand Prix,LAW,35.0,2.0,HARD,24.0,89.233,1,False
7,Barcelona Grand Prix,LAW,36.0,3.0,HARD,1.0,103.904,1,False
7,Barcelona Grand Prix,LAW,37.0,3.0,HARD,2.0,86.413,1,True
7,Barcelona Grand Prix,LAW,38.0,3.0,HARD,3.0,83.223,1,True
7,Barcelona Grand Prix,LAW,39.0,3.0,HARD,4.0,90.459,126,False
7,Barcelona Grand Prix,LAW,40.0,3.0,HARD,5.0,107.158,67,False
7,Barcelona Grand Prix,LAW,41.0,3.0,HARD,6.0,87.148,71,False
7,Barcelona Grand Prix,LAW,42.0,3.0,HARD,7.0,82.964,1,True
7,Barcelona Grand Prix,LAW,43.0,3.0,HARD,8.0,82.829,1,True
7,Barcelona Grand Prix,LAW,44.0,3.0,HARD,9.0,82.886,1,True
7,Barcelona Grand Prix,LAW,45.0,3.0,HARD,10.0,82.691,1,True
7,Barcelona Grand Prix,LAW,46.0,3.0,HARD,11.0,82.708,1,True
7,Barcelona Grand Prix,LAW,47.0,3.0,HARD,12.0,85.417,1,True
7,Barcelona Grand Prix,LAW,48.0,3.0,HARD,13.0,83.166,1,True
7,Barcelona Grand Prix,LAW,49.0,3.0,HARD,14.0,83.428,1,True
7,Barcelona Grand Prix,LAW,50.0,3.0,HARD,15.0,83.455,1,True
7,Barcelona Grand Prix,LAW,51.0,3.0,HARD,16.0,85.233,1,True
7,Barcelona Grand Prix,LAW,52.0,3.0,HARD,17.0,83.668,1,True
7,Barcelona Grand Prix,LAW,53.0,3.0,HARD,18.0,83.447,1,True
7,Barcelona Grand Prix,LAW,54.0,3.0,HARD,19.0,83.643,1,True
7,Barcelona Grand Prix,LAW,55.0,3.0,HARD,20.0,84.251,1,True
7,Barcelona Grand Prix,LAW,56.0,3.0,HARD,21.0,83.904,1,True
7,Barcelona Grand Prix,LAW,57.0,3.0,HARD,22.0,83.666,1,True
7,Barcelona Grand Prix,LAW,58.0,3.0,HARD,23.0,83.586,1,True
7,Barcelona Grand Prix,LAW,59.0,3.0,HARD,24.0,83.527,1,True
7,Barcelona Grand Prix,LAW,60.0,3.0,HARD,25.0,83.625,1,True
7,Barcelona Grand Prix,LAW,61.0,3.0,HARD,26.0,100.559,126,False
7,Barcelona Grand Prix,LAW,62.0,3.0,HARD,27.0,106.592,6,False
7,Barcelona Grand Prix,LAW,63.0,3.0,HARD,28.0,97.267,671,False
7,Barcelona Grand Prix,LAW,64.0,3.0,HARD,29.0,83.887,1,True
7,Barcelona Grand Prix,LAW,65.0,3.0,HARD,30.0,84.661,1,True
7,Barcelona Grand Prix,OCO,1.0,1.0,SOFT,1.0,93.891,1,False
7,Barcelona Grand Prix,OCO,2.0,1.0,SOFT,2.0,84.454,1,False
7,Barcelona Grand Prix,OCO,3.0,1.0,SOFT,3.0,84.984,1,True
7,Barcelona Grand Prix,OCO,4.0,1.0,SOFT,4.0,84.865,1,True
7,Barcelona Grand Prix,OCO,5.0,1.0,SOFT,5.0,85.153,1,True
7,Barcelona Grand Prix,OCO,6.0,1.0,SOFT,6.0,85.635,1,True
7,Barcelona Grand Prix,OCO,7.0,1.0,SOFT,7.0,85.854,1,True
7,Barcelona Grand Prix,OCO,8.0,1.0,SOFT,8.0,85.775,1,True
7,Barcelona Grand Prix,OCO,9.0,1.0,SOFT,9.0,86.339,1,True
7,Barcelona Grand Prix,OCO,10.0,1.0,SOFT,10.0,86.661,1,True
7,Barcelona Grand Prix,OCO,11.0,1.0,SOFT,11.0,86.644,1,True
7,Barcelona Grand Prix,OCO,12.0,1.0,SOFT,12.0,86.773,1,True
7,Barcelona Grand Prix,OCO,13.0,1.0,SOFT,13.0,91.048,1,False
7,Barcelona Grand Prix,OCO,14.0,2.0,HARD,1.0,104.509,1,False
7,Barcelona Grand Prix,OCO,15.0,2.0,HARD,2.0,84.131,1,True
7,Barcelona Grand Prix,OCO,16.0,2.0,HARD,3.0,84.675,1,True
7,Barcelona Grand Prix,OCO,17.0,2.0,HARD,4.0,84.219,1,True
7,Barcelona Grand Prix,OCO,18.0,2.0,HARD,5.0,84.304,1,True
7,Barcelona Grand Prix,OCO,19.0,2.0,HARD,6.0,84.508,1,True
7,Barcelona Grand Prix,OCO,20.0,2.0,HARD,7.0,84.786,1,True
7,Barcelona Grand Prix,OCO,21.0,2.0,HARD,8.0,84.765,1,True
7,Barcelona Grand Prix,OCO,22.0,2.0,HARD,9.0,84.981,1,True
7,Barcelona Grand Prix,OCO,23.0,2.0,HARD,10.0,85.125,1,True
7,Barcelona Grand Prix,OCO,24.0,2.0,HARD,11.0,86.361,1,True
7,Barcelona Grand Prix,OCO,25.0,2.0,HARD,12.0,85.332,1,True
7,Barcelona Grand Prix,OCO,26.0,2.0,HARD,13.0,86.423,1,True
7,Barcelona Grand Prix,OCO,27.0,2.0,HARD,14.0,86.674,1,True
7,Barcelona Grand Prix,OCO,28.0,2.0,HARD,15.0,87.143,1,True
7,Barcelona Grand Prix,OCO,29.0,2.0,HARD,16.0,86.676,1,True
7,Barcelona Grand Prix,OCO,30.0,2.0,HARD,17.0,86.566,1,True
7,Barcelona Grand Prix,OCO,31.0,2.0,HARD,18.0,86.811,1,True
7,Barcelona Grand Prix,OCO,32.0,2.0,HARD,19.0,87.222,1,True
7,Barcelona Grand Prix,OCO,33.0,2.0,HARD,20.0,85.892,1,True
7,Barcelona Grand Prix,OCO,34.0,2.0,HARD,21.0,91.087,1,False
7,Barcelona Grand Prix,OCO,35.0,3.0,MEDIUM,1.0,106.543,1,False
7,Barcelona Grand Prix,OCO,36.0,3.0,MEDIUM,2.0,83.109,1,True
7,Barcelona Grand Prix,OCO,37.0,3.0,MEDIUM,3.0,83.252,1,True
7,Barcelona Grand Prix,OCO,38.0,3.0,MEDIUM,4.0,83.402,12,False
7,Barcelona Grand Prix,OCO,39.0,3.0,MEDIUM,5.0,101.185,26,False
7,Barcelona Grand Prix,OCO,40.0,3.0,MEDIUM,6.0,99.739,671,False
7,Barcelona Grand Prix,OCO,41.0,3.0,MEDIUM,7.0,83.215,1,True
7,Barcelona Grand Prix,OCO,42.0,3.0,MEDIUM,8.0,83.222,1,True
7,Barcelona Grand Prix,OCO,43.0,3.0,MEDIUM,9.0,83.055,1,True
7,Barcelona Grand Prix,OCO,44.0,3.0,MEDIUM,10.0,83.657,1,True
7,Barcelona Grand Prix,OCO,45.0,3.0,MEDIUM,11.0,83.665,1,True
7,Barcelona Grand Prix,OCO,46.0,3.0,MEDIUM,12.0,85.35,1,True
7,Barcelona Grand Prix,OCO,47.0,3.0,MEDIUM,13.0,83.921,1,True
7,Barcelona Grand Prix,OCO,48.0,3.0,MEDIUM,14.0,83.923,1,True
7,Barcelona Grand Prix,OCO,49.0,3.0,MEDIUM,15.0,83.819,1,True
7,Barcelona Grand Prix,OCO,50.0,3.0,MEDIUM,16.0,84.442,1,True
7,Barcelona Grand Prix,OCO,51.0,3.0,MEDIUM,17.0,84.641,1,True
7,Barcelona Grand Prix,OCO,52.0,3.0,MEDIUM,18.0,85.71,1,True
7,Barcelona Grand Prix,OCO,53.0,3.0,MEDIUM,19.0,84.94,1,True
7,Barcelona Grand Prix,OCO,54.0,3.0,MEDIUM,20.0,84.879,1,True
7,Barcelona Grand Prix,OCO,55.0,3.0,MEDIUM,21.0,88.386,1,True
7,Barcelona Grand Prix,OCO,56.0,3.0,MEDIUM,22.0,85.499,1,True
7,Barcelona Grand Prix,OCO,57.0,3.0,MEDIUM,23.0,86.256,1,True
7,Barcelona Grand Prix,OCO,58.0,3.0,MEDIUM,24.0,90.415,1,False
7,Barcelona Grand Prix,OCO,59.0,4.0,SOFT,1.0,102.395,1,False
7,Barcelona Grand Prix,OCO,60.0,4.0,SOFT,2.0,96.231,126,False
7,Barcelona Grand Prix,OCO,61.0,4.0,SOFT,3.0,107.338,6,False
7,Barcelona Grand Prix,OCO,62.0,4.0,SOFT,4.0,100.045,671,False
7,Barcelona Grand Prix,OCO,63.0,4.0,SOFT,5.0,81.643,1,True
7,Barcelona Grand Prix,OCO,64.0,4.0,SOFT,6.0,83.111,1,True
7,Barcelona Grand Prix,LIN,1.0,1.0,MEDIUM,1.0,90.602,1,False
7,Barcelona Grand Prix,LIN,2.0,1.0,MEDIUM,2.0,84.617,1,False
7,Barcelona Grand Prix,LIN,3.0,1.0,MEDIUM,3.0,84.071,1,True
7,Barcelona Grand Prix,LIN,4.0,1.0,MEDIUM,4.0,84.305,1,True
7,Barcelona Grand Prix,LIN,5.0,1.0,MEDIUM,5.0,84.576,1,True
7,Barcelona Grand Prix,LIN,6.0,1.0,MEDIUM,6.0,85.414,1,True
7,Barcelona Grand Prix,LIN,7.0,1.0,MEDIUM,7.0,85.526,1,True
7,Barcelona Grand Prix,LIN,8.0,1.0,MEDIUM,8.0,85.468,1,True
7,Barcelona Grand Prix,LIN,9.0,1.0,MEDIUM,9.0,85.793,1,True
7,Barcelona Grand Prix,LIN,10.0,1.0,MEDIUM,10.0,86.713,1,True
7,Barcelona Grand Prix,LIN,11.0,1.0,MEDIUM,11.0,85.886,1,True
7,Barcelona Grand Prix,LIN,12.0,1.0,MEDIUM,12.0,85.815,1,True
7,Barcelona Grand Prix,LIN,13.0,1.0,MEDIUM,13.0,86.384,1,True
7,Barcelona Grand Prix,LIN,14.0,1.0,MEDIUM,14.0,85.686,1,True
7,Barcelona Grand Prix,LIN,15.0,1.0,MEDIUM,15.0,86.468,1,True
7,Barcelona Grand Prix,LIN,16.0,1.0,MEDIUM,16.0,85.745,1,True
7,Barcelona Grand Prix,LIN,17.0,1.0,MEDIUM,17.0,85.507,1,True
7,Barcelona Grand Prix,LIN,18.0,1.0,MEDIUM,18.0,85.512,1,True
7,Barcelona Grand Prix,LIN,19.0,1.0,MEDIUM,19.0,85.813,1,True
7,Barcelona Grand Prix,LIN,20.0,1.0,MEDIUM,20.0,86.116,1,True
7,Barcelona Grand Prix,LIN,21.0,1.0,MEDIUM,21.0,87.217,1,True
7,Barcelona Grand Prix,LIN,22.0,1.0,MEDIUM,22.0,90.108,1,False
7,Barcelona Grand Prix,LIN,23.0,2.0,HARD,1.0,104.347,1,False
7,Barcelona Grand Prix,LIN,24.0,2.0,HARD,2.0,83.442,1,True
7,Barcelona Grand Prix,LIN,25.0,2.0,HARD,3.0,84.875,1,True
7,Barcelona Grand Prix,LIN,26.0,2.0,HARD,4.0,83.586,1,True
7,Barcelona Grand Prix,LIN,27.0,2.0,HARD,5.0,83.707,1,True
7,Barcelona Grand Prix,LIN,28.0,2.0,HARD,6.0,84.491,1,True
7,Barcelona Grand Prix,LIN,29.0,2.0,HARD,7.0,88.373,1,True
7,Barcelona Grand Prix,LIN,30.0,2.0,HARD,8.0,84.523,1,True
7,Barcelona Grand Prix,LIN,31.0,2.0,HARD,9.0,84.347,1,True
7,Barcelona Grand Prix,LIN,32.0,2.0,HARD,10.0,85.958,1,True
7,Barcelona Grand Prix,LIN,33.0,2.0,HARD,11.0,84.264,1,True
7,Barcelona Grand Prix,LIN,34.0,2.0,HARD,12.0,85.835,1,True
7,Barcelona Grand Prix,LIN,35.0,2.0,HARD,13.0,84.255,1,True
7,Barcelona Grand Prix,LIN,36.0,2.0,HARD,14.0,83.839,1,True
7,Barcelona Grand Prix,LIN,37.0,2.0,HARD,15.0,87.334,1,False
7,Barcelona Grand Prix,LIN,38.0,3.0,HARD,1.0,104.033,1,False
7,Barcelona Grand Prix,LIN,39.0,3.0,HARD,2.0,94.447,126,False
7,Barcelona Grand Prix,LIN,40.0,3.0,HARD,3.0,105.558,671,False
7,Barcelona Grand Prix,LIN,41.0,3.0,HARD,4.0,84.998,1,True
7,Barcelona Grand Prix,LIN,42.0,3.0,HARD,5.0,82.685,1,True
7,Barcelona Grand Prix,LIN,43.0,3.0,HARD,6.0,84.13,1,True
7,Barcelona Grand Prix,LIN,44.0,3.0,HARD,7.0,82.665,1,True
7,Barcelona Grand Prix,LIN,45.0,3.0,HARD,8.0,81.914,1,True
7,Barcelona Grand Prix,LIN,46.0,3.0,HARD,9.0,82.299,1,True
7,Barcelona Grand Prix,LIN,47.0,3.0,HARD,10.0,82.528,1,True
7,Barcelona Grand Prix,LIN,48.0,3.0,HARD,11.0,82.441,1,True
7,Barcelona Grand Prix,LIN,49.0,3.0,HARD,12.0,83.003,1,True
7,Barcelona Grand Prix,LIN,50.0,3.0,HARD,13.0,83.068,1,True
7,Barcelona Grand Prix,LIN,51.0,3.0,HARD,14.0,83.112,1,True
7,Barcelona Grand Prix,LIN,52.0,3.0,HARD,15.0,82.969,1,True
7,Barcelona Grand Prix,LIN,53.0,3.0,HARD,16.0,82.941,1,True
7,Barcelona Grand Prix,LIN,54.0,3.0,HARD,17.0,83.173,1,True
7,Barcelona Grand Prix,LIN,55.0,3.0,HARD,18.0,83.922,1,True
7,Barcelona Grand Prix,LIN,56.0,3.0,HARD,19.0,83.861,1,True
7,Barcelona Grand Prix,LIN,57.0,3.0,HARD,20.0,83.615,1,True
7,Barcelona Grand Prix,LIN,58.0,3.0,HARD,21.0,83.555,1,True
7,Barcelona Grand Prix,LIN,59.0,3.0,HARD,22.0,83.687,1,True
7,Barcelona Grand Prix,LIN,60.0,3.0,HARD,23.0,83.913,1,True
7,Barcelona Grand Prix,LIN,61.0,3.0,HARD,24.0,100.132,126,False
7,Barcelona Grand Prix,LIN,62.0,3.0,HARD,25.0,107.572,6,False
7,Barcelona Grand Prix,LIN,63.0,3.0,HARD,26.0,97.018,671,False
7,Barcelona Grand Prix,LIN,64.0,3.0,HARD,27.0,83.373,1,True
7,Barcelona Grand Prix,LIN,65.0,3.0,HARD,28.0,83.049,1,True
7,Barcelona Grand Prix,COL,1.0,1.0,SOFT,1.0,91.45,1,False
7,Barcelona Grand Prix,COL,2.0,1.0,SOFT,2.0,84.26,1,False
7,Barcelona Grand Prix,COL,3.0,1.0,SOFT,3.0,84.36,1,True
7,Barcelona Grand Prix,COL,4.0,1.0,SOFT,4.0,84.397,1,True
7,Barcelona Grand Prix,COL,5.0,1.0,SOFT,5.0,84.909,1,True
7,Barcelona Grand Prix,COL,6.0,1.0,SOFT,6.0,84.948,1,True
7,Barcelona Grand Prix,COL,7.0,1.0,SOFT,7.0,86.439,1,True
7,Barcelona Grand Prix,COL,8.0,1.0,SOFT,8.0,85.561,1,True
7,Barcelona Grand Prix,COL,9.0,1.0,SOFT,9.0,86.184,1,True
7,Barcelona Grand Prix,COL,10.0,1.0,SOFT,10.0,86.102,1,True
7,Barcelona Grand Prix,COL,11.0,1.0,SOFT,11.0,85.71,1,True
7,Barcelona Grand Prix,COL,12.0,1.0,SOFT,12.0,89.443,1,False
7,Barcelona Grand Prix,COL,13.0,2.0,HARD,1.0,104.099,1,False
7,Barcelona Grand Prix,COL,14.0,2.0,HARD,2.0,83.746,1,True
7,Barcelona Grand Prix,COL,15.0,2.0,HARD,3.0,83.766,1,True
7,Barcelona Grand Prix,COL,16.0,2.0,HARD,4.0,84.335,1,True
7,Barcelona Grand Prix,COL,17.0,2.0,HARD,5.0,84.333,1,True
7,Barcelona Grand Prix,COL,18.0,2.0,HARD,6.0,84.065,1,True
7,Barcelona Grand Prix,COL,19.0,2.0,HARD,7.0,85.623,1,True
7,Barcelona Grand Prix,COL,20.0,2.0,HARD,8.0,84.417,1,True
7,Barcelona Grand Prix,COL,21.0,2.0,HARD,9.0,84.097,1,True
7,Barcelona Grand Prix,COL,22.0,2.0,HARD,10.0,84.176,1,True
7,Barcelona Grand Prix,COL,23.0,2.0,HARD,11.0,84.469,1,True
7,Barcelona Grand Prix,COL,24.0,2.0,HARD,12.0,85.027,1,True
7,Barcelona Grand Prix,COL,25.0,2.0,HARD,13.0,84.908,1,True
7,Barcelona Grand Prix,COL,26.0,2.0,HARD,14.0,84.961,1,True
7,Barcelona Grand Prix,COL,27.0,2.0,HARD,15.0,84.492,1,True
7,Barcelona Grand Prix,COL,28.0,2.0,HARD,16.0,84.582,1,True
7,Barcelona Grand Prix,COL,29.0,2.0,HARD,17.0,84.374,1,True
7,Barcelona Grand Prix,COL,30.0,2.0,HARD,18.0,84.336,1,True
7,Barcelona Grand Prix,COL,31.0,2.0,HARD,19.0,84.641,1,True
7,Barcelona Grand Prix,COL,32.0,2.0,HARD,20.0,84.743,1,True
7,Barcelona Grand Prix,COL,33.0,2.0,HARD,21.0,85.632,1,True
7,Barcelona Grand Prix,COL,34.0,2.0,HARD,22.0,88.651,1,False
7,Barcelona Grand Prix,COL,35.0,3.0,HARD,1.0,102.632,1,False
7,Barcelona Grand Prix,COL,36.0,3.0,HARD,2.0,83.197,1,True
7,Barcelona Grand Prix,COL,37.0,3.0,HARD,3.0,83.54,1,True
7,Barcelona Grand Prix,COL,38.0,3.0,HARD,4.0,85.911,1,True
7,Barcelona Grand Prix,COL,39.0,3.0,HARD,5.0,90.454,126,False
7,Barcelona Grand Prix,COL,40.0,3.0,HARD,6.0,106.371,6,False
7,Barcelona Grand Prix,COL,41.0,3.0,HARD,7.0,86.845,671,False
7,Barcelona Grand Prix,COL,42.0,3.0,HARD,8.0,82.652,1,True
7,Barcelona Grand Prix,COL,43.0,3.0,HARD,9.0,82.449,1,True
7,Barcelona Grand Prix,COL,44.0,3.0,HARD,10.0,82.509,1,True
7,Barcelona Grand Prix,COL,45.0,3.0,HARD,11.0,82.682,1,True
7,Barcelona Grand Prix,COL,46.0,3.0,HARD,12.0,83.113,1,True
7,Barcelona Grand Prix,COL,47.0,3.0,HARD,13.0,83.321,1,True
7,Barcelona Grand Prix,COL,48.0,3.0,HARD,14.0,83.804,1,True
7,Barcelona Grand Prix,COL,49.0,3.0,HARD,15.0,86.127,1,True
7,Barcelona Grand Prix,COL,50.0,3.0,HARD,16.0,83.737,1,True
7,Barcelona Grand Prix,COL,51.0,3.0,HARD,17.0,83.535,1,True
7,Barcelona Grand Prix,COL,52.0,3.0,HARD,18.0,83.784,1,True
7,Barcelona Grand Prix,COL,53.0,3.0,HARD,19.0,85.14,1,True
7,Barcelona Grand Prix,COL,54.0,3.0,HARD,20.0,83.87,1,True
7,Barcelona Grand Prix,COL,55.0,3.0,HARD,21.0,83.93,1,True
7,Barcelona Grand Prix,COL,56.0,3.0,HARD,22.0,83.686,1,True
7,Barcelona Grand Prix,COL,57.0,3.0,HARD,23.0,83.489,1,True
7,Barcelona Grand Prix,COL,58.0,3.0,HARD,24.0,83.571,1,True
7,Barcelona Grand Prix,COL,59.0,3.0,HARD,25.0,83.639,1,True
7,Barcelona Grand Prix,COL,60.0,3.0,HARD,26.0,84.007,1,True
7,Barcelona Grand Prix,COL,61.0,3.0,HARD,27.0,100.235,126,False
7,Barcelona Grand Prix,COL,62.0,3.0,HARD,28.0,105.758,6,False
7,Barcelona Grand Prix,COL,63.0,3.0,HARD,29.0,98.332,671,False
7,Barcelona Grand Prix,COL,64.0,3.0,HARD,30.0,84.152,1,True
7,Barcelona Grand Prix,COL,65.0,3.0,HARD,31.0,84.264,1,True
7,Barcelona Grand Prix,HAM,1.0,1.0,SOFT,3.0,85.639,1,False
7,Barcelona Grand Prix,HAM,2.0,1.0,SOFT,4.0,81.71,1,False
7,Barcelona Grand Prix,HAM,3.0,1.0,SOFT,5.0,82.07,1,True
7,Barcelona Grand Prix,HAM,4.0,1.0,SOFT,6.0,82.579,1,True
7,Barcelona Grand Prix,HAM,5.0,1.0,SOFT,7.0,82.302,1,True
7,Barcelona Grand Prix,HAM,6.0,1.0,SOFT,8.0,82.89,1,True
7,Barcelona Grand Prix,HAM,7.0,1.0,SOFT,9.0,82.937,1,True
7,Barcelona Grand Prix,HAM,8.0,1.0,SOFT,10.0,83.351,1,True
7,Barcelona Grand Prix,HAM,9.0,1.0,SOFT,11.0,83.462,1,True
7,Barcelona Grand Prix,HAM,10.0,1.0,SOFT,12.0,83.576,1,True
7,Barcelona Grand Prix,HAM,11.0,1.0,SOFT,13.0,87.828,1,False
7,Barcelona Grand Prix,HAM,12.0,2.0,HARD,1.0,100.8,1,False
7,Barcelona Grand Prix,HAM,13.0,2.0,HARD,2.0,81.433,1,True
7,Barcelona Grand Prix,HAM,14.0,2.0,HARD,3.0,82.075,1,True
7,Barcelona Grand Prix,HAM,15.0,2.0,HARD,4.0,81.911,1,True
7,Barcelona Grand Prix,HAM,16.0,2.0,HARD,5.0,82.151,1,True
7,Barcelona Grand Prix,HAM,17.0,2.0,HARD,6.0,82.001,1,True
7,Barcelona Grand Prix,HAM,18.0,2.0,HARD,7.0,82.165,1,True
7,Barcelona Grand Prix,HAM,19.0,2.0,HARD,8.0,82.464,1,True
7,Barcelona Grand Prix,HAM,20.0,2.0,HARD,9.0,82.618,1,True
7,Barcelona Grand Prix,HAM,21.0,2.0,HARD,10.0,82.728,1,True
7,Barcelona Grand Prix,HAM,22.0,2.0,HARD,11.0,82.891,1,True
7,Barcelona Grand Prix,HAM,23.0,2.0,HARD,12.0,82.926,1,True
7,Barcelona Grand Prix,HAM,24.0,2.0,HARD,13.0,82.889,1,True
7,Barcelona Grand Prix,HAM,25.0,2.0,HARD,14.0,83.265,1,True
7,Barcelona Grand Prix,HAM,26.0,2.0,HARD,15.0,83.331,1,True
7,Barcelona Grand Prix,HAM,27.0,2.0,HARD,16.0,87.024,1,False
7,Barcelona Grand Prix,HAM,28.0,3.0,MEDIUM,1.0,99.857,1,False
7,Barcelona Grand Prix,HAM,29.0,3.0,MEDIUM,2.0,80.633,1,True
7,Barcelona Grand Prix,HAM,30.0,3.0,MEDIUM,3.0,80.91,1,True
7,Barcelona Grand Prix,HAM,31.0,3.0,MEDIUM,4.0,80.725,1,True
7,Barcelona Grand Prix,HAM,32.0,3.0,MEDIUM,5.0,80.855,1,True
7,Barcelona Grand Prix,HAM,33.0,3.0,MEDIUM,6.0,81.077,1,True
7,Barcelona Grand Prix,HAM,34.0,3.0,MEDIUM,7.0,80.954,1,True
7,Barcelona Grand Prix,HAM,35.0,3.0,MEDIUM,8.0,81.151,1,True
7,Barcelona Grand Prix,HAM,36.0,3.0,MEDIUM,9.0,81.227,1,True
7,Barcelona Grand Prix,HAM,37.0,3.0,MEDIUM,10.0,80.979,1,True
7,Barcelona Grand Prix,HAM,38.0,3.0,MEDIUM,11.0,81.36,1,True
7,Barcelona Grand Prix,HAM,39.0,3.0,MEDIUM,12.0,81.859,1,True
7,Barcelona Grand Prix,HAM,40.0,3.0,MEDIUM,13.0,81.679,12,False
7,Barcelona Grand Prix,HAM,41.0,3.0,MEDIUM,14.0,110.885,26,False
7,Barcelona Grand Prix,HAM,42.0,4.0,HARD,1.0,101.055,671,False
7,Barcelona Grand Prix,HAM,43.0,4.0,HARD,2.0,80.314,1,True
7,Barcelona Grand Prix,HAM,44.0,4.0,HARD,3.0,80.122,1,True
7,Barcelona Grand Prix,HAM,45.0,4.0,HARD,4.0,80.129,1,True
7,Barcelona Grand Prix,HAM,46.0,4.0,HARD,5.0,80.369,1,True
7,Barcelona Grand Prix,HAM,47.0,4.0,HARD,6.0,80.182,1,True
7,Barcelona Grand Prix,HAM,48.0,4.0,HARD,7.0,80.313,1,True
7,Barcelona Grand Prix,HAM,49.0,4.0,HARD,8.0,80.88,1,True
7,Barcelona Grand Prix,HAM,50.0,4.0,HARD,9.0,80.293,1,True
7,Barcelona Grand Prix,HAM,51.0,4.0,HARD,10.0,80.987,1,True
7,Barcelona Grand Prix,HAM,52.0,4.0,HARD,11.0,80.771,1,True
7,Barcelona Grand Prix,HAM,53.0,4.0,HARD,12.0,81.266,1,True
7,Barcelona Grand Prix,HAM,54.0,4.0,HARD,13.0,80.98,1,True
7,Barcelona Grand Prix,HAM,55.0,4.0,HARD,14.0,81.064,1,True
7,Barcelona Grand Prix,HAM,56.0,4.0,HARD,15.0,81.083,1,True
7,Barcelona Grand Prix,HAM,57.0,4.0,HARD,16.0,81.413,1,True
7,Barcelona Grand Prix,HAM,58.0,4.0,HARD,17.0,81.502,1,True
7,Barcelona Grand Prix,HAM,59.0,4.0,HARD,18.0,81.111,1,True
7,Barcelona Grand Prix,HAM,60.0,4.0,HARD,19.0,81.17,1,True
7,Barcelona Grand Prix,HAM,61.0,4.0,HARD,20.0,81.406,1,True
7,Barcelona Grand Prix,HAM,62.0,4.0,HARD,21.0,81.374,1,True
7,Barcelona Grand Prix,HAM,63.0,4.0,HARD,22.0,103.064,126,False
7,Barcelona Grand Prix,HAM,64.0,4.0,HARD,23.0,107.326,6,False
7,Barcelona Grand Prix,HAM,65.0,4.0,HARD,24.0,92.659,671,False
7,Barcelona Grand Prix,HAM,66.0,4.0,HARD,25.0,82.105,1,True
7,Barcelona Grand Prix,BOR,1.0,1.0,MEDIUM,1.0,94.169,1,False
7,Barcelona Grand Prix,BOR,2.0,1.0,MEDIUM,2.0,85.022,1,False
7,Barcelona Grand Prix,BOR,3.0,1.0,MEDIUM,3.0,85.078,1,True
7,Barcelona Grand Prix,BOR,4.0,1.0,MEDIUM,4.0,85.113,1,True
7,Barcelona Grand Prix,BOR,5.0,1.0,MEDIUM,5.0,85.442,1,True
7,Barcelona Grand Prix,BOR,6.0,1.0,MEDIUM,6.0,85.548,1,True
7,Barcelona Grand Prix,BOR,7.0,1.0,MEDIUM,7.0,86.224,1,True
7,Barcelona Grand Prix,BOR,8.0,1.0,MEDIUM,8.0,86.347,1,True
7,Barcelona Grand Prix,BOR,9.0,1.0,MEDIUM,9.0,86.301,1,True
7,Barcelona Grand Prix,BOR,10.0,1.0,MEDIUM,10.0,86.426,1,True
7,Barcelona Grand Prix,BOR,11.0,1.0,MEDIUM,11.0,86.6,1,True
7,Barcelona Grand Prix,BOR,12.0,1.0,MEDIUM,12.0,86.792,1,True
7,Barcelona Grand Prix,BOR,13.0,1.0,MEDIUM,13.0,86.799,1,True
7,Barcelona Grand Prix,BOR,14.0,1.0,MEDIUM,14.0,86.526,1,True
7,Barcelona Grand Prix,BOR,15.0,1.0,MEDIUM,15.0,89.806,1,False
7,Barcelona Grand Prix,BOR,16.0,2.0,HARD,1.0,104.821,1,False
7,Barcelona Grand Prix,BOR,17.0,2.0,HARD,2.0,83.47,1,True
7,Barcelona Grand Prix,BOR,18.0,2.0,HARD,3.0,83.923,1,True
7,Barcelona Grand Prix,BOR,19.0,2.0,HARD,4.0,83.551,1,True
7,Barcelona Grand Prix,BOR,20.0,2.0,HARD,5.0,84.068,1,True
7,Barcelona Grand Prix,BOR,21.0,2.0,HARD,6.0,83.836,1,True
7,Barcelona Grand Prix,BOR,22.0,2.0,HARD,7.0,83.914,1,True
7,Barcelona Grand Prix,BOR,23.0,2.0,HARD,8.0,84.725,1,True
7,Barcelona Grand Prix,BOR,24.0,2.0,HARD,9.0,84.069,1,True
7,Barcelona Grand Prix,BOR,25.0,2.0,HARD,10.0,84.199,1,True
7,Barcelona Grand Prix,BOR,26.0,2.0,HARD,11.0,84.917,1,True
7,Barcelona Grand Prix,BOR,27.0,2.0,HARD,12.0,84.594,1,True
7,Barcelona Grand Prix,BOR,28.0,2.0,HARD,13.0,85.18,1,True
7,Barcelona Grand Prix,BOR,29.0,2.0,HARD,14.0,85.753,1,True
7,Barcelona Grand Prix,BOR,30.0,2.0,HARD,15.0,87.066,1,True
7,Barcelona Grand Prix,BOR,31.0,2.0,HARD,16.0,87.453,1,True
7,Barcelona Grand Prix,BOR,32.0,2.0,HARD,17.0,85.977,1,True
7,Barcelona Grand Prix,BOR,33.0,2.0,HARD,18.0,89.825,1,False
7,Barcelona Grand Prix,BOR,34.0,3.0,HARD,1.0,103.826,1,False
7,Barcelona Grand Prix,BOR,35.0,3.0,HARD,2.0,83.639,1,True
7,Barcelona Grand Prix,BOR,36.0,3.0,HARD,3.0,83.784,1,True
7,Barcelona Grand Prix,BOR,37.0,3.0,HARD,4.0,83.566,1,True
7,Barcelona Grand Prix,BOR,38.0,3.0,HARD,5.0,84.176,1,True
7,Barcelona Grand Prix,BOR,39.0,3.0,HARD,6.0,97.964,126,False
7,Barcelona Grand Prix,BOR,40.0,3.0,HARD,7.0,104.104,671,False
7,Barcelona Grand Prix,BOR,41.0,3.0,HARD,8.0,82.925,1,True
7,Barcelona Grand Prix,BOR,42.0,3.0,HARD,9.0,84.641,1,True
7,Barcelona Grand Prix,BOR,43.0,3.0,HARD,10.0,82.559,1,True
7,Barcelona Grand Prix,BOR,44.0,3.0,HARD,11.0,82.815,1,True
7,Barcelona Grand Prix,BOR,45.0,3.0,HARD,12.0,83.219,1,True
7,Barcelona Grand Prix,BOR,46.0,3.0,HARD,13.0,83.617,1,True
7,Barcelona Grand Prix,BOR,47.0,3.0,HARD,14.0,84.19,1,True
7,Barcelona Grand Prix,BOR,48.0,3.0,HARD,15.0,85.522,1,True
7,Barcelona Grand Prix,BOR,49.0,3.0,HARD,16.0,84.586,1,True
7,Barcelona Grand Prix,BOR,50.0,3.0,HARD,17.0,84.157,1,True
7,Barcelona Grand Prix,BOR,51.0,3.0,HARD,18.0,83.978,1,True
7,Barcelona Grand Prix,BOR,52.0,3.0,HARD,19.0,84.094,1,True
7,Barcelona Grand Prix,BOR,53.0,3.0,HARD,20.0,88.318,1,False
7,Barcelona Grand Prix,BOR,54.0,4.0,SOFT,1.0,105.439,1,False
7,Barcelona Grand Prix,BOR,55.0,4.0,SOFT,2.0,81.446,1,True
7,Barcelona Grand Prix,BOR,56.0,4.0,SOFT,3.0,82.781,1,True
7,Barcelona Grand Prix,BOR,57.0,4.0,SOFT,4.0,81.53,1,True
7,Barcelona Grand Prix,BOR,58.0,4.0,SOFT,5.0,82.191,1,True
7,Barcelona Grand Prix,BOR,59.0,4.0,SOFT,6.0,82.545,1,True
7,Barcelona Grand Prix,BOR,60.0,4.0,SOFT,7.0,83.029,126,False
7,Barcelona Grand Prix,BOR,61.0,4.0,SOFT,8.0,110.025,6,False
7,Barcelona Grand Prix,BOR,62.0,4.0,SOFT,9.0,107.509,6,False
7,Barcelona Grand Prix,BOR,63.0,4.0,SOFT,10.0,87.099,671,False
7,Barcelona Grand Prix,BOR,64.0,4.0,SOFT,11.0,81.984,1,True
7,Barcelona Grand Prix,SAI,1.0,1.0,SOFT,1.0,92.484,1,False
7,Barcelona Grand Prix,SAI,2.0,1.0,SOFT,2.0,84.786,1,False
7,Barcelona Grand Prix,SAI,3.0,1.0,SOFT,3.0,85.319,1,True
7,Barcelona Grand Prix,SAI,4.0,1.0,SOFT,4.0,84.723,1,True
7,Barcelona Grand Prix,SAI,5.0,1.0,SOFT,5.0,84.999,1,True
7,Barcelona Grand Prix,SAI,6.0,1.0,SOFT,6.0,85.278,1,True
7,Barcelona Grand Prix,SAI,7.0,1.0,SOFT,7.0,85.568,1,True
7,Barcelona Grand Prix,SAI,8.0,1.0,SOFT,8.0,85.756,1,True
7,Barcelona Grand Prix,SAI,9.0,1.0,SOFT,9.0,86.116,1,True
7,Barcelona Grand Prix,SAI,10.0,1.0,SOFT,10.0,86.141,1,True
7,Barcelona Grand Prix,SAI,11.0,1.0,SOFT,11.0,86.396,1,True
7,Barcelona Grand Prix,SAI,12.0,1.0,SOFT,12.0,86.335,1,True
7,Barcelona Grand Prix,SAI,13.0,1.0,SOFT,13.0,86.28,1,True
7,Barcelona Grand Prix,SAI,14.0,1.0,SOFT,14.0,89.888,1,False
7,Barcelona Grand Prix,SAI,15.0,2.0,HARD,1.0,104.877,1,False
7,Barcelona Grand Prix,SAI,16.0,2.0,HARD,2.0,84.098,1,True
7,Barcelona Grand Prix,SAI,17.0,2.0,HARD,3.0,84.437,1,True
7,Barcelona Grand Prix,SAI,18.0,2.0,HARD,4.0,84.198,1,True
7,Barcelona Grand Prix,SAI,19.0,2.0,HARD,5.0,84.261,1,True
7,Barcelona Grand Prix,SAI,20.0,2.0,HARD,6.0,84.41,1,True
7,Barcelona Grand Prix,SAI,21.0,2.0,HARD,7.0,84.599,1,True
7,Barcelona Grand Prix,SAI,22.0,2.0,HARD,8.0,84.847,1,True
7,Barcelona Grand Prix,SAI,23.0,2.0,HARD,9.0,84.723,1,True
7,Barcelona Grand Prix,SAI,24.0,2.0,HARD,10.0,85.043,1,True
7,Barcelona Grand Prix,SAI,25.0,2.0,HARD,11.0,85.02,1,True
7,Barcelona Grand Prix,SAI,26.0,2.0,HARD,12.0,85.483,1,True
7,Barcelona Grand Prix,SAI,27.0,2.0,HARD,13.0,85.102,1,True
7,Barcelona Grand Prix,SAI,28.0,2.0,HARD,14.0,85.724,1,True
7,Barcelona Grand Prix,SAI,29.0,2.0,HARD,15.0,85.353,1,True
7,Barcelona Grand Prix,SAI,30.0,2.0,HARD,16.0,88.745,1,False
7,Barcelona Grand Prix,SAI,31.0,3.0,HARD,1.0,105.059,1,False
7,Barcelona Grand Prix,SAI,32.0,3.0,HARD,2.0,83.619,1,True
7,Barcelona Grand Prix,SAI,33.0,3.0,HARD,3.0,83.969,1,True
7,Barcelona Grand Prix,SAI,34.0,3.0,HARD,4.0,84.493,1,True
7,Barcelona Grand Prix,SAI,35.0,3.0,HARD,5.0,86.235,1,True
7,Barcelona Grand Prix,SAI,36.0,3.0,HARD,6.0,83.949,1,True
7,Barcelona Grand Prix,SAI,37.0,3.0,HARD,7.0,83.996,1,True
7,Barcelona Grand Prix,SAI,38.0,3.0,HARD,8.0,84.183,1,True
7,Barcelona Grand Prix,SAI,39.0,3.0,HARD,9.0,94.947,126,False
7,Barcelona Grand Prix,SAI,40.0,3.0,HARD,10.0,105.348,671,False
7,Barcelona Grand Prix,SAI,41.0,3.0,HARD,11.0,83.898,1,True
7,Barcelona Grand Prix,SAI,42.0,3.0,HARD,12.0,85.678,1,True
7,Barcelona Grand Prix,SAI,43.0,3.0,HARD,13.0,83.482,1,True
7,Barcelona Grand Prix,SAI,44.0,3.0,HARD,14.0,84.72,1,True
7,Barcelona Grand Prix,SAI,45.0,3.0,HARD,15.0,84.968,1,True
7,Barcelona Grand Prix,SAI,46.0,3.0,HARD,16.0,83.956,1,True
7,Barcelona Grand Prix,SAI,47.0,3.0,HARD,17.0,83.703,1,True
7,Barcelona Grand Prix,SAI,48.0,3.0,HARD,18.0,83.73,1,True
7,Barcelona Grand Prix,SAI,49.0,3.0,HARD,19.0,84.218,1,True
7,Barcelona Grand Prix,SAI,50.0,3.0,HARD,20.0,84.218,1,True
7,Barcelona Grand Prix,SAI,51.0,3.0,HARD,21.0,84.078,1,True
7,Barcelona Grand Prix,SAI,52.0,3.0,HARD,22.0,84.526,1,True
7,Barcelona Grand Prix,SAI,53.0,3.0,HARD,23.0,84.493,1,True
7,Barcelona Grand Prix,SAI,54.0,3.0,HARD,24.0,84.581,1,True
7,Barcelona Grand Prix,SAI,55.0,3.0,HARD,25.0,89.059,1,False
7,Barcelona Grand Prix,SAI,56.0,4.0,MEDIUM,1.0,103.794,1,False
7,Barcelona Grand Prix,SAI,57.0,4.0,MEDIUM,2.0,82.28,1,True
7,Barcelona Grand Prix,SAI,58.0,4.0,MEDIUM,3.0,82.061,1,True
7,Barcelona Grand Prix,SAI,59.0,4.0,MEDIUM,4.0,82.255,1,True
7,Barcelona Grand Prix,SAI,60.0,4.0,MEDIUM,5.0,87.57,126,False
7,Barcelona Grand Prix,SAI,61.0,4.0,MEDIUM,6.0,107.064,6,False
7,Barcelona Grand Prix,SAI,62.0,4.0,MEDIUM,7.0,107.595,67,False
7,Barcelona Grand Prix,SAI,63.0,4.0,MEDIUM,8.0,84.807,71,False
7,Barcelona Grand Prix,SAI,64.0,4.0,MEDIUM,9.0,82.45,1,True
7,Barcelona Grand Prix,HAD,1.0,1.0,MEDIUM,1.0,93.015,1,False
7,Barcelona Grand Prix,HAD,2.0,1.0,MEDIUM,2.0,84.536,1,False
7,Barcelona Grand Prix,HAD,3.0,1.0,MEDIUM,3.0,83.843,1,True
7,Barcelona Grand Prix,HAD,4.0,1.0,MEDIUM,4.0,84.407,1,True
7,Barcelona Grand Prix,HAD,5.0,1.0,MEDIUM,5.0,84.798,1,True
7,Barcelona Grand Prix,HAD,6.0,1.0,MEDIUM,6.0,84.499,1,True
7,Barcelona Grand Prix,HAD,7.0,1.0,MEDIUM,7.0,84.577,1,True
7,Barcelona Grand Prix,HAD,8.0,1.0,MEDIUM,8.0,85.342,1,True
7,Barcelona Grand Prix,HAD,9.0,1.0,MEDIUM,9.0,85.914,1,True
7,Barcelona Grand Prix,HAD,10.0,1.0,MEDIUM,10.0,84.509,1,True
7,Barcelona Grand Prix,HAD,11.0,1.0,MEDIUM,11.0,84.531,1,True
7,Barcelona Grand Prix,HAD,12.0,1.0,MEDIUM,12.0,85.087,1,True
7,Barcelona Grand Prix,HAD,13.0,1.0,MEDIUM,13.0,85.071,1,True
7,Barcelona Grand Prix,HAD,14.0,1.0,MEDIUM,14.0,85.294,1,True
7,Barcelona Grand Prix,HAD,15.0,1.0,MEDIUM,15.0,88.08,1,False
7,Barcelona Grand Prix,HAD,16.0,2.0,HARD,1.0,102.237,1,False
7,Barcelona Grand Prix,HAD,17.0,2.0,HARD,2.0,82.786,1,True
7,Barcelona Grand Prix,HAD,18.0,2.0,HARD,3.0,81.835,1,True
7,Barcelona Grand Prix,HAD,19.0,2.0,HARD,4.0,82.223,1,True
7,Barcelona Grand Prix,HAD,20.0,2.0,HARD,5.0,83.578,1,True
7,Barcelona Grand Prix,HAD,21.0,2.0,HARD,6.0,82.92,1,True
7,Barcelona Grand Prix,HAD,22.0,2.0,HARD,7.0,82.778,1,True
7,Barcelona Grand Prix,HAD,23.0,2.0,HARD,8.0,82.951,1,True
7,Barcelona Grand Prix,HAD,24.0,2.0,HARD,9.0,82.994,1,True
7,Barcelona Grand Prix,HAD,25.0,2.0,HARD,10.0,83.272,1,True
7,Barcelona Grand Prix,HAD,26.0,2.0,HARD,11.0,83.259,1,True
7,Barcelona Grand Prix,HAD,27.0,2.0,HARD,12.0,83.282,1,True
7,Barcelona Grand Prix,HAD,28.0,2.0,HARD,13.0,83.703,1,True
7,Barcelona Grand Prix,HAD,29.0,2.0,HARD,14.0,83.758,1,True
7,Barcelona Grand Prix,HAD,30.0,2.0,HARD,15.0,84.178,1,True
7,Barcelona Grand Prix,HAD,31.0,2.0,HARD,16.0,84.568,1,True
7,Barcelona Grand Prix,HAD,32.0,2.0,HARD,17.0,87.725,1,False
7,Barcelona Grand Prix,HAD,33.0,3.0,HARD,1.0,101.002,1,False
7,Barcelona Grand Prix,HAD,34.0,3.0,HARD,2.0,81.14,1,True
7,Barcelona Grand Prix,HAD,35.0,3.0,HARD,3.0,81.996,1,True
7,Barcelona Grand Prix,HAD,36.0,3.0,HARD,4.0,82.229,1,True
7,Barcelona Grand Prix,HAD,37.0,3.0,HARD,5.0,82.139,1,True
7,Barcelona Grand Prix,HAD,38.0,3.0,HARD,6.0,82.099,1,True
7,Barcelona Grand Prix,HAD,39.0,3.0,HARD,7.0,82.056,12,False
7,Barcelona Grand Prix,HAD,40.0,3.0,HARD,8.0,103.056,26,False
7,Barcelona Grand Prix,HAD,41.0,3.0,HARD,9.0,97.117,671,False
7,Barcelona Grand Prix,HAD,42.0,3.0,HARD,10.0,82.585,1,True
7,Barcelona Grand Prix,HAD,43.0,3.0,HARD,11.0,82.182,1,True
7,Barcelona Grand Prix,HAD,44.0,3.0,HARD,12.0,82.316,1,True
7,Barcelona Grand Prix,HAD,45.0,3.0,HARD,13.0,82.312,1,True
7,Barcelona Grand Prix,HAD,46.0,3.0,HARD,14.0,82.426,1,True
7,Barcelona Grand Prix,HAD,47.0,3.0,HARD,15.0,82.544,1,True
7,Barcelona Grand Prix,HAD,48.0,3.0,HARD,16.0,82.002,1,True
7,Barcelona Grand Prix,HAD,49.0,3.0,HARD,17.0,82.477,1,True
7,Barcelona Grand Prix,HAD,50.0,3.0,HARD,18.0,82.354,1,True
7,Barcelona Grand Prix,HAD,51.0,3.0,HARD,19.0,82.652,1,True
7,Barcelona Grand Prix,HAD,52.0,3.0,HARD,20.0,83.064,1,True
7,Barcelona Grand Prix,HAD,53.0,3.0,HARD,21.0,82.819,1,True
7,Barcelona Grand Prix,HAD,54.0,3.0,HARD,22.0,82.972,1,True
7,Barcelona Grand Prix,HAD,55.0,3.0,HARD,23.0,83.002,1,True
7,Barcelona Grand Prix,HAD,56.0,3.0,HARD,24.0,84.062,1,True
7,Barcelona Grand Prix,HAD,57.0,3.0,HARD,25.0,84.882,1,True
7,Barcelona Grand Prix,HAD,58.0,3.0,HARD,26.0,87.778,1,False
7,Barcelona Grand Prix,HAD,59.0,4.0,SOFT,4.0,100.329,1,False
7,Barcelona Grand Prix,HAD,60.0,4.0,SOFT,5.0,80.15,1,True
7,Barcelona Grand Prix,HAD,61.0,4.0,SOFT,6.0,84.651,126,False
7,Barcelona Grand Prix,HAD,62.0,4.0,SOFT,7.0,108.329,6,False
7,Barcelona Grand Prix,HAD,63.0,4.0,SOFT,8.0,107.828,67,False
7,Barcelona Grand Prix,HAD,64.0,4.0,SOFT,9.0,83.518,71,False
7,Barcelona Grand Prix,HAD,65.0,4.0,SOFT,10.0,81.114,1,True
7,Barcelona Grand Prix,RUS,1.0,1.0,MEDIUM,1.0,84.418,1,False
7,Barcelona Grand Prix,RUS,2.0,1.0,MEDIUM,2.0,81.513,1,False
7,Barcelona Grand Prix,RUS,3.0,1.0,MEDIUM,3.0,81.479,1,True
7,Barcelona Grand Prix,RUS,4.0,1.0,MEDIUM,4.0,82.044,1,True
7,Barcelona Grand Prix,RUS,5.0,1.0,MEDIUM,5.0,82.427,1,True
7,Barcelona Grand Prix,RUS,6.0,1.0,MEDIUM,6.0,82.473,1,True
7,Barcelona Grand Prix,RUS,7.0,1.0,MEDIUM,7.0,82.687,1,True
7,Barcelona Grand Prix,RUS,8.0,1.0,MEDIUM,8.0,83.253,1,True
7,Barcelona Grand Prix,RUS,9.0,1.0,MEDIUM,9.0,83.198,1,True
7,Barcelona Grand Prix,RUS,10.0,1.0,MEDIUM,10.0,83.51,1,True
7,Barcelona Grand Prix,RUS,11.0,1.0,MEDIUM,11.0,83.701,1,True
7,Barcelona Grand Prix,RUS,12.0,1.0,MEDIUM,12.0,87.454,1,False
7,Barcelona Grand Prix,RUS,13.0,2.0,HARD,1.0,100.974,1,False
7,Barcelona Grand Prix,RUS,14.0,2.0,HARD,2.0,81.79,1,True
7,Barcelona Grand Prix,RUS,15.0,2.0,HARD,3.0,81.972,1,True
7,Barcelona Grand Prix,RUS,16.0,2.0,HARD,4.0,82.161,1,True
7,Barcelona Grand Prix,RUS,17.0,2.0,HARD,5.0,81.766,1,True
7,Barcelona Grand Prix,RUS,18.0,2.0,HARD,6.0,82.103,1,True
7,Barcelona Grand Prix,RUS,19.0,2.0,HARD,7.0,82.446,1,True
7,Barcelona Grand Prix,RUS,20.0,2.0,HARD,8.0,82.513,1,True
7,Barcelona Grand Prix,RUS,21.0,2.0,HARD,9.0,82.556,1,True
7,Barcelona Grand Prix,RUS,22.0,2.0,HARD,10.0,82.725,1,True
7,Barcelona Grand Prix,RUS,23.0,2.0,HARD,11.0,83.254,1,True
7,Barcelona Grand Prix,RUS,24.0,2.0,HARD,12.0,82.803,1,True
7,Barcelona Grand Prix,RUS,25.0,2.0,HARD,13.0,83.026,1,True
7,Barcelona Grand Prix,RUS,26.0,2.0,HARD,14.0,82.908,1,True
7,Barcelona Grand Prix,RUS,27.0,2.0,HARD,15.0,83.144,1,True
7,Barcelona Grand Prix,RUS,28.0,2.0,HARD,16.0,83.176,1,True
7,Barcelona Grand Prix,RUS,29.0,2.0,HARD,17.0,83.208,1,True
7,Barcelona Grand Prix,RUS,30.0,2.0,HARD,18.0,83.647,1,True
7,Barcelona Grand Prix,RUS,31.0,2.0,HARD,19.0,83.325,1,True
7,Barcelona Grand Prix,RUS,32.0,2.0,HARD,20.0,82.884,1,True
7,Barcelona Grand Prix,RUS,33.0,2.0,HARD,21.0,83.437,1,True
7,Barcelona Grand Prix,RUS,34.0,2.0,HARD,22.0,82.649,1,True
7,Barcelona Grand Prix,RUS,35.0,2.0,HARD,23.0,82.921,1,True
7,Barcelona Grand Prix,RUS,36.0,2.0,HARD,24.0,87.737,1,False
7,Barcelona Grand Prix,RUS,37.0,3.0,HARD,1.0,99.632,1,False
7,Barcelona Grand Prix,RUS,38.0,3.0,HARD,2.0,80.709,1,True
7,Barcelona Grand Prix,RUS,39.0,3.0,HARD,3.0,81.179,1,True
7,Barcelona Grand Prix,RUS,40.0,3.0,HARD,4.0,88.216,126,False
7,Barcelona Grand Prix,RUS,41.0,3.0,HARD,5.0,106.112,6,False
7,Barcelona Grand Prix,RUS,42.0,3.0,HARD,6.0,86.031,671,False
7,Barcelona Grand Prix,RUS,43.0,3.0,HARD,7.0,80.64,1,True
7,Barcelona Grand Prix,RUS,44.0,3.0,HARD,8.0,80.821,1,True
7,Barcelona Grand Prix,RUS,45.0,3.0,HARD,9.0,80.74,1,True
7,Barcelona Grand Prix,RUS,46.0,3.0,HARD,10.0,80.739,1,True
7,Barcelona Grand Prix,RUS,47.0,3.0,HARD,11.0,80.933,1,True
7,Barcelona Grand Prix,RUS,48.0,3.0,HARD,12.0,81.267,1,True
7,Barcelona Grand Prix,RUS,49.0,3.0,HARD,13.0,81.322,1,True
7,Barcelona Grand Prix,RUS,50.0,3.0,HARD,14.0,81.522,1,True
7,Barcelona Grand Prix,RUS,51.0,3.0,HARD,15.0,81.628,1,True
7,Barcelona Grand Prix,RUS,52.0,3.0,HARD,16.0,81.652,1,True
7,Barcelona Grand Prix,RUS,53.0,3.0,HARD,17.0,81.864,1,True
7,Barcelona Grand Prix,RUS,54.0,3.0,HARD,18.0,81.459,1,True
7,Barcelona Grand Prix,RUS,55.0,3.0,HARD,19.0,81.529,1,True
7,Barcelona Grand Prix,RUS,56.0,3.0,HARD,20.0,82.07,1,True
7,Barcelona Grand Prix,RUS,57.0,3.0,HARD,21.0,82.072,1,True
7,Barcelona Grand Prix,RUS,58.0,3.0,HARD,22.0,81.946,1,True
7,Barcelona Grand Prix,RUS,59.0,3.0,HARD,23.0,82.271,1,True
7,Barcelona Grand Prix,RUS,60.0,3.0,HARD,24.0,82.186,1,True
7,Barcelona Grand Prix,RUS,61.0,3.0,HARD,25.0,84.562,1,True
7,Barcelona Grand Prix,RUS,62.0,3.0,HARD,26.0,82.48,12,False
7,Barcelona Grand Prix,RUS,63.0,3.0,HARD,27.0,107.549,26,False
7,Barcelona Grand Prix,RUS,64.0,3.0,HARD,28.0,107.804,6,False
7,Barcelona Grand Prix,RUS,65.0,3.0,HARD,29.0,87.127,671,False
7,Barcelona Grand Prix,RUS,66.0,3.0,HARD,30.0,82.322,1,True
7,Barcelona Grand Prix,BOT,1.0,1.0,MEDIUM,1.0,95.407,1,False
7,Barcelona Grand Prix,BOT,2.0,1.0,MEDIUM,2.0,86.038,1,False
7,Barcelona Grand Prix,BOT,3.0,1.0,MEDIUM,3.0,85.745,1,True
7,Barcelona Grand Prix,BOT,4.0,1.0,MEDIUM,4.0,86.254,1,True
7,Barcelona Grand Prix,BOT,5.0,1.0,MEDIUM,5.0,86.543,1,True
7,Barcelona Grand Prix,BOT,6.0,1.0,MEDIUM,6.0,86.66,1,True
7,Barcelona Grand Prix,BOT,7.0,1.0,MEDIUM,7.0,86.681,1,True
7,Barcelona Grand Prix,BOT,8.0,1.0,MEDIUM,8.0,87.17,1,True
7,Barcelona Grand Prix,BOT,9.0,1.0,MEDIUM,9.0,87.746,1,True
7,Barcelona Grand Prix,BOT,10.0,1.0,MEDIUM,10.0,87.968,1,True
7,Barcelona Grand Prix,BOT,11.0,1.0,MEDIUM,11.0,88.045,1,True
7,Barcelona Grand Prix,BOT,12.0,1.0,MEDIUM,12.0,89.432,1,True
7,Barcelona Grand Prix,BOT,13.0,1.0,MEDIUM,13.0,88.393,1,True
7,Barcelona Grand Prix,BOT,14.0,1.0,MEDIUM,14.0,92.208,1,False
7,Barcelona Grand Prix,BOT,15.0,2.0,HARD,1.0,120.78,1,False
7,Barcelona Grand Prix,PIA,1.0,1.0,MEDIUM,1.0,88.57,1,False
7,Barcelona Grand Prix,PIA,2.0,1.0,MEDIUM,2.0,82.673,1,False
7,Barcelona Grand Prix,PIA,3.0,1.0,MEDIUM,3.0,82.94,1,True
7,Barcelona Grand Prix,PIA,4.0,1.0,MEDIUM,4.0,83.054,1,True
7,Barcelona Grand Prix,PIA,5.0,1.0,MEDIUM,5.0,83.242,1,True
7,Barcelona Grand Prix,PIA,6.0,1.0,MEDIUM,6.0,83.298,1,True
7,Barcelona Grand Prix,PIA,7.0,1.0,MEDIUM,7.0,83.569,1,True
7,Barcelona Grand Prix,PIA,8.0,1.0,MEDIUM,8.0,85.507,1,True
7,Barcelona Grand Prix,PIA,9.0,1.0,MEDIUM,9.0,84.548,1,True
7,Barcelona Grand Prix,PIA,10.0,1.0,MEDIUM,10.0,84.401,1,True
7,Barcelona Grand Prix,PIA,11.0,1.0,MEDIUM,11.0,84.097,1,True
7,Barcelona Grand Prix,PIA,12.0,1.0,MEDIUM,12.0,84.117,1,True
7,Barcelona Grand Prix,PIA,13.0,1.0,MEDIUM,13.0,83.999,1,True
7,Barcelona Grand Prix,PIA,14.0,1.0,MEDIUM,14.0,88.542,1,False
7,Barcelona Grand Prix,PIA,15.0,2.0,HARD,1.0,102.741,1,False
7,Barcelona Grand Prix,PIA,16.0,2.0,HARD,2.0,82.541,1,True
7,Barcelona Grand Prix,PIA,17.0,2.0,HARD,3.0,82.229,1,True
7,Barcelona Grand Prix,PIA,18.0,2.0,HARD,4.0,82.269,1,True
7,Barcelona Grand Prix,PIA,19.0,2.0,HARD,5.0,82.262,1,True
7,Barcelona Grand Prix,PIA,20.0,2.0,HARD,6.0,82.449,1,True
7,Barcelona Grand Prix,PIA,21.0,2.0,HARD,7.0,82.858,1,True
7,Barcelona Grand Prix,PIA,22.0,2.0,HARD,8.0,82.937,1,True
7,Barcelona Grand Prix,PIA,23.0,2.0,HARD,9.0,82.898,1,True
7,Barcelona Grand Prix,PIA,24.0,2.0,HARD,10.0,82.907,1,True
7,Barcelona Grand Prix,PIA,25.0,2.0,HARD,11.0,83.038,1,True
7,Barcelona Grand Prix,PIA,26.0,2.0,HARD,12.0,82.771,1,True
7,Barcelona Grand Prix,PIA,27.0,2.0,HARD,13.0,82.851,1,True
7,Barcelona Grand Prix,PIA,28.0,2.0,HARD,14.0,83.283,1,True
7,Barcelona Grand Prix,PIA,29.0,2.0,HARD,15.0,83.674,1,True
7,Barcelona Grand Prix,PIA,30.0,2.0,HARD,16.0,83.608,1,True
7,Barcelona Grand Prix,PIA,31.0,2.0,HARD,17.0,83.345,1,True
7,Barcelona Grand Prix,PIA,32.0,2.0,HARD,18.0,83.833,1,True
7,Barcelona Grand Prix,PIA,33.0,2.0,HARD,19.0,83.0,1,True
7,Barcelona Grand Prix,PIA,34.0,2.0,HARD,20.0,83.037,1,True
7,Barcelona Grand Prix,PIA,35.0,2.0,HARD,21.0,83.444,1,True
7,Barcelona Grand Prix,PIA,36.0,2.0,HARD,22.0,86.917,1,False
7,Barcelona Grand Prix,PIA,37.0,3.0,HARD,1.0,102.367,1,False
7,Barcelona Grand Prix,PIA,38.0,3.0,HARD,2.0,82.113,1,True
7,Barcelona Grand Prix,PIA,39.0,3.0,HARD,3.0,82.073,1,True
7,Barcelona Grand Prix,PIA,40.0,3.0,HARD,4.0,96.647,126,False
7,Barcelona Grand Prix,PIA,41.0,3.0,HARD,5.0,102.962,671,False
7,Barcelona Grand Prix,PIA,42.0,3.0,HARD,6.0,81.086,1,True
7,Barcelona Grand Prix,PIA,43.0,3.0,HARD,7.0,80.974,1,True
7,Barcelona Grand Prix,PIA,44.0,3.0,HARD,8.0,81.203,1,True
7,Barcelona Grand Prix,PIA,45.0,3.0,HARD,9.0,80.939,1,True
7,Barcelona Grand Prix,PIA,46.0,3.0,HARD,10.0,80.835,1,True
7,Barcelona Grand Prix,PIA,47.0,3.0,HARD,11.0,80.994,1,True
7,Barcelona Grand Prix,PIA,48.0,3.0,HARD,12.0,81.299,1,True
7,Barcelona Grand Prix,PIA,49.0,3.0,HARD,13.0,81.147,1,True
7,Barcelona Grand Prix,PIA,50.0,3.0,HARD,14.0,82.849,1,True
7,Barcelona Grand Prix,PIA,51.0,3.0,HARD,15.0,81.904,1,True
7,Barcelona Grand Prix,PIA,52.0,3.0,HARD,16.0,82.366,1,True
7,Barcelona Grand Prix,PIA,53.0,3.0,HARD,17.0,82.042,1,True
7,Barcelona Grand Prix,PIA,54.0,3.0,HARD,18.0,82.292,1,True
7,Barcelona Grand Prix,PIA,55.0,3.0,HARD,19.0,82.369,1,True
7,Barcelona Grand Prix,PIA,56.0,3.0,HARD,20.0,82.139,1,True
7,Barcelona Grand Prix,PIA,57.0,3.0,HARD,21.0,82.169,1,True
7,Barcelona Grand Prix,PIA,58.0,3.0,HARD,22.0,82.723,1,True
7,Barcelona Grand Prix,PIA,59.0,3.0,HARD,23.0,83.228,1,True
7,Barcelona Grand Prix,PIA,60.0,3.0,HARD,24.0,82.546,1,True
7,Barcelona Grand Prix,PIA,61.0,3.0,HARD,25.0,82.671,1,True
7,Barcelona Grand Prix,PIA,62.0,3.0,HARD,26.0,96.112,126,False
7,Barcelona Grand Prix,PIA,63.0,3.0,HARD,27.0,108.012,6,False
7,Barcelona Grand Prix,PIA,64.0,3.0,HARD,28.0,100.758,671,False
7,Barcelona Grand Prix,PIA,65.0,3.0,HARD,29.0,83.332,1,True
7,Barcelona Grand Prix,PIA,66.0,3.0,HARD,30.0,83.166,1,True
7,Barcelona Grand Prix,BEA,1.0,1.0,MEDIUM,1.0,93.669,1,False
7,Barcelona Grand Prix,BEA,2.0,1.0,MEDIUM,2.0,85.184,1,False
7,Barcelona Grand Prix,BEA,3.0,1.0,MEDIUM,3.0,84.941,1,True
7,Barcelona Grand Prix,BEA,4.0,1.0,MEDIUM,4.0,85.086,1,True
7,Barcelona Grand Prix,BEA,5.0,1.0,MEDIUM,5.0,85.215,1,True
7,Barcelona Grand Prix,BEA,6.0,1.0,MEDIUM,6.0,85.592,1,True
7,Barcelona Grand Prix,BEA,7.0,1.0,MEDIUM,7.0,86.101,1,True
7,Barcelona Grand Prix,BEA,8.0,1.0,MEDIUM,8.0,86.127,1,True
7,Barcelona Grand Prix,BEA,9.0,1.0,MEDIUM,9.0,86.321,1,True
7,Barcelona Grand Prix,BEA,10.0,1.0,MEDIUM,10.0,86.505,1,True
7,Barcelona Grand Prix,BEA,11.0,1.0,MEDIUM,11.0,86.654,1,True
7,Barcelona Grand Prix,BEA,12.0,1.0,MEDIUM,12.0,86.607,1,True
7,Barcelona Grand Prix,BEA,13.0,1.0,MEDIUM,13.0,86.753,1,True
7,Barcelona Grand Prix,BEA,14.0,1.0,MEDIUM,14.0,85.933,1,True
7,Barcelona Grand Prix,BEA,15.0,1.0,MEDIUM,15.0,85.544,1,True
7,Barcelona Grand Prix,BEA,16.0,1.0,MEDIUM,16.0,86.485,1,True
7,Barcelona Grand Prix,BEA,17.0,1.0,MEDIUM,17.0,86.707,1,True
7,Barcelona Grand Prix,BEA,18.0,1.0,MEDIUM,18.0,91.2,1,False
7,Barcelona Grand Prix,BEA,19.0,2.0,HARD,1.0,104.483,1,False
7,Barcelona Grand Prix,BEA,20.0,2.0,HARD,2.0,85.204,1,True
7,Barcelona Grand Prix,BEA,21.0,2.0,HARD,3.0,83.939,1,True
7,Barcelona Grand Prix,BEA,22.0,2.0,HARD,4.0,84.285,1,True
7,Barcelona Grand Prix,BEA,23.0,2.0,HARD,5.0,83.746,1,True
7,Barcelona Grand Prix,BEA,24.0,2.0,HARD,6.0,84.052,1,True
7,Barcelona Grand Prix,BEA,25.0,2.0,HARD,7.0,85.907,1,True
7,Barcelona Grand Prix,BEA,26.0,2.0,HARD,8.0,86.829,1,True
7,Barcelona Grand Prix,BEA,27.0,2.0,HARD,9.0,85.807,1,True
7,Barcelona Grand Prix,BEA,28.0,2.0,HARD,10.0,84.161,1,True
7,Barcelona Grand Prix,BEA,29.0,2.0,HARD,11.0,84.35,1,True
7,Barcelona Grand Prix,BEA,30.0,2.0,HARD,12.0,83.789,1,True
7,Barcelona Grand Prix,BEA,31.0,2.0,HARD,13.0,84.356,1,True
7,Barcelona Grand Prix,BEA,32.0,2.0,HARD,14.0,85.245,1,True
7,Barcelona Grand Prix,BEA,33.0,2.0,HARD,15.0,84.43,1,True
7,Barcelona Grand Prix,BEA,34.0,2.0,HARD,16.0,84.255,1,True
7,Barcelona Grand Prix,BEA,35.0,2.0,HARD,17.0,86.581,1,True
7,Barcelona Grand Prix,BEA,36.0,2.0,HARD,18.0,85.902,1,True
7,Barcelona Grand Prix,BEA,37.0,2.0,HARD,19.0,86.474,1,True
7,Barcelona Grand Prix,BEA,38.0,2.0,HARD,20.0,86.381,1,True
7,Barcelona Grand Prix,BEA,39.0,2.0,HARD,21.0,96.309,126,False
7,Barcelona Grand Prix,BEA,40.0,3.0,SOFT,,121.385,671,False
7,Barcelona Grand Prix,BEA,41.0,3.0,SOFT,,82.484,1,True
7,Barcelona Grand Prix,BEA,42.0,3.0,SOFT,,82.657,1,True
7,Barcelona Grand Prix,BEA,43.0,3.0,SOFT,,82.419,1,True
7,Barcelona Grand Prix,BEA,44.0,3.0,SOFT,,82.833,1,True
7,Barcelona Grand Prix,BEA,45.0,3.0,SOFT,,82.897,1,True
7,Barcelona Grand Prix,BEA,46.0,3.0,SOFT,,83.241,1,True
7,Barcelona Grand Prix,BEA,47.0,3.0,SOFT,,83.829,1,True
7,Barcelona Grand Prix,BEA,48.0,3.0,SOFT,,84.192,1,True
7,Barcelona Grand Prix,BEA,49.0,3.0,SOFT,,83.926,1,True
7,Barcelona Grand Prix,BEA,50.0,3.0,SOFT,,84.194,1,True
7,Barcelona Grand Prix,BEA,51.0,3.0,SOFT,,83.951,1,True
7,Barcelona Grand Prix,BEA,52.0,3.0,SOFT,,84.129,1,True
7,Barcelona Grand Prix,BEA,53.0,3.0,SOFT,,84.514,1,True
7,Barcelona Grand Prix,BEA,54.0,3.0,SOFT,,84.565,1,True
7,Barcelona Grand Prix,BEA,55.0,3.0,SOFT,,84.642,1,True
7,Barcelona Grand Prix,BEA,56.0,3.0,SOFT,,87.738,1,True
7,Barcelona Grand Prix,BEA,57.0,3.0,SOFT,,84.737,1,True
7,Barcelona Grand Prix,BEA,58.0,3.0,SOFT,,84.379,1,True
7,Barcelona Grand Prix,BEA,59.0,3.0,SOFT,,84.106,1,True
7,Barcelona Grand Prix,BEA,60.0,3.0,SOFT,,103.521,126,False
8,Austrian Grand Prix,NOR,1.0,1.0,MEDIUM,1.0,78.505,1,False
8,Austrian Grand Prix,NOR,2.0,1.0,MEDIUM,2.0,73.406,1,False
8,Austrian Grand Prix,NOR,3.0,1.0,MEDIUM,3.0,73.015,1,True
8,Austrian Grand Prix,NOR,4.0,1.0,MEDIUM,4.0,72.63,1,True
8,Austrian Grand Prix,NOR,5.0,1.0,MEDIUM,5.0,72.439,1,True
8,Austrian Grand Prix,NOR,6.0,1.0,MEDIUM,6.0,72.493,1,True
8,Austrian Grand Prix,NOR,7.0,1.0,MEDIUM,7.0,73.459,1,True
8,Austrian Grand Prix,NOR,8.0,1.0,MEDIUM,8.0,73.025,1,True
8,Austrian Grand Prix,NOR,9.0,1.0,MEDIUM,9.0,73.013,1,True
8,Austrian Grand Prix,NOR,10.0,1.0,MEDIUM,10.0,73.197,1,True
8,Austrian Grand Prix,NOR,11.0,1.0,MEDIUM,11.0,73.335,1,True
8,Austrian Grand Prix,NOR,12.0,1.0,MEDIUM,12.0,73.25,1,True
8,Austrian Grand Prix,NOR,13.0,1.0,MEDIUM,13.0,73.591,1,True
8,Austrian Grand Prix,NOR,14.0,1.0,MEDIUM,14.0,73.423,1,True
8,Austrian Grand Prix,NOR,15.0,1.0,MEDIUM,15.0,73.419,1,True
8,Austrian Grand Prix,NOR,16.0,1.0,MEDIUM,16.0,73.323,1,True
8,Austrian Grand Prix,NOR,17.0,1.0,MEDIUM,17.0,73.157,1,True
8,Austrian Grand Prix,NOR,18.0,1.0,MEDIUM,18.0,73.381,1,True
8,Austrian Grand Prix,NOR,19.0,1.0,MEDIUM,19.0,74.33,1,True
8,Austrian Grand Prix,NOR,20.0,1.0,MEDIUM,20.0,73.655,1,True
8,Austrian Grand Prix,NOR,21.0,1.0,MEDIUM,21.0,78.354,1,False
8,Austrian Grand Prix,NOR,22.0,2.0,HARD,1.0,90.005,1,False
8,Austrian Grand Prix,NOR,23.0,2.0,HARD,2.0,72.148,1,True
8,Austrian Grand Prix,NOR,24.0,2.0,HARD,3.0,78.463,126,False
8,Austrian Grand Prix,NOR,25.0,2.0,HARD,4.0,96.995,6,False
8,Austrian Grand Prix,NOR,26.0,2.0,HARD,5.0,84.972,671,False
8,Austrian Grand Prix,NOR,27.0,2.0,HARD,6.0,71.773,1,True
8,Austrian Grand Prix,NOR,28.0,2.0,HARD,7.0,71.568,1,True
8,Austrian Grand Prix,NOR,29.0,2.0,HARD,8.0,71.843,1,True
8,Austrian Grand Prix,NOR,30.0,2.0,HARD,9.0,71.797,1,True
8,Austrian Grand Prix,NOR,31.0,2.0,HARD,10.0,71.666,1,True
8,Austrian Grand Prix,NOR,32.0,2.0,HARD,11.0,71.593,1,True
8,Austrian Grand Prix,NOR,33.0,2.0,HARD,12.0,71.542,1,True
8,Austrian Grand Prix,NOR,34.0,2.0,HARD,13.0,71.916,1,True
8,Austrian Grand Prix,NOR,35.0,2.0,HARD,14.0,71.547,1,True
8,Austrian Grand Prix,NOR,36.0,2.0,HARD,15.0,71.824,1,True
8,Austrian Grand Prix,NOR,37.0,2.0,HARD,16.0,72.345,1,True
8,Austrian Grand Prix,NOR,38.0,2.0,HARD,17.0,71.788,1,True
8,Austrian Grand Prix,NOR,39.0,2.0,HARD,18.0,72.229,1,True
8,Austrian Grand Prix,NOR,40.0,2.0,HARD,19.0,72.078,1,True
8,Austrian Grand Prix,NOR,41.0,2.0,HARD,20.0,72.134,1,True
8,Austrian Grand Prix,NOR,42.0,2.0,HARD,21.0,71.746,1,True
8,Austrian Grand Prix,NOR,43.0,2.0,HARD,22.0,72.194,1,True
8,Austrian Grand Prix,NOR,44.0,2.0,HARD,23.0,72.353,1,True
8,Austrian Grand Prix,NOR,45.0,2.0,HARD,24.0,72.274,1,True
8,Austrian Grand Prix,NOR,46.0,2.0,HARD,25.0,72.465,1,True
8,Austrian Grand Prix,NOR,47.0,2.0,HARD,26.0,76.801,1,False
8,Austrian Grand Prix,NOR,48.0,3.0,HARD,1.0,88.64,1,False
8,Austrian Grand Prix,NOR,49.0,3.0,HARD,2.0,70.994,1,True
8,Austrian Grand Prix,NOR,50.0,3.0,HARD,3.0,70.865,1,True
8,Austrian Grand Prix,NOR,51.0,3.0,HARD,4.0,71.17,1,True
8,Austrian Grand Prix,NOR,52.0,3.0,HARD,5.0,82.848,167,False
8,Austrian Grand Prix,NOR,53.0,3.0,HARD,6.0,70.659,1,True
8,Austrian Grand Prix,NOR,54.0,3.0,HARD,7.0,70.983,1,True
8,Austrian Grand Prix,NOR,55.0,3.0,HARD,8.0,70.652,1,True
8,Austrian Grand Prix,NOR,56.0,3.0,HARD,9.0,70.907,1,True
8,Austrian Grand Prix,NOR,57.0,3.0,HARD,10.0,70.979,1,True
8,Austrian Grand Prix,NOR,58.0,3.0,HARD,11.0,71.465,1,True
8,Austrian Grand Prix,NOR,59.0,3.0,HARD,12.0,71.584,1,True
8,Austrian Grand Prix,NOR,60.0,3.0,HARD,13.0,71.216,1,True
8,Austrian Grand Prix,NOR,61.0,3.0,HARD,14.0,71.205,1,True
8,Austrian Grand Prix,NOR,62.0,3.0,HARD,15.0,71.586,1,True
8,Austrian Grand Prix,NOR,63.0,3.0,HARD,16.0,71.385,1,True
8,Austrian Grand Prix,NOR,64.0,3.0,HARD,17.0,71.318,1,True
8,Austrian Grand Prix,NOR,65.0,3.0,HARD,18.0,71.409,1,True
8,Austrian Grand Prix,NOR,66.0,3.0,HARD,19.0,71.497,1,True
8,Austrian Grand Prix,NOR,67.0,3.0,HARD,20.0,72.49,1,True
8,Austrian Grand Prix,NOR,68.0,3.0,HARD,21.0,71.939,1,True
8,Austrian Grand Prix,NOR,69.0,3.0,HARD,22.0,71.821,1,True
8,Austrian Grand Prix,NOR,70.0,3.0,HARD,23.0,72.674,1,True
8,Austrian Grand Prix,NOR,71.0,3.0,HARD,24.0,72.739,1,True
8,Austrian Grand Prix,GAS,1.0,1.0,MEDIUM,1.0,80.728,1,False
8,Austrian Grand Prix,GAS,2.0,1.0,MEDIUM,2.0,74.455,1,False
8,Austrian Grand Prix,GAS,3.0,1.0,MEDIUM,3.0,73.713,1,True
8,Austrian Grand Prix,GAS,4.0,1.0,MEDIUM,4.0,74.015,1,True
8,Austrian Grand Prix,GAS,5.0,1.0,MEDIUM,5.0,74.023,1,True
8,Austrian Grand Prix,GAS,6.0,1.0,MEDIUM,6.0,74.065,1,True
8,Austrian Grand Prix,GAS,7.0,1.0,MEDIUM,7.0,74.705,1,True
8,Austrian Grand Prix,GAS,8.0,1.0,MEDIUM,8.0,74.513,1,True
8,Austrian Grand Prix,GAS,9.0,1.0,MEDIUM,9.0,74.864,1,True
8,Austrian Grand Prix,GAS,10.0,1.0,MEDIUM,10.0,75.154,1,True
8,Austrian Grand Prix,GAS,11.0,1.0,MEDIUM,11.0,75.588,1,True
8,Austrian Grand Prix,GAS,12.0,1.0,MEDIUM,12.0,74.943,1,True
8,Austrian Grand Prix,GAS,13.0,1.0,MEDIUM,13.0,79.306,1,False
8,Austrian Grand Prix,GAS,14.0,2.0,HARD,1.0,90.469,1,False
8,Austrian Grand Prix,GAS,15.0,2.0,HARD,2.0,72.983,1,True
8,Austrian Grand Prix,GAS,16.0,2.0,HARD,3.0,73.349,1,True
8,Austrian Grand Prix,GAS,17.0,2.0,HARD,4.0,73.244,1,True
8,Austrian Grand Prix,GAS,18.0,2.0,HARD,5.0,73.04,1,True
8,Austrian Grand Prix,GAS,19.0,2.0,HARD,6.0,72.932,1,True
8,Austrian Grand Prix,GAS,20.0,2.0,HARD,7.0,72.916,1,True
8,Austrian Grand Prix,GAS,21.0,2.0,HARD,8.0,72.772,1,True
8,Austrian Grand Prix,GAS,22.0,2.0,HARD,9.0,72.985,1,True
8,Austrian Grand Prix,GAS,23.0,2.0,HARD,10.0,73.89,1,True
8,Austrian Grand Prix,GAS,24.0,2.0,HARD,11.0,83.514,126,False
8,Austrian Grand Prix,GAS,25.0,2.0,HARD,12.0,96.491,6,False
8,Austrian Grand Prix,GAS,26.0,2.0,HARD,13.0,82.551,671,False
8,Austrian Grand Prix,GAS,27.0,2.0,HARD,14.0,73.061,1,True
8,Austrian Grand Prix,GAS,28.0,2.0,HARD,15.0,72.923,1,True
8,Austrian Grand Prix,GAS,29.0,2.0,HARD,16.0,73.094,1,True
8,Austrian Grand Prix,GAS,30.0,2.0,HARD,17.0,73.146,1,True
8,Austrian Grand Prix,GAS,31.0,2.0,HARD,18.0,73.156,1,True
8,Austrian Grand Prix,GAS,32.0,2.0,HARD,19.0,73.184,1,True
8,Austrian Grand Prix,GAS,33.0,2.0,HARD,20.0,73.464,1,True
8,Austrian Grand Prix,GAS,34.0,2.0,HARD,21.0,73.591,1,True
8,Austrian Grand Prix,GAS,35.0,2.0,HARD,22.0,73.749,1,True
8,Austrian Grand Prix,GAS,36.0,2.0,HARD,23.0,73.927,1,True
8,Austrian Grand Prix,GAS,37.0,2.0,HARD,24.0,73.947,1,True
8,Austrian Grand Prix,GAS,38.0,2.0,HARD,25.0,78.051,1,False
8,Austrian Grand Prix,GAS,39.0,3.0,MEDIUM,1.0,89.337,1,False
8,Austrian Grand Prix,GAS,40.0,3.0,MEDIUM,2.0,72.259,1,True
8,Austrian Grand Prix,GAS,41.0,3.0,MEDIUM,3.0,72.291,1,True
8,Austrian Grand Prix,GAS,42.0,3.0,MEDIUM,4.0,72.583,1,True
8,Austrian Grand Prix,GAS,43.0,3.0,MEDIUM,5.0,72.471,1,True
8,Austrian Grand Prix,GAS,44.0,3.0,MEDIUM,6.0,72.371,1,True
8,Austrian Grand Prix,GAS,45.0,3.0,MEDIUM,7.0,72.718,1,True
8,Austrian Grand Prix,GAS,46.0,3.0,MEDIUM,8.0,72.366,1,True
8,Austrian Grand Prix,GAS,47.0,3.0,MEDIUM,9.0,72.967,1,True
8,Austrian Grand Prix,GAS,48.0,3.0,MEDIUM,10.0,73.261,1,True
8,Austrian Grand Prix,GAS,49.0,3.0,MEDIUM,11.0,72.557,1,True
8,Austrian Grand Prix,GAS,50.0,3.0,MEDIUM,12.0,72.686,1,True
8,Austrian Grand Prix,GAS,51.0,3.0,MEDIUM,13.0,78.808,16,False
8,Austrian Grand Prix,GAS,52.0,4.0,SOFT,1.0,91.156,671,False
8,Austrian Grand Prix,GAS,53.0,4.0,SOFT,2.0,73.63,1,True
8,Austrian Grand Prix,GAS,54.0,4.0,SOFT,3.0,71.466,1,True
8,Austrian Grand Prix,GAS,55.0,4.0,SOFT,4.0,72.805,1,True
8,Austrian Grand Prix,GAS,56.0,4.0,SOFT,5.0,72.053,1,True
8,Austrian Grand Prix,GAS,57.0,4.0,SOFT,6.0,73.102,1,True
8,Austrian Grand Prix,GAS,58.0,4.0,SOFT,7.0,73.762,1,True
8,Austrian Grand Prix,GAS,59.0,4.0,SOFT,8.0,71.953,1,True
8,Austrian Grand Prix,GAS,60.0,4.0,SOFT,9.0,71.581,1,True
8,Austrian Grand Prix,GAS,61.0,4.0,SOFT,10.0,71.651,1,True
8,Austrian Grand Prix,GAS,62.0,4.0,SOFT,11.0,71.625,1,True
8,Austrian Grand Prix,GAS,63.0,4.0,SOFT,12.0,71.779,1,True
8,Austrian Grand Prix,GAS,64.0,4.0,SOFT,13.0,73.001,1,True
8,Austrian Grand Prix,GAS,65.0,4.0,SOFT,14.0,72.076,1,True
8,Austrian Grand Prix,GAS,66.0,4.0,SOFT,15.0,72.223,1,True
8,Austrian Grand Prix,GAS,67.0,4.0,SOFT,16.0,72.562,1,True
8,Austrian Grand Prix,GAS,68.0,4.0,SOFT,17.0,71.986,1,True
8,Austrian Grand Prix,GAS,69.0,4.0,SOFT,18.0,72.97,1,True
8,Austrian Grand Prix,GAS,70.0,4.0,SOFT,19.0,72.673,1,True
8,Austrian Grand Prix,PER,1.0,1.0,MEDIUM,1.0,82.791,1,False
8,Austrian Grand Prix,PER,2.0,1.0,MEDIUM,2.0,75.275,1,False
8,Austrian Grand Prix,PER,3.0,1.0,MEDIUM,3.0,74.448,1,True
8,Austrian Grand Prix,PER,4.0,1.0,MEDIUM,4.0,84.857,1,False
8,Austrian Grand Prix,ANT,1.0,1.0,MEDIUM,1.0,76.931,1,False
8,Austrian Grand Prix,ANT,2.0,1.0,MEDIUM,2.0,74.216,1,False
8,Austrian Grand Prix,ANT,3.0,1.0,MEDIUM,3.0,72.568,1,True
8,Austrian Grand Prix,ANT,4.0,1.0,MEDIUM,4.0,72.114,1,True
8,Austrian Grand Prix,ANT,5.0,1.0,MEDIUM,5.0,72.168,1,True
8,Austrian Grand Prix,ANT,6.0,1.0,MEDIUM,6.0,72.285,1,True
8,Austrian Grand Prix,ANT,7.0,1.0,MEDIUM,7.0,72.607,1,True
8,Austrian Grand Prix,ANT,8.0,1.0,MEDIUM,8.0,72.163,1,True
8,Austrian Grand Prix,ANT,9.0,1.0,MEDIUM,9.0,72.268,1,True
8,Austrian Grand Prix,ANT,10.0,1.0,MEDIUM,10.0,72.586,1,True
8,Austrian Grand Prix,ANT,11.0,1.0,MEDIUM,11.0,73.147,1,True
8,Austrian Grand Prix,ANT,12.0,1.0,MEDIUM,12.0,73.221,1,True
8,Austrian Grand Prix,ANT,13.0,1.0,MEDIUM,13.0,72.782,1,True
8,Austrian Grand Prix,ANT,14.0,1.0,MEDIUM,14.0,72.696,1,True
8,Austrian Grand Prix,ANT,15.0,1.0,MEDIUM,15.0,72.993,1,True
8,Austrian Grand Prix,ANT,16.0,1.0,MEDIUM,16.0,72.883,1,True
8,Austrian Grand Prix,ANT,17.0,1.0,MEDIUM,17.0,72.474,1,True
8,Austrian Grand Prix,ANT,18.0,1.0,MEDIUM,18.0,72.816,1,True
8,Austrian Grand Prix,ANT,19.0,1.0,MEDIUM,19.0,72.476,1,True
8,Austrian Grand Prix,ANT,20.0,1.0,MEDIUM,20.0,73.419,1,True
8,Austrian Grand Prix,ANT,21.0,1.0,MEDIUM,21.0,72.804,1,True
8,Austrian Grand Prix,ANT,22.0,1.0,MEDIUM,22.0,73.952,1,True
8,Austrian Grand Prix,ANT,23.0,1.0,MEDIUM,23.0,73.136,1,True
8,Austrian Grand Prix,ANT,24.0,1.0,MEDIUM,24.0,78.234,12,False
8,Austrian Grand Prix,ANT,25.0,2.0,HARD,1.0,113.381,26,False
8,Austrian Grand Prix,ANT,26.0,2.0,HARD,2.0,90.081,671,False
8,Austrian Grand Prix,ANT,27.0,2.0,HARD,3.0,71.342,1,True
8,Austrian Grand Prix,ANT,28.0,2.0,HARD,4.0,71.395,1,True
8,Austrian Grand Prix,ANT,29.0,2.0,HARD,5.0,72.092,1,True
8,Austrian Grand Prix,ANT,30.0,2.0,HARD,6.0,71.297,1,True
8,Austrian Grand Prix,ANT,31.0,2.0,HARD,7.0,71.43,1,True
8,Austrian Grand Prix,ANT,32.0,2.0,HARD,8.0,71.23,1,True
8,Austrian Grand Prix,ANT,33.0,2.0,HARD,9.0,71.368,1,True
8,Austrian Grand Prix,ANT,34.0,2.0,HARD,10.0,71.356,1,True
8,Austrian Grand Prix,ANT,35.0,2.0,HARD,11.0,71.363,1,True
8,Austrian Grand Prix,ANT,36.0,2.0,HARD,12.0,71.26,1,True
8,Austrian Grand Prix,ANT,37.0,2.0,HARD,13.0,71.327,1,True
8,Austrian Grand Prix,ANT,38.0,2.0,HARD,14.0,71.595,1,True
8,Austrian Grand Prix,ANT,39.0,2.0,HARD,15.0,71.644,1,True
8,Austrian Grand Prix,ANT,40.0,2.0,HARD,16.0,72.599,1,True
8,Austrian Grand Prix,ANT,41.0,2.0,HARD,17.0,72.131,1,True
8,Austrian Grand Prix,ANT,42.0,2.0,HARD,18.0,71.507,1,True
8,Austrian Grand Prix,ANT,43.0,2.0,HARD,19.0,71.691,1,True
8,Austrian Grand Prix,ANT,44.0,2.0,HARD,20.0,71.723,1,True
8,Austrian Grand Prix,ANT,45.0,2.0,HARD,21.0,71.825,1,True
8,Austrian Grand Prix,ANT,46.0,2.0,HARD,22.0,71.748,1,True
8,Austrian Grand Prix,ANT,47.0,2.0,HARD,23.0,71.785,1,True
8,Austrian Grand Prix,ANT,48.0,2.0,HARD,24.0,71.746,1,True
8,Austrian Grand Prix,ANT,49.0,2.0,HARD,25.0,72.214,1,True
8,Austrian Grand Prix,ANT,50.0,2.0,HARD,26.0,72.121,1,True
8,Austrian Grand Prix,ANT,51.0,2.0,HARD,27.0,76.579,1,False
8,Austrian Grand Prix,ANT,52.0,3.0,HARD,1.0,96.107,16,False
8,Austrian Grand Prix,ANT,53.0,3.0,HARD,2.0,75.677,671,False
8,Austrian Grand Prix,ANT,54.0,3.0,HARD,3.0,70.424,1,True
8,Austrian Grand Prix,ANT,55.0,3.0,HARD,4.0,70.444,1,True
8,Austrian Grand Prix,ANT,56.0,3.0,HARD,5.0,70.43,1,True
8,Austrian Grand Prix,ANT,57.0,3.0,HARD,6.0,70.47,1,True
8,Austrian Grand Prix,ANT,58.0,3.0,HARD,7.0,70.632,1,True
8,Austrian Grand Prix,ANT,59.0,3.0,HARD,8.0,70.374,1,True
8,Austrian Grand Prix,ANT,60.0,3.0,HARD,9.0,70.391,1,True
8,Austrian Grand Prix,ANT,61.0,3.0,HARD,10.0,70.442,1,True
8,Austrian Grand Prix,ANT,62.0,3.0,HARD,11.0,70.892,1,True
8,Austrian Grand Prix,ANT,63.0,3.0,HARD,12.0,71.051,1,True
8,Austrian Grand Prix,ANT,64.0,3.0,HARD,13.0,70.895,1,True
8,Austrian Grand Prix,ANT,65.0,3.0,HARD,14.0,70.64,1,True
8,Austrian Grand Prix,ANT,66.0,3.0,HARD,15.0,70.732,1,True
8,Austrian Grand Prix,ANT,67.0,3.0,HARD,16.0,71.031,1,True
8,Austrian Grand Prix,ANT,68.0,3.0,HARD,17.0,70.549,1,True
8,Austrian Grand Prix,ANT,69.0,3.0,HARD,18.0,70.407,1,True
8,Austrian Grand Prix,ANT,70.0,3.0,HARD,19.0,70.675,1,True
8,Austrian Grand Prix,ANT,71.0,3.0,HARD,20.0,70.933,1,True
8,Austrian Grand Prix,ALO,1.0,1.0,MEDIUM,1.0,83.498,1,False
8,Austrian Grand Prix,ALO,2.0,1.0,MEDIUM,2.0,75.948,1,False
8,Austrian Grand Prix,ALO,3.0,1.0,MEDIUM,3.0,74.905,1,True
8,Austrian Grand Prix,ALO,4.0,1.0,MEDIUM,4.0,75.429,1,True
8,Austrian Grand Prix,ALO,5.0,1.0,MEDIUM,5.0,74.923,1,True
8,Austrian Grand Prix,ALO,6.0,1.0,MEDIUM,6.0,75.018,1,True
8,Austrian Grand Prix,ALO,7.0,1.0,MEDIUM,7.0,75.227,1,True
8,Austrian Grand Prix,ALO,8.0,1.0,MEDIUM,8.0,75.257,1,True
8,Austrian Grand Prix,ALO,9.0,1.0,MEDIUM,9.0,75.554,1,True
8,Austrian Grand Prix,ALO,10.0,1.0,MEDIUM,10.0,75.756,1,True
8,Austrian Grand Prix,ALO,11.0,1.0,MEDIUM,11.0,75.881,1,True
8,Austrian Grand Prix,ALO,12.0,1.0,MEDIUM,12.0,75.723,1,True
8,Austrian Grand Prix,ALO,13.0,1.0,MEDIUM,13.0,75.941,1,True
8,Austrian Grand Prix,ALO,14.0,1.0,MEDIUM,14.0,75.946,1,True
8,Austrian Grand Prix,ALO,15.0,1.0,MEDIUM,15.0,75.804,1,True
8,Austrian Grand Prix,ALO,16.0,1.0,MEDIUM,16.0,75.789,1,True
8,Austrian Grand Prix,ALO,17.0,1.0,MEDIUM,17.0,76.338,1,True
8,Austrian Grand Prix,ALO,18.0,1.0,MEDIUM,18.0,75.715,1,True
8,Austrian Grand Prix,ALO,19.0,1.0,MEDIUM,19.0,75.875,1,True
8,Austrian Grand Prix,ALO,20.0,1.0,MEDIUM,20.0,76.185,1,True
8,Austrian Grand Prix,ALO,21.0,1.0,MEDIUM,21.0,75.818,1,True
8,Austrian Grand Prix,ALO,22.0,1.0,MEDIUM,22.0,76.694,1,True
8,Austrian Grand Prix,ALO,23.0,1.0,MEDIUM,23.0,77.438,12,False
8,Austrian Grand Prix,ALO,24.0,1.0,MEDIUM,24.0,92.536,26,False
8,Austrian Grand Prix,ALO,25.0,2.0,SOFT,1.0,109.372,671,False
8,Austrian Grand Prix,ALO,26.0,2.0,SOFT,2.0,74.944,1,True
8,Austrian Grand Prix,ALO,27.0,2.0,SOFT,3.0,74.776,1,True
8,Austrian Grand Prix,ALO,28.0,2.0,SOFT,4.0,75.591,1,True
8,Austrian Grand Prix,ALO,29.0,2.0,SOFT,5.0,75.61,1,True
8,Austrian Grand Prix,ALO,30.0,2.0,SOFT,6.0,73.997,1,True
8,Austrian Grand Prix,ALO,31.0,2.0,SOFT,7.0,75.128,1,True
8,Austrian Grand Prix,ALO,32.0,2.0,SOFT,8.0,74.869,1,True
8,Austrian Grand Prix,ALO,33.0,2.0,SOFT,9.0,75.24,1,True
8,Austrian Grand Prix,ALO,34.0,2.0,SOFT,10.0,75.439,1,True
8,Austrian Grand Prix,ALO,35.0,2.0,SOFT,11.0,75.632,1,True
8,Austrian Grand Prix,ALO,36.0,2.0,SOFT,12.0,75.213,1,True
8,Austrian Grand Prix,ALO,37.0,2.0,SOFT,13.0,76.781,1,True
8,Austrian Grand Prix,ALO,38.0,2.0,SOFT,14.0,76.961,1,True
8,Austrian Grand Prix,ALO,39.0,2.0,SOFT,15.0,74.707,1,True
8,Austrian Grand Prix,ALO,40.0,2.0,SOFT,16.0,75.383,1,True
8,Austrian Grand Prix,ALO,41.0,2.0,SOFT,17.0,74.996,1,True
8,Austrian Grand Prix,ALO,42.0,2.0,SOFT,18.0,74.917,1,True
8,Austrian Grand Prix,ALO,43.0,2.0,SOFT,19.0,74.576,1,True
8,Austrian Grand Prix,ALO,44.0,2.0,SOFT,20.0,74.541,1,True
8,Austrian Grand Prix,ALO,45.0,2.0,SOFT,21.0,74.743,1,True
8,Austrian Grand Prix,ALO,46.0,2.0,SOFT,22.0,74.929,1,True
8,Austrian Grand Prix,ALO,47.0,2.0,SOFT,23.0,75.133,1,True
8,Austrian Grand Prix,ALO,48.0,2.0,SOFT,24.0,77.095,1,True
8,Austrian Grand Prix,ALO,49.0,2.0,SOFT,25.0,80.214,1,False
8,Austrian Grand Prix,ALO,50.0,3.0,SOFT,1.0,108.485,167,False
8,Austrian Grand Prix,ALO,51.0,3.0,SOFT,2.0,74.353,1,True
8,Austrian Grand Prix,ALO,52.0,3.0,SOFT,3.0,72.501,1,True
8,Austrian Grand Prix,ALO,53.0,3.0,SOFT,4.0,72.938,1,True
8,Austrian Grand Prix,ALO,54.0,3.0,SOFT,5.0,73.384,1,True
8,Austrian Grand Prix,ALO,55.0,3.0,SOFT,6.0,73.479,1,True
8,Austrian Grand Prix,ALO,56.0,3.0,SOFT,7.0,73.439,1,True
8,Austrian Grand Prix,ALO,57.0,3.0,SOFT,8.0,73.645,1,True
8,Austrian Grand Prix,ALO,58.0,3.0,SOFT,9.0,73.449,1,True
8,Austrian Grand Prix,ALO,59.0,3.0,SOFT,10.0,73.643,1,True
8,Austrian Grand Prix,ALO,60.0,3.0,SOFT,11.0,74.801,1,True
8,Austrian Grand Prix,ALO,61.0,3.0,SOFT,12.0,74.322,1,True
8,Austrian Grand Prix,ALO,62.0,3.0,SOFT,13.0,73.519,1,True
8,Austrian Grand Prix,ALO,63.0,3.0,SOFT,14.0,74.181,1,True
8,Austrian Grand Prix,ALO,64.0,3.0,SOFT,15.0,73.986,1,True
8,Austrian Grand Prix,ALO,65.0,3.0,SOFT,16.0,74.483,1,True
8,Austrian Grand Prix,ALO,66.0,3.0,SOFT,17.0,73.84,1,True
8,Austrian Grand Prix,ALO,67.0,3.0,SOFT,18.0,74.742,1,True
8,Austrian Grand Prix,ALO,68.0,3.0,SOFT,19.0,75.637,1,True
8,Austrian Grand Prix,LEC,1.0,1.0,MEDIUM,1.0,76.526,1,False
8,Austrian Grand Prix,LEC,2.0,1.0,MEDIUM,2.0,74.142,1,False
8,Austrian Grand Prix,LEC,3.0,1.0,MEDIUM,3.0,72.446,1,True
8,Austrian Grand Prix,LEC,4.0,1.0,MEDIUM,4.0,71.971,1,True
8,Austrian Grand Prix,LEC,5.0,1.0,MEDIUM,5.0,72.252,1,True
8,Austrian Grand Prix,LEC,6.0,1.0,MEDIUM,6.0,72.216,1,True
8,Austrian Grand Prix,LEC,7.0,1.0,MEDIUM,7.0,73.951,1,True
8,Austrian Grand Prix,LEC,8.0,1.0,MEDIUM,8.0,72.717,1,True
8,Austrian Grand Prix,LEC,9.0,1.0,MEDIUM,9.0,72.895,1,True
8,Austrian Grand Prix,LEC,10.0,1.0,MEDIUM,10.0,73.061,1,True
8,Austrian Grand Prix,LEC,11.0,1.0,MEDIUM,11.0,73.493,1,True
8,Austrian Grand Prix,LEC,12.0,1.0,MEDIUM,12.0,73.433,1,True
8,Austrian Grand Prix,LEC,13.0,1.0,MEDIUM,13.0,77.722,1,False
8,Austrian Grand Prix,LEC,14.0,2.0,HARD,1.0,89.806,1,False
8,Austrian Grand Prix,LEC,15.0,2.0,HARD,2.0,72.788,1,True
8,Austrian Grand Prix,LEC,16.0,2.0,HARD,3.0,72.567,1,True
8,Austrian Grand Prix,LEC,17.0,2.0,HARD,4.0,72.975,1,True
8,Austrian Grand Prix,LEC,18.0,2.0,HARD,5.0,72.591,1,True
8,Austrian Grand Prix,LEC,19.0,2.0,HARD,6.0,72.245,1,True
8,Austrian Grand Prix,LEC,20.0,2.0,HARD,7.0,72.066,1,True
8,Austrian Grand Prix,LEC,21.0,2.0,HARD,8.0,71.661,1,True
8,Austrian Grand Prix,LEC,22.0,2.0,HARD,9.0,71.932,1,True
8,Austrian Grand Prix,LEC,23.0,2.0,HARD,10.0,71.83,1,True
8,Austrian Grand Prix,LEC,24.0,2.0,HARD,11.0,72.699,12,False
8,Austrian Grand Prix,LEC,25.0,2.0,HARD,12.0,98.068,26,False
8,Austrian Grand Prix,LEC,26.0,2.0,HARD,13.0,90.934,671,False
8,Austrian Grand Prix,LEC,27.0,2.0,HARD,14.0,71.905,1,True
8,Austrian Grand Prix,LEC,28.0,2.0,HARD,15.0,71.737,1,True
8,Austrian Grand Prix,LEC,29.0,2.0,HARD,16.0,71.995,1,True
8,Austrian Grand Prix,LEC,30.0,2.0,HARD,17.0,72.682,1,True
8,Austrian Grand Prix,LEC,31.0,2.0,HARD,18.0,71.859,1,True
8,Austrian Grand Prix,LEC,32.0,2.0,HARD,19.0,72.044,1,True
8,Austrian Grand Prix,LEC,33.0,2.0,HARD,20.0,72.345,1,True
8,Austrian Grand Prix,LEC,34.0,2.0,HARD,21.0,72.316,1,True
8,Austrian Grand Prix,LEC,35.0,2.0,HARD,22.0,72.19,1,True
8,Austrian Grand Prix,LEC,36.0,2.0,HARD,23.0,72.588,1,True
8,Austrian Grand Prix,LEC,37.0,2.0,HARD,24.0,78.434,1,False
8,Austrian Grand Prix,LEC,38.0,3.0,HARD,1.0,88.302,1,False
8,Austrian Grand Prix,LEC,39.0,3.0,HARD,2.0,71.611,1,True
8,Austrian Grand Prix,LEC,40.0,3.0,HARD,3.0,71.701,1,True
8,Austrian Grand Prix,LEC,41.0,3.0,HARD,4.0,71.055,1,True
8,Austrian Grand Prix,LEC,42.0,3.0,HARD,5.0,70.916,1,True
8,Austrian Grand Prix,LEC,43.0,3.0,HARD,6.0,71.184,1,True
8,Austrian Grand Prix,LEC,44.0,3.0,HARD,7.0,71.165,1,True
8,Austrian Grand Prix,LEC,45.0,3.0,HARD,8.0,71.251,1,True
8,Austrian Grand Prix,LEC,46.0,3.0,HARD,9.0,71.718,1,True
8,Austrian Grand Prix,LEC,47.0,3.0,HARD,10.0,71.665,1,True
8,Austrian Grand Prix,LEC,48.0,3.0,HARD,11.0,72.597,1,True
8,Austrian Grand Prix,LEC,49.0,3.0,HARD,12.0,71.607,1,True
8,Austrian Grand Prix,LEC,50.0,3.0,HARD,13.0,71.537,1,True
8,Austrian Grand Prix,LEC,51.0,3.0,HARD,14.0,71.582,1,True
8,Austrian Grand Prix,LEC,52.0,3.0,HARD,15.0,81.968,167,False
8,Austrian Grand Prix,LEC,53.0,3.0,HARD,16.0,74.572,71,False
8,Austrian Grand Prix,LEC,54.0,3.0,HARD,17.0,72.063,1,True
8,Austrian Grand Prix,LEC,55.0,3.0,HARD,18.0,72.011,1,True
8,Austrian Grand Prix,LEC,56.0,3.0,HARD,19.0,74.03,1,True
8,Austrian Grand Prix,LEC,57.0,3.0,HARD,20.0,72.075,1,True
8,Austrian Grand Prix,LEC,58.0,3.0,HARD,21.0,72.651,1,True
8,Austrian Grand Prix,LEC,59.0,3.0,HARD,22.0,78.286,1,False
8,Austrian Grand Prix,LEC,60.0,4.0,SOFT,4.0,89.606,1,False
8,Austrian Grand Prix,LEC,61.0,4.0,SOFT,5.0,70.87,1,True
8,Austrian Grand Prix,LEC,62.0,4.0,SOFT,6.0,71.098,1,True
8,Austrian Grand Prix,LEC,63.0,4.0,SOFT,7.0,70.936,1,True
8,Austrian Grand Prix,LEC,64.0,4.0,SOFT,8.0,70.878,1,True
8,Austrian Grand Prix,LEC,65.0,4.0,SOFT,9.0,71.021,1,True
8,Austrian Grand Prix,LEC,66.0,4.0,SOFT,10.0,70.684,1,True
8,Austrian Grand Prix,LEC,67.0,4.0,SOFT,11.0,70.606,1,True
8,Austrian Grand Prix,LEC,68.0,4.0,SOFT,12.0,70.713,1,True
8,Austrian Grand Prix,LEC,69.0,4.0,SOFT,13.0,70.803,1,True
8,Austrian Grand Prix,LEC,70.0,4.0,SOFT,14.0,70.998,1,True
8,Austrian Grand Prix,LEC,71.0,4.0,SOFT,15.0,70.796,1,True
8,Austrian Grand Prix,STR,1.0,1.0,MEDIUM,1.0,84.834,1,False
8,Austrian Grand Prix,STR,2.0,1.0,MEDIUM,2.0,76.042,1,False
8,Austrian Grand Prix,STR,3.0,1.0,MEDIUM,3.0,75.015,1,True
8,Austrian Grand Prix,STR,4.0,1.0,MEDIUM,4.0,75.217,1,True
8,Austrian Grand Prix,STR,5.0,1.0,MEDIUM,5.0,74.987,1,True
8,Austrian Grand Prix,STR,6.0,1.0,MEDIUM,6.0,74.995,1,True
8,Austrian Grand Prix,STR,7.0,1.0,MEDIUM,7.0,75.59,1,True
8,Austrian Grand Prix,STR,8.0,1.0,MEDIUM,8.0,75.485,1,True
8,Austrian Grand Prix,STR,9.0,1.0,MEDIUM,9.0,75.455,1,True
8,Austrian Grand Prix,STR,10.0,1.0,MEDIUM,10.0,75.64,1,True
8,Austrian Grand Prix,STR,11.0,1.0,MEDIUM,11.0,75.956,1,True
8,Austrian Grand Prix,STR,12.0,1.0,MEDIUM,12.0,75.835,1,True
8,Austrian Grand Prix,STR,13.0,1.0,MEDIUM,13.0,75.717,1,True
8,Austrian Grand Prix,STR,14.0,1.0,MEDIUM,14.0,75.964,1,True
8,Austrian Grand Prix,STR,15.0,1.0,MEDIUM,15.0,75.826,1,True
8,Austrian Grand Prix,STR,16.0,1.0,MEDIUM,16.0,76.64,1,True
8,Austrian Grand Prix,STR,17.0,1.0,MEDIUM,17.0,75.683,1,True
8,Austrian Grand Prix,STR,18.0,1.0,MEDIUM,18.0,75.879,1,True
8,Austrian Grand Prix,STR,19.0,1.0,MEDIUM,19.0,76.515,1,True
8,Austrian Grand Prix,STR,20.0,1.0,MEDIUM,20.0,76.451,1,True
8,Austrian Grand Prix,STR,21.0,1.0,MEDIUM,21.0,77.047,1,True
8,Austrian Grand Prix,STR,22.0,1.0,MEDIUM,22.0,76.336,1,True
8,Austrian Grand Prix,STR,23.0,1.0,MEDIUM,23.0,77.269,12,False
8,Austrian Grand Prix,STR,24.0,1.0,MEDIUM,24.0,97.078,26,False
8,Austrian Grand Prix,STR,25.0,2.0,SOFT,1.0,108.627,671,False
8,Austrian Grand Prix,STR,26.0,2.0,SOFT,2.0,74.671,1,True
8,Austrian Grand Prix,STR,27.0,2.0,SOFT,3.0,76.193,1,True
8,Austrian Grand Prix,STR,28.0,2.0,SOFT,4.0,74.161,1,True
8,Austrian Grand Prix,STR,29.0,2.0,SOFT,5.0,75.246,1,True
8,Austrian Grand Prix,STR,30.0,2.0,SOFT,6.0,73.796,1,True
8,Austrian Grand Prix,STR,31.0,2.0,SOFT,7.0,74.006,1,True
8,Austrian Grand Prix,STR,32.0,2.0,SOFT,8.0,74.101,1,True
8,Austrian Grand Prix,STR,33.0,2.0,SOFT,9.0,74.416,1,True
8,Austrian Grand Prix,STR,34.0,2.0,SOFT,10.0,74.224,1,True
8,Austrian Grand Prix,STR,35.0,2.0,SOFT,11.0,74.355,1,True
8,Austrian Grand Prix,STR,36.0,2.0,SOFT,12.0,74.615,1,True
8,Austrian Grand Prix,STR,37.0,2.0,SOFT,13.0,74.863,1,True
8,Austrian Grand Prix,STR,38.0,2.0,SOFT,14.0,77.36,1,True
8,Austrian Grand Prix,STR,39.0,2.0,SOFT,15.0,74.619,1,True
8,Austrian Grand Prix,STR,40.0,2.0,SOFT,16.0,74.584,1,True
8,Austrian Grand Prix,STR,41.0,2.0,SOFT,17.0,76.04,1,True
8,Austrian Grand Prix,STR,42.0,2.0,SOFT,18.0,74.654,1,True
8,Austrian Grand Prix,STR,43.0,2.0,SOFT,19.0,74.641,1,True
8,Austrian Grand Prix,STR,44.0,2.0,SOFT,20.0,74.53,1,True
8,Austrian Grand Prix,STR,45.0,2.0,SOFT,21.0,107.427,1,False
8,Austrian Grand Prix,ALB,1.0,1.0,MEDIUM,1.0,82.522,1,False
8,Austrian Grand Prix,ALB,2.0,1.0,MEDIUM,2.0,74.956,1,False
8,Austrian Grand Prix,ALB,3.0,1.0,MEDIUM,3.0,74.318,1,True
8,Austrian Grand Prix,ALB,4.0,1.0,MEDIUM,4.0,74.27,1,True
8,Austrian Grand Prix,ALB,5.0,1.0,MEDIUM,5.0,74.288,1,True
8,Austrian Grand Prix,ALB,6.0,1.0,MEDIUM,6.0,74.684,1,True
8,Austrian Grand Prix,ALB,7.0,1.0,MEDIUM,7.0,74.463,1,True
8,Austrian Grand Prix,ALB,8.0,1.0,MEDIUM,8.0,74.716,1,True
8,Austrian Grand Prix,ALB,9.0,1.0,MEDIUM,9.0,75.298,1,True
8,Austrian Grand Prix,ALB,10.0,1.0,MEDIUM,10.0,75.141,1,True
8,Austrian Grand Prix,ALB,11.0,1.0,MEDIUM,11.0,75.982,1,True
8,Austrian Grand Prix,ALB,12.0,1.0,MEDIUM,12.0,75.281,1,True
8,Austrian Grand Prix,ALB,13.0,1.0,MEDIUM,13.0,75.112,1,True
8,Austrian Grand Prix,ALB,14.0,1.0,MEDIUM,14.0,74.921,1,True
8,Austrian Grand Prix,ALB,15.0,1.0,MEDIUM,15.0,74.858,1,True
8,Austrian Grand Prix,ALB,16.0,1.0,MEDIUM,16.0,74.979,1,True
8,Austrian Grand Prix,ALB,17.0,1.0,MEDIUM,17.0,75.072,1,True
8,Austrian Grand Prix,ALB,18.0,1.0,MEDIUM,18.0,78.858,1,False
8,Austrian Grand Prix,ALB,19.0,2.0,MEDIUM,1.0,91.904,1,False
8,Austrian Grand Prix,ALB,20.0,2.0,MEDIUM,2.0,73.642,1,True
8,Austrian Grand Prix,ALB,21.0,2.0,MEDIUM,3.0,73.823,1,True
8,Austrian Grand Prix,ALB,22.0,2.0,MEDIUM,4.0,74.202,1,True
8,Austrian Grand Prix,ALB,23.0,2.0,MEDIUM,5.0,73.794,1,True
8,Austrian Grand Prix,ALB,24.0,2.0,MEDIUM,6.0,92.19,126,False
8,Austrian Grand Prix,ALB,25.0,2.0,MEDIUM,7.0,94.459,67,False
8,Austrian Grand Prix,ALB,26.0,2.0,MEDIUM,8.0,75.348,71,False
8,Austrian Grand Prix,ALB,27.0,2.0,MEDIUM,9.0,73.344,1,True
8,Austrian Grand Prix,ALB,28.0,2.0,MEDIUM,10.0,73.531,1,True
8,Austrian Grand Prix,ALB,29.0,2.0,MEDIUM,11.0,73.404,1,True
8,Austrian Grand Prix,ALB,30.0,2.0,MEDIUM,12.0,74.285,1,True
8,Austrian Grand Prix,ALB,31.0,2.0,MEDIUM,13.0,74.701,1,True
8,Austrian Grand Prix,ALB,32.0,2.0,MEDIUM,14.0,74.764,1,True
8,Austrian Grand Prix,ALB,33.0,2.0,MEDIUM,15.0,74.294,1,True
8,Austrian Grand Prix,ALB,34.0,2.0,MEDIUM,16.0,74.002,1,True
8,Austrian Grand Prix,ALB,35.0,2.0,MEDIUM,17.0,75.013,1,True
8,Austrian Grand Prix,ALB,36.0,2.0,MEDIUM,18.0,74.131,1,True
8,Austrian Grand Prix,ALB,37.0,2.0,MEDIUM,19.0,78.04,1,False
8,Austrian Grand Prix,ALB,38.0,3.0,HARD,1.0,91.91,1,False
8,Austrian Grand Prix,ALB,39.0,3.0,HARD,2.0,73.202,1,True
8,Austrian Grand Prix,ALB,40.0,3.0,HARD,3.0,73.974,1,True
8,Austrian Grand Prix,ALB,41.0,3.0,HARD,4.0,73.163,1,True
8,Austrian Grand Prix,ALB,42.0,3.0,HARD,5.0,73.526,1,True
8,Austrian Grand Prix,ALB,43.0,3.0,HARD,6.0,73.137,1,True
8,Austrian Grand Prix,ALB,44.0,3.0,HARD,7.0,73.181,1,True
8,Austrian Grand Prix,ALB,45.0,3.0,HARD,8.0,73.39,1,True
8,Austrian Grand Prix,ALB,46.0,3.0,HARD,9.0,73.426,1,True
8,Austrian Grand Prix,ALB,47.0,3.0,HARD,10.0,73.635,1,True
8,Austrian Grand Prix,ALB,48.0,3.0,HARD,11.0,73.344,1,True
8,Austrian Grand Prix,ALB,49.0,3.0,HARD,12.0,74.02,1,True
8,Austrian Grand Prix,ALB,50.0,3.0,HARD,13.0,73.711,1,True
8,Austrian Grand Prix,ALB,51.0,3.0,HARD,14.0,84.164,167,False
8,Austrian Grand Prix,ALB,52.0,3.0,HARD,15.0,73.575,1,True
8,Austrian Grand Prix,ALB,53.0,3.0,HARD,16.0,73.197,1,True
8,Austrian Grand Prix,ALB,54.0,3.0,HARD,17.0,73.197,1,True
8,Austrian Grand Prix,ALB,55.0,3.0,HARD,18.0,73.301,1,True
8,Austrian Grand Prix,ALB,56.0,3.0,HARD,19.0,73.484,1,True
8,Austrian Grand Prix,ALB,57.0,3.0,HARD,20.0,73.664,1,True
8,Austrian Grand Prix,ALB,58.0,3.0,HARD,21.0,73.538,1,True
8,Austrian Grand Prix,ALB,59.0,3.0,HARD,22.0,73.351,1,True
8,Austrian Grand Prix,ALB,60.0,3.0,HARD,23.0,73.735,1,True
8,Austrian Grand Prix,ALB,61.0,3.0,HARD,24.0,74.077,1,True
8,Austrian Grand Prix,ALB,62.0,3.0,HARD,25.0,73.893,1,True
8,Austrian Grand Prix,ALB,63.0,3.0,HARD,26.0,76.208,1,True
8,Austrian Grand Prix,ALB,64.0,3.0,HARD,27.0,76.311,1,True
8,Austrian Grand Prix,ALB,65.0,3.0,HARD,28.0,74.656,1,True
8,Austrian Grand Prix,ALB,66.0,3.0,HARD,29.0,76.007,1,True
8,Austrian Grand Prix,ALB,67.0,3.0,HARD,30.0,75.416,1,True
8,Austrian Grand Prix,ALB,68.0,3.0,HARD,31.0,75.609,1,True
8,Austrian Grand Prix,ALB,69.0,3.0,HARD,32.0,76.469,1,True
8,Austrian Grand Prix,HUL,1.0,1.0,MEDIUM,1.0,81.214,1,False
8,Austrian Grand Prix,HUL,2.0,1.0,MEDIUM,2.0,74.302,1,False
8,Austrian Grand Prix,HUL,3.0,1.0,MEDIUM,3.0,73.988,1,True
8,Austrian Grand Prix,HUL,4.0,1.0,MEDIUM,4.0,73.905,1,True
8,Austrian Grand Prix,HUL,5.0,1.0,MEDIUM,5.0,74.026,1,True
8,Austrian Grand Prix,HUL,6.0,1.0,MEDIUM,6.0,74.391,1,True
8,Austrian Grand Prix,HUL,7.0,1.0,MEDIUM,7.0,74.418,1,True
8,Austrian Grand Prix,HUL,8.0,1.0,MEDIUM,8.0,74.675,1,True
8,Austrian Grand Prix,HUL,9.0,1.0,MEDIUM,9.0,74.506,1,True
8,Austrian Grand Prix,HUL,10.0,1.0,MEDIUM,10.0,75.271,1,True
8,Austrian Grand Prix,HUL,11.0,1.0,MEDIUM,11.0,75.626,1,True
8,Austrian Grand Prix,HUL,12.0,1.0,MEDIUM,12.0,75.137,1,True
8,Austrian Grand Prix,HUL,13.0,1.0,MEDIUM,13.0,75.169,1,True
8,Austrian Grand Prix,HUL,14.0,1.0,MEDIUM,14.0,74.773,1,True
8,Austrian Grand Prix,HUL,15.0,1.0,MEDIUM,15.0,74.945,1,True
8,Austrian Grand Prix,HUL,16.0,1.0,MEDIUM,16.0,74.474,1,True
8,Austrian Grand Prix,HUL,17.0,1.0,MEDIUM,17.0,75.244,1,True
8,Austrian Grand Prix,HUL,18.0,1.0,MEDIUM,18.0,74.765,1,True
8,Austrian Grand Prix,HUL,19.0,1.0,MEDIUM,19.0,74.434,1,True
8,Austrian Grand Prix,HUL,20.0,1.0,MEDIUM,20.0,74.408,1,True
8,Austrian Grand Prix,HUL,21.0,1.0,MEDIUM,21.0,78.389,1,False
8,Austrian Grand Prix,HUL,22.0,2.0,MEDIUM,1.0,90.115,1,False
8,Austrian Grand Prix,HUL,23.0,2.0,MEDIUM,2.0,73.21,1,True
8,Austrian Grand Prix,HUL,24.0,2.0,MEDIUM,3.0,88.537,126,False
8,Austrian Grand Prix,HUL,25.0,2.0,MEDIUM,4.0,94.121,6,False
8,Austrian Grand Prix,HUL,26.0,2.0,MEDIUM,5.0,78.893,671,False
8,Austrian Grand Prix,HUL,27.0,2.0,MEDIUM,6.0,72.63,1,True
8,Austrian Grand Prix,HUL,28.0,2.0,MEDIUM,7.0,72.965,1,True
8,Austrian Grand Prix,HUL,29.0,2.0,MEDIUM,8.0,72.755,1,True
8,Austrian Grand Prix,HUL,30.0,2.0,MEDIUM,9.0,72.673,1,True
8,Austrian Grand Prix,HUL,31.0,2.0,MEDIUM,10.0,72.629,1,True
8,Austrian Grand Prix,HUL,32.0,2.0,MEDIUM,11.0,72.47,1,True
8,Austrian Grand Prix,HUL,33.0,2.0,MEDIUM,12.0,72.863,1,True
8,Austrian Grand Prix,HUL,34.0,2.0,MEDIUM,13.0,72.65,1,True
8,Austrian Grand Prix,HUL,35.0,2.0,MEDIUM,14.0,72.663,1,True
8,Austrian Grand Prix,HUL,36.0,2.0,MEDIUM,15.0,72.792,1,True
8,Austrian Grand Prix,HUL,37.0,2.0,MEDIUM,16.0,72.747,1,True
8,Austrian Grand Prix,HUL,38.0,2.0,MEDIUM,17.0,72.959,1,True
8,Austrian Grand Prix,HUL,39.0,2.0,MEDIUM,18.0,72.988,1,True
8,Austrian Grand Prix,HUL,40.0,2.0,MEDIUM,19.0,72.757,1,True
8,Austrian Grand Prix,HUL,41.0,2.0,MEDIUM,20.0,73.096,1,True
8,Austrian Grand Prix,HUL,42.0,2.0,MEDIUM,21.0,72.891,1,True
8,Austrian Grand Prix,HUL,43.0,2.0,MEDIUM,22.0,73.058,1,True
8,Austrian Grand Prix,HUL,44.0,2.0,MEDIUM,23.0,73.105,1,True
8,Austrian Grand Prix,HUL,45.0,2.0,MEDIUM,24.0,77.06,1,False
8,Austrian Grand Prix,HUL,46.0,3.0,HARD,1.0,89.611,1,False
8,Austrian Grand Prix,HUL,47.0,3.0,HARD,2.0,72.534,1,True
8,Austrian Grand Prix,HUL,48.0,3.0,HARD,3.0,72.446,1,True
8,Austrian Grand Prix,HUL,49.0,3.0,HARD,4.0,72.255,1,True
8,Austrian Grand Prix,HUL,50.0,3.0,HARD,5.0,73.623,1,True
8,Austrian Grand Prix,HUL,51.0,3.0,HARD,6.0,80.193,16,False
8,Austrian Grand Prix,HUL,52.0,3.0,HARD,7.0,76.548,671,False
8,Austrian Grand Prix,HUL,53.0,3.0,HARD,8.0,73.956,1,True
8,Austrian Grand Prix,HUL,54.0,3.0,HARD,9.0,71.722,1,True
8,Austrian Grand Prix,HUL,55.0,3.0,HARD,10.0,71.634,1,True
8,Austrian Grand Prix,HUL,56.0,3.0,HARD,11.0,71.772,1,True
8,Austrian Grand Prix,HUL,57.0,3.0,HARD,12.0,73.683,1,True
8,Austrian Grand Prix,HUL,58.0,3.0,HARD,13.0,72.082,1,True
8,Austrian Grand Prix,HUL,59.0,3.0,HARD,14.0,72.413,1,True
8,Austrian Grand Prix,HUL,60.0,3.0,HARD,15.0,72.796,1,True
8,Austrian Grand Prix,HUL,61.0,3.0,HARD,16.0,75.042,1,True
8,Austrian Grand Prix,HUL,62.0,3.0,HARD,17.0,72.449,1,True
8,Austrian Grand Prix,HUL,63.0,3.0,HARD,18.0,73.081,1,True
8,Austrian Grand Prix,HUL,64.0,3.0,HARD,19.0,72.846,1,True
8,Austrian Grand Prix,HUL,65.0,3.0,HARD,20.0,72.344,1,True
8,Austrian Grand Prix,HUL,66.0,3.0,HARD,21.0,72.492,1,True
8,Austrian Grand Prix,HUL,67.0,3.0,HARD,22.0,72.301,1,True
8,Austrian Grand Prix,HUL,68.0,3.0,HARD,23.0,72.371,1,True
8,Austrian Grand Prix,HUL,69.0,3.0,HARD,24.0,73.022,1,True
8,Austrian Grand Prix,HUL,70.0,3.0,HARD,25.0,72.56,1,True
8,Austrian Grand Prix,VER,1.0,1.0,MEDIUM,1.0,77.653,1,False
8,Austrian Grand Prix,VER,2.0,1.0,MEDIUM,2.0,72.102,1,False
8,Austrian Grand Prix,VER,3.0,1.0,MEDIUM,3.0,72.084,1,True
8,Austrian Grand Prix,VER,4.0,1.0,MEDIUM,4.0,71.733,1,True
8,Austrian Grand Prix,VER,5.0,1.0,MEDIUM,5.0,71.846,1,True
8,Austrian Grand Prix,VER,6.0,1.0,MEDIUM,6.0,71.845,1,True
8,Austrian Grand Prix,VER,7.0,1.0,MEDIUM,7.0,72.072,1,True
8,Austrian Grand Prix,VER,8.0,1.0,MEDIUM,8.0,72.396,1,True
8,Austrian Grand Prix,VER,9.0,1.0,MEDIUM,9.0,72.558,1,True
8,Austrian Grand Prix,VER,10.0,1.0,MEDIUM,10.0,72.875,1,True
8,Austrian Grand Prix,VER,11.0,1.0,MEDIUM,11.0,74.413,1,True
8,Austrian Grand Prix,VER,12.0,1.0,MEDIUM,12.0,73.34,1,True
8,Austrian Grand Prix,VER,13.0,1.0,MEDIUM,13.0,72.789,1,True
8,Austrian Grand Prix,VER,14.0,1.0,MEDIUM,14.0,72.607,1,True
8,Austrian Grand Prix,VER,15.0,1.0,MEDIUM,15.0,72.765,1,True
8,Austrian Grand Prix,VER,16.0,1.0,MEDIUM,16.0,72.626,1,True
8,Austrian Grand Prix,VER,17.0,1.0,MEDIUM,17.0,72.733,1,True
8,Austrian Grand Prix,VER,18.0,1.0,MEDIUM,18.0,76.633,1,False
8,Austrian Grand Prix,VER,19.0,2.0,HARD,1.0,88.537,1,False
8,Austrian Grand Prix,VER,20.0,2.0,HARD,2.0,71.48,1,True
8,Austrian Grand Prix,VER,21.0,2.0,HARD,3.0,71.484,1,True
8,Austrian Grand Prix,VER,22.0,2.0,HARD,4.0,72.409,1,True
8,Austrian Grand Prix,VER,23.0,2.0,HARD,5.0,71.787,1,True
8,Austrian Grand Prix,VER,24.0,2.0,HARD,6.0,72.016,12,False
8,Austrian Grand Prix,VER,25.0,2.0,HARD,7.0,96.916,26,False
8,Austrian Grand Prix,VER,26.0,2.0,HARD,8.0,93.03,671,False
8,Austrian Grand Prix,VER,27.0,2.0,HARD,9.0,71.307,1,True
8,Austrian Grand Prix,VER,28.0,2.0,HARD,10.0,71.072,1,True
8,Austrian Grand Prix,VER,29.0,2.0,HARD,11.0,71.209,1,True
8,Austrian Grand Prix,VER,30.0,2.0,HARD,12.0,71.041,1,True
8,Austrian Grand Prix,VER,31.0,2.0,HARD,13.0,71.249,1,True
8,Austrian Grand Prix,VER,32.0,2.0,HARD,14.0,71.492,1,True
8,Austrian Grand Prix,VER,33.0,2.0,HARD,15.0,71.442,1,True
8,Austrian Grand Prix,VER,34.0,2.0,HARD,16.0,71.846,1,True
8,Austrian Grand Prix,VER,35.0,2.0,HARD,17.0,71.606,1,True
8,Austrian Grand Prix,VER,36.0,2.0,HARD,18.0,71.931,1,True
8,Austrian Grand Prix,VER,37.0,2.0,HARD,19.0,71.809,1,True
8,Austrian Grand Prix,VER,38.0,2.0,HARD,20.0,72.159,1,True
8,Austrian Grand Prix,VER,39.0,2.0,HARD,21.0,72.245,1,True
8,Austrian Grand Prix,VER,40.0,2.0,HARD,22.0,72.132,1,True
8,Austrian Grand Prix,VER,41.0,2.0,HARD,23.0,71.892,1,True
8,Austrian Grand Prix,VER,42.0,2.0,HARD,24.0,72.168,1,True
8,Austrian Grand Prix,VER,43.0,2.0,HARD,25.0,72.087,1,True
8,Austrian Grand Prix,VER,44.0,2.0,HARD,26.0,72.414,1,True
8,Austrian Grand Prix,VER,45.0,2.0,HARD,27.0,72.356,1,True
8,Austrian Grand Prix,VER,46.0,2.0,HARD,28.0,72.38,1,True
8,Austrian Grand Prix,VER,47.0,2.0,HARD,29.0,72.63,1,True
8,Austrian Grand Prix,VER,48.0,2.0,HARD,30.0,72.681,1,True
8,Austrian Grand Prix,VER,49.0,2.0,HARD,31.0,77.001,1,False
8,Austrian Grand Prix,VER,50.0,3.0,HARD,1.0,87.513,1,False
8,Austrian Grand Prix,VER,51.0,3.0,HARD,2.0,70.888,1,True
8,Austrian Grand Prix,VER,52.0,3.0,HARD,3.0,77.264,16,False
8,Austrian Grand Prix,VER,53.0,3.0,HARD,4.0,76.936,671,False
8,Austrian Grand Prix,VER,54.0,3.0,HARD,5.0,70.596,1,True
8,Austrian Grand Prix,VER,55.0,3.0,HARD,6.0,70.599,1,True
8,Austrian Grand Prix,VER,56.0,3.0,HARD,7.0,70.633,1,True
8,Austrian Grand Prix,VER,57.0,3.0,HARD,8.0,70.483,1,True
8,Austrian Grand Prix,VER,58.0,3.0,HARD,9.0,70.622,1,True
8,Austrian Grand Prix,VER,59.0,3.0,HARD,10.0,70.508,1,True
8,Austrian Grand Prix,VER,60.0,3.0,HARD,11.0,70.9,1,True
8,Austrian Grand Prix,VER,61.0,3.0,HARD,12.0,70.828,1,True
8,Austrian Grand Prix,VER,62.0,3.0,HARD,13.0,71.077,1,True
8,Austrian Grand Prix,VER,63.0,3.0,HARD,14.0,70.936,1,True
8,Austrian Grand Prix,VER,64.0,3.0,HARD,15.0,70.846,1,True
8,Austrian Grand Prix,VER,65.0,3.0,HARD,16.0,71.038,1,True
8,Austrian Grand Prix,VER,66.0,3.0,HARD,17.0,71.149,1,True
8,Austrian Grand Prix,VER,67.0,3.0,HARD,18.0,71.467,1,True
8,Austrian Grand Prix,VER,68.0,3.0,HARD,19.0,71.016,1,True
8,Austrian Grand Prix,VER,69.0,3.0,HARD,20.0,71.034,1,True
8,Austrian Grand Prix,VER,70.0,3.0,HARD,21.0,71.133,1,True
8,Austrian Grand Prix,VER,71.0,3.0,HARD,22.0,71.246,1,True
8,Austrian Grand Prix,LAW,1.0,1.0,MEDIUM,1.0,78.967,1,False
8,Austrian Grand Prix,LAW,2.0,1.0,MEDIUM,2.0,73.546,1,False
8,Austrian Grand Prix,LAW,3.0,1.0,MEDIUM,3.0,73.61,1,True
8,Austrian Grand Prix,LAW,4.0,1.0,MEDIUM,4.0,74.368,1,True
8,Austrian Grand Prix,LAW,5.0,1.0,MEDIUM,5.0,73.224,1,True
8,Austrian Grand Prix,LAW,6.0,1.0,MEDIUM,6.0,73.108,1,True
8,Austrian Grand Prix,LAW,7.0,1.0,MEDIUM,7.0,73.265,1,True
8,Austrian Grand Prix,LAW,8.0,1.0,MEDIUM,8.0,73.244,1,True
8,Austrian Grand Prix,LAW,9.0,1.0,MEDIUM,9.0,73.428,1,True
8,Austrian Grand Prix,LAW,10.0,1.0,MEDIUM,10.0,73.576,1,True
8,Austrian Grand Prix,LAW,11.0,1.0,MEDIUM,11.0,73.714,1,True
8,Austrian Grand Prix,LAW,12.0,1.0,MEDIUM,12.0,73.624,1,True
8,Austrian Grand Prix,LAW,13.0,1.0,MEDIUM,13.0,73.823,1,True
8,Austrian Grand Prix,LAW,14.0,1.0,MEDIUM,14.0,73.824,1,True
8,Austrian Grand Prix,LAW,15.0,1.0,MEDIUM,15.0,73.988,1,True
8,Austrian Grand Prix,LAW,16.0,1.0,MEDIUM,16.0,73.857,1,True
8,Austrian Grand Prix,LAW,17.0,1.0,MEDIUM,17.0,74.092,1,True
8,Austrian Grand Prix,LAW,18.0,1.0,MEDIUM,18.0,75.098,1,True
8,Austrian Grand Prix,LAW,19.0,1.0,MEDIUM,19.0,78.467,1,False
8,Austrian Grand Prix,LAW,20.0,2.0,HARD,1.0,91.043,1,False
8,Austrian Grand Prix,LAW,21.0,2.0,HARD,2.0,73.679,1,True
8,Austrian Grand Prix,LAW,22.0,2.0,HARD,3.0,73.088,1,True
8,Austrian Grand Prix,LAW,23.0,2.0,HARD,4.0,72.637,1,True
8,Austrian Grand Prix,LAW,24.0,2.0,HARD,5.0,81.637,126,False
8,Austrian Grand Prix,LAW,25.0,2.0,HARD,6.0,98.072,6,False
8,Austrian Grand Prix,LAW,26.0,2.0,HARD,7.0,81.479,671,False
8,Austrian Grand Prix,LAW,27.0,2.0,HARD,8.0,72.726,1,True
8,Austrian Grand Prix,LAW,28.0,2.0,HARD,9.0,72.416,1,True
8,Austrian Grand Prix,LAW,29.0,2.0,HARD,10.0,72.214,1,True
8,Austrian Grand Prix,LAW,30.0,2.0,HARD,11.0,72.544,1,True
8,Austrian Grand Prix,LAW,31.0,2.0,HARD,12.0,72.577,1,True
8,Austrian Grand Prix,LAW,32.0,2.0,HARD,13.0,72.468,1,True
8,Austrian Grand Prix,LAW,33.0,2.0,HARD,14.0,72.671,1,True
8,Austrian Grand Prix,LAW,34.0,2.0,HARD,15.0,72.784,1,True
8,Austrian Grand Prix,LAW,35.0,2.0,HARD,16.0,73.035,1,True
8,Austrian Grand Prix,LAW,36.0,2.0,HARD,17.0,72.96,1,True
8,Austrian Grand Prix,LAW,37.0,2.0,HARD,18.0,73.211,1,True
8,Austrian Grand Prix,LAW,38.0,2.0,HARD,19.0,74.115,1,True
8,Austrian Grand Prix,LAW,39.0,2.0,HARD,20.0,74.467,1,True
8,Austrian Grand Prix,LAW,40.0,2.0,HARD,21.0,73.118,1,True
8,Austrian Grand Prix,LAW,41.0,2.0,HARD,22.0,73.068,1,True
8,Austrian Grand Prix,LAW,42.0,2.0,HARD,23.0,73.279,1,True
8,Austrian Grand Prix,LAW,43.0,2.0,HARD,24.0,73.635,1,True
8,Austrian Grand Prix,LAW,44.0,2.0,HARD,25.0,73.993,1,True
8,Austrian Grand Prix,LAW,45.0,2.0,HARD,26.0,78.081,1,False
8,Austrian Grand Prix,LAW,46.0,3.0,MEDIUM,1.0,89.493,1,False
8,Austrian Grand Prix,LAW,47.0,3.0,MEDIUM,2.0,72.099,1,True
8,Austrian Grand Prix,LAW,48.0,3.0,MEDIUM,3.0,72.149,1,True
8,Austrian Grand Prix,LAW,49.0,3.0,MEDIUM,4.0,72.133,1,True
8,Austrian Grand Prix,LAW,50.0,3.0,MEDIUM,5.0,71.946,1,True
8,Austrian Grand Prix,LAW,51.0,3.0,MEDIUM,6.0,72.537,16,False
8,Austrian Grand Prix,LAW,52.0,3.0,MEDIUM,7.0,84.063,671,False
8,Austrian Grand Prix,LAW,53.0,3.0,MEDIUM,8.0,71.774,1,True
8,Austrian Grand Prix,LAW,54.0,3.0,MEDIUM,9.0,71.75,1,True
8,Austrian Grand Prix,LAW,55.0,3.0,MEDIUM,10.0,71.547,1,True
8,Austrian Grand Prix,LAW,56.0,3.0,MEDIUM,11.0,71.809,1,True
8,Austrian Grand Prix,LAW,57.0,3.0,MEDIUM,12.0,73.698,1,True
8,Austrian Grand Prix,LAW,58.0,3.0,MEDIUM,13.0,71.944,1,True
8,Austrian Grand Prix,LAW,59.0,3.0,MEDIUM,14.0,71.81,1,True
8,Austrian Grand Prix,LAW,60.0,3.0,MEDIUM,15.0,71.875,1,True
8,Austrian Grand Prix,LAW,61.0,3.0,MEDIUM,16.0,72.118,1,True
8,Austrian Grand Prix,LAW,62.0,3.0,MEDIUM,17.0,74.159,1,True
8,Austrian Grand Prix,LAW,63.0,3.0,MEDIUM,18.0,74.033,1,True
8,Austrian Grand Prix,LAW,64.0,3.0,MEDIUM,19.0,72.046,1,True
8,Austrian Grand Prix,LAW,65.0,3.0,MEDIUM,20.0,72.274,1,True
8,Austrian Grand Prix,LAW,66.0,3.0,MEDIUM,21.0,72.701,1,True
8,Austrian Grand Prix,LAW,67.0,3.0,MEDIUM,22.0,72.619,1,True
8,Austrian Grand Prix,LAW,68.0,3.0,MEDIUM,23.0,72.352,1,True
8,Austrian Grand Prix,LAW,69.0,3.0,MEDIUM,24.0,72.278,1,True
8,Austrian Grand Prix,LAW,70.0,3.0,MEDIUM,25.0,72.286,1,True
8,Austrian Grand Prix,OCO,1.0,1.0,MEDIUM,1.0,80.541,1,False
8,Austrian Grand Prix,OCO,2.0,1.0,MEDIUM,2.0,73.849,1,False
8,Austrian Grand Prix,OCO,3.0,1.0,MEDIUM,3.0,73.645,1,True
8,Austrian Grand Prix,OCO,4.0,1.0,MEDIUM,4.0,74.103,1,True
8,Austrian Grand Prix,OCO,5.0,1.0,MEDIUM,5.0,73.793,1,True
8,Austrian Grand Prix,OCO,6.0,1.0,MEDIUM,6.0,74.125,1,True
8,Austrian Grand Prix,OCO,7.0,1.0,MEDIUM,7.0,75.075,1,True
8,Austrian Grand Prix,OCO,8.0,1.0,MEDIUM,8.0,74.546,1,True
8,Austrian Grand Prix,OCO,9.0,1.0,MEDIUM,9.0,74.897,1,True
8,Austrian Grand Prix,OCO,10.0,1.0,MEDIUM,10.0,75.155,1,True
8,Austrian Grand Prix,OCO,11.0,1.0,MEDIUM,11.0,75.543,1,True
8,Austrian Grand Prix,OCO,12.0,1.0,MEDIUM,12.0,74.927,1,True
8,Austrian Grand Prix,OCO,13.0,1.0,MEDIUM,13.0,75.144,1,True
8,Austrian Grand Prix,OCO,14.0,1.0,MEDIUM,14.0,75.494,1,True
8,Austrian Grand Prix,OCO,15.0,1.0,MEDIUM,15.0,75.154,1,True
8,Austrian Grand Prix,OCO,16.0,1.0,MEDIUM,16.0,75.691,1,True
8,Austrian Grand Prix,OCO,17.0,1.0,MEDIUM,17.0,75.477,1,True
8,Austrian Grand Prix,OCO,18.0,1.0,MEDIUM,18.0,79.724,1,False
8,Austrian Grand Prix,OCO,19.0,2.0,MEDIUM,1.0,91.801,1,False
8,Austrian Grand Prix,OCO,20.0,2.0,MEDIUM,2.0,74.42,1,True
8,Austrian Grand Prix,OCO,21.0,2.0,MEDIUM,3.0,74.195,1,True
8,Austrian Grand Prix,OCO,22.0,2.0,MEDIUM,4.0,73.867,1,True
8,Austrian Grand Prix,OCO,23.0,2.0,MEDIUM,5.0,73.699,1,True
8,Austrian Grand Prix,OCO,24.0,2.0,MEDIUM,6.0,89.351,126,False
8,Austrian Grand Prix,OCO,25.0,2.0,MEDIUM,7.0,96.309,6,False
8,Austrian Grand Prix,OCO,26.0,2.0,MEDIUM,8.0,75.839,671,False
8,Austrian Grand Prix,OCO,27.0,2.0,MEDIUM,9.0,73.308,1,True
8,Austrian Grand Prix,OCO,28.0,2.0,MEDIUM,10.0,73.207,1,True
8,Austrian Grand Prix,OCO,29.0,2.0,MEDIUM,11.0,73.117,1,True
8,Austrian Grand Prix,OCO,30.0,2.0,MEDIUM,12.0,73.428,1,True
8,Austrian Grand Prix,OCO,31.0,2.0,MEDIUM,13.0,73.201,1,True
8,Austrian Grand Prix,OCO,32.0,2.0,MEDIUM,14.0,73.406,1,True
8,Austrian Grand Prix,OCO,33.0,2.0,MEDIUM,15.0,78.946,1,False
8,Austrian Grand Prix,OCO,34.0,3.0,HARD,1.0,94.072,1,False
8,Austrian Grand Prix,OCO,35.0,3.0,HARD,2.0,73.061,1,True
8,Austrian Grand Prix,OCO,36.0,3.0,HARD,3.0,73.17,1,True
8,Austrian Grand Prix,OCO,37.0,3.0,HARD,4.0,72.979,1,True
8,Austrian Grand Prix,OCO,38.0,3.0,HARD,5.0,73.275,1,True
8,Austrian Grand Prix,OCO,39.0,3.0,HARD,6.0,73.094,1,True
8,Austrian Grand Prix,OCO,40.0,3.0,HARD,7.0,73.149,1,True
8,Austrian Grand Prix,OCO,41.0,3.0,HARD,8.0,73.565,1,True
8,Austrian Grand Prix,OCO,42.0,3.0,HARD,9.0,74.782,1,True
8,Austrian Grand Prix,OCO,43.0,3.0,HARD,10.0,75.862,1,True
8,Austrian Grand Prix,OCO,44.0,3.0,HARD,11.0,73.412,1,True
8,Austrian Grand Prix,OCO,45.0,3.0,HARD,12.0,73.662,1,True
8,Austrian Grand Prix,OCO,46.0,3.0,HARD,13.0,73.402,1,True
8,Austrian Grand Prix,OCO,47.0,3.0,HARD,14.0,74.927,1,True
8,Austrian Grand Prix,OCO,48.0,3.0,HARD,15.0,73.239,1,True
8,Austrian Grand Prix,OCO,49.0,3.0,HARD,16.0,73.31,1,True
8,Austrian Grand Prix,OCO,50.0,3.0,HARD,17.0,73.463,1,True
8,Austrian Grand Prix,OCO,51.0,3.0,HARD,18.0,84.785,167,False
8,Austrian Grand Prix,OCO,52.0,3.0,HARD,19.0,73.187,1,True
8,Austrian Grand Prix,OCO,53.0,3.0,HARD,20.0,73.217,1,True
8,Austrian Grand Prix,OCO,54.0,3.0,HARD,21.0,73.866,1,True
8,Austrian Grand Prix,OCO,55.0,3.0,HARD,22.0,73.346,1,True
8,Austrian Grand Prix,OCO,56.0,3.0,HARD,23.0,73.606,1,True
8,Austrian Grand Prix,OCO,57.0,3.0,HARD,24.0,73.59,1,True
8,Austrian Grand Prix,OCO,58.0,3.0,HARD,25.0,73.824,1,True
8,Austrian Grand Prix,OCO,59.0,3.0,HARD,26.0,73.929,1,True
8,Austrian Grand Prix,OCO,60.0,3.0,HARD,27.0,73.744,1,True
8,Austrian Grand Prix,OCO,61.0,3.0,HARD,28.0,74.012,1,True
8,Austrian Grand Prix,OCO,62.0,3.0,HARD,29.0,73.932,1,True
8,Austrian Grand Prix,OCO,63.0,3.0,HARD,30.0,74.39,1,True
8,Austrian Grand Prix,OCO,64.0,3.0,HARD,31.0,77.875,1,True
8,Austrian Grand Prix,OCO,65.0,3.0,HARD,32.0,76.05,1,True
8,Austrian Grand Prix,OCO,66.0,3.0,HARD,33.0,74.5,1,True
8,Austrian Grand Prix,OCO,67.0,3.0,HARD,34.0,75.967,1,True
8,Austrian Grand Prix,OCO,68.0,3.0,HARD,35.0,77.006,1,True
8,Austrian Grand Prix,OCO,69.0,3.0,HARD,36.0,75.684,1,True
8,Austrian Grand Prix,LIN,1.0,1.0,MEDIUM,1.0,79.894,1,False
8,Austrian Grand Prix,LIN,2.0,1.0,MEDIUM,2.0,73.697,1,False
8,Austrian Grand Prix,LIN,3.0,1.0,MEDIUM,3.0,73.483,1,True
8,Austrian Grand Prix,LIN,4.0,1.0,MEDIUM,4.0,73.913,1,True
8,Austrian Grand Prix,LIN,5.0,1.0,MEDIUM,5.0,73.52,1,True
8,Austrian Grand Prix,LIN,6.0,1.0,MEDIUM,6.0,73.177,1,True
8,Austrian Grand Prix,LIN,7.0,1.0,MEDIUM,7.0,73.614,1,True
8,Austrian Grand Prix,LIN,8.0,1.0,MEDIUM,8.0,74.051,1,True
8,Austrian Grand Prix,LIN,9.0,1.0,MEDIUM,9.0,73.564,1,True
8,Austrian Grand Prix,LIN,10.0,1.0,MEDIUM,10.0,73.686,1,True
8,Austrian Grand Prix,LIN,11.0,1.0,MEDIUM,11.0,73.999,1,True
8,Austrian Grand Prix,LIN,12.0,1.0,MEDIUM,12.0,73.698,1,True
8,Austrian Grand Prix,LIN,13.0,1.0,MEDIUM,13.0,73.839,1,True
8,Austrian Grand Prix,LIN,14.0,1.0,MEDIUM,14.0,73.975,1,True
8,Austrian Grand Prix,LIN,15.0,1.0,MEDIUM,15.0,74.394,1,True
8,Austrian Grand Prix,LIN,16.0,1.0,MEDIUM,16.0,74.92,1,True
8,Austrian Grand Prix,LIN,17.0,1.0,MEDIUM,17.0,74.016,1,True
8,Austrian Grand Prix,LIN,18.0,1.0,MEDIUM,18.0,77.791,1,False
8,Austrian Grand Prix,LIN,19.0,2.0,HARD,1.0,89.66,1,False
8,Austrian Grand Prix,LIN,20.0,2.0,HARD,2.0,73.512,1,True
8,Austrian Grand Prix,LIN,21.0,2.0,HARD,3.0,72.455,1,True
8,Austrian Grand Prix,LIN,22.0,2.0,HARD,4.0,72.72,1,True
8,Austrian Grand Prix,LIN,23.0,2.0,HARD,5.0,72.602,1,True
8,Austrian Grand Prix,LIN,24.0,2.0,HARD,6.0,81.056,126,False
8,Austrian Grand Prix,LIN,25.0,2.0,HARD,7.0,97.419,6,False
8,Austrian Grand Prix,LIN,26.0,2.0,HARD,8.0,82.407,671,False
8,Austrian Grand Prix,LIN,27.0,2.0,HARD,9.0,72.707,1,True
8,Austrian Grand Prix,LIN,28.0,2.0,HARD,10.0,72.367,1,True
8,Austrian Grand Prix,LIN,29.0,2.0,HARD,11.0,72.227,1,True
8,Austrian Grand Prix,LIN,30.0,2.0,HARD,12.0,72.746,1,True
8,Austrian Grand Prix,LIN,31.0,2.0,HARD,13.0,72.593,1,True
8,Austrian Grand Prix,LIN,32.0,2.0,HARD,14.0,72.525,1,True
8,Austrian Grand Prix,LIN,33.0,2.0,HARD,15.0,72.78,1,True
8,Austrian Grand Prix,LIN,34.0,2.0,HARD,16.0,72.81,1,True
8,Austrian Grand Prix,LIN,35.0,2.0,HARD,17.0,72.963,1,True
8,Austrian Grand Prix,LIN,36.0,2.0,HARD,18.0,72.861,1,True
8,Austrian Grand Prix,LIN,37.0,2.0,HARD,19.0,73.281,1,True
8,Austrian Grand Prix,LIN,38.0,2.0,HARD,20.0,74.404,1,True
8,Austrian Grand Prix,LIN,39.0,2.0,HARD,21.0,73.357,1,True
8,Austrian Grand Prix,LIN,40.0,2.0,HARD,22.0,73.197,1,True
8,Austrian Grand Prix,LIN,41.0,2.0,HARD,23.0,73.377,1,True
8,Austrian Grand Prix,LIN,42.0,2.0,HARD,24.0,73.601,1,True
8,Austrian Grand Prix,LIN,43.0,2.0,HARD,25.0,73.901,1,True
8,Austrian Grand Prix,LIN,44.0,2.0,HARD,26.0,74.0,1,True
8,Austrian Grand Prix,LIN,45.0,2.0,HARD,27.0,73.962,1,True
8,Austrian Grand Prix,LIN,46.0,2.0,HARD,28.0,77.63,1,False
8,Austrian Grand Prix,LIN,47.0,3.0,MEDIUM,1.0,90.286,1,False
8,Austrian Grand Prix,LIN,48.0,3.0,MEDIUM,2.0,72.142,1,True
8,Austrian Grand Prix,LIN,49.0,3.0,MEDIUM,3.0,71.994,1,True
8,Austrian Grand Prix,LIN,50.0,3.0,MEDIUM,4.0,72.007,1,True
8,Austrian Grand Prix,LIN,51.0,3.0,MEDIUM,5.0,74.698,16,False
8,Austrian Grand Prix,LIN,52.0,3.0,MEDIUM,6.0,82.431,671,False
8,Austrian Grand Prix,LIN,53.0,3.0,MEDIUM,7.0,71.881,1,True
8,Austrian Grand Prix,LIN,54.0,3.0,MEDIUM,8.0,71.661,1,True
8,Austrian Grand Prix,LIN,55.0,3.0,MEDIUM,9.0,73.614,1,True
8,Austrian Grand Prix,LIN,56.0,3.0,MEDIUM,10.0,71.587,1,True
8,Austrian Grand Prix,LIN,57.0,3.0,MEDIUM,11.0,71.919,1,True
8,Austrian Grand Prix,LIN,58.0,3.0,MEDIUM,12.0,71.76,1,True
8,Austrian Grand Prix,LIN,59.0,3.0,MEDIUM,13.0,71.918,1,True
8,Austrian Grand Prix,LIN,60.0,3.0,MEDIUM,14.0,73.502,1,True
8,Austrian Grand Prix,LIN,61.0,3.0,MEDIUM,15.0,72.065,1,True
8,Austrian Grand Prix,LIN,62.0,3.0,MEDIUM,16.0,74.045,1,True
8,Austrian Grand Prix,LIN,63.0,3.0,MEDIUM,17.0,72.347,1,True
8,Austrian Grand Prix,LIN,64.0,3.0,MEDIUM,18.0,72.215,1,True
8,Austrian Grand Prix,LIN,65.0,3.0,MEDIUM,19.0,72.609,1,True
8,Austrian Grand Prix,LIN,66.0,3.0,MEDIUM,20.0,72.861,1,True
8,Austrian Grand Prix,LIN,67.0,3.0,MEDIUM,21.0,72.869,1,True
8,Austrian Grand Prix,LIN,68.0,3.0,MEDIUM,22.0,72.804,1,True
8,Austrian Grand Prix,LIN,69.0,3.0,MEDIUM,23.0,72.781,1,True
8,Austrian Grand Prix,LIN,70.0,3.0,MEDIUM,24.0,72.662,1,True
8,Austrian Grand Prix,COL,1.0,1.0,MEDIUM,1.0,83.65,1,False
8,Austrian Grand Prix,COL,2.0,1.0,MEDIUM,2.0,74.754,1,False
8,Austrian Grand Prix,COL,3.0,1.0,MEDIUM,3.0,74.423,1,True
8,Austrian Grand Prix,COL,4.0,1.0,MEDIUM,4.0,73.852,1,True
8,Austrian Grand Prix,COL,5.0,1.0,MEDIUM,5.0,75.1,1,True
8,Austrian Grand Prix,COL,6.0,1.0,MEDIUM,6.0,74.183,1,True
8,Austrian Grand Prix,COL,7.0,1.0,MEDIUM,7.0,74.111,1,True
8,Austrian Grand Prix,COL,8.0,1.0,MEDIUM,8.0,74.651,1,True
8,Austrian Grand Prix,COL,9.0,1.0,MEDIUM,9.0,75.262,1,True
8,Austrian Grand Prix,COL,10.0,1.0,MEDIUM,10.0,75.314,1,True
8,Austrian Grand Prix,COL,11.0,1.0,MEDIUM,11.0,75.729,1,True
8,Austrian Grand Prix,COL,12.0,1.0,MEDIUM,12.0,75.488,1,True
8,Austrian Grand Prix,COL,13.0,1.0,MEDIUM,13.0,75.387,1,True
8,Austrian Grand Prix,COL,14.0,1.0,MEDIUM,14.0,76.335,1,True
8,Austrian Grand Prix,COL,15.0,1.0,MEDIUM,15.0,75.24,1,True
8,Austrian Grand Prix,COL,16.0,1.0,MEDIUM,16.0,74.61,1,True
8,Austrian Grand Prix,COL,17.0,1.0,MEDIUM,17.0,74.417,1,True
8,Austrian Grand Prix,COL,18.0,1.0,MEDIUM,18.0,74.47,1,True
8,Austrian Grand Prix,COL,19.0,1.0,MEDIUM,19.0,74.775,1,True
8,Austrian Grand Prix,COL,20.0,1.0,MEDIUM,20.0,79.177,1,False
8,Austrian Grand Prix,COL,21.0,2.0,HARD,1.0,92.123,1,False
8,Austrian Grand Prix,COL,22.0,2.0,HARD,2.0,73.301,1,True
8,Austrian Grand Prix,COL,23.0,2.0,HARD,3.0,73.444,12,False
8,Austrian Grand Prix,COL,24.0,2.0,HARD,4.0,92.991,26,False
8,Austrian Grand Prix,COL,25.0,2.0,HARD,5.0,93.53,67,False
8,Austrian Grand Prix,COL,26.0,2.0,HARD,6.0,74.927,71,False
8,Austrian Grand Prix,COL,27.0,2.0,HARD,7.0,72.963,1,True
8,Austrian Grand Prix,COL,28.0,2.0,HARD,8.0,72.673,1,True
8,Austrian Grand Prix,COL,29.0,2.0,HARD,9.0,73.104,1,True
8,Austrian Grand Prix,COL,30.0,2.0,HARD,10.0,72.578,1,True
8,Austrian Grand Prix,COL,31.0,2.0,HARD,11.0,74.472,1,True
8,Austrian Grand Prix,COL,32.0,2.0,HARD,12.0,73.166,1,True
8,Austrian Grand Prix,COL,33.0,2.0,HARD,13.0,74.5,1,True
8,Austrian Grand Prix,COL,34.0,2.0,HARD,14.0,73.108,1,True
8,Austrian Grand Prix,COL,35.0,2.0,HARD,15.0,73.265,1,True
8,Austrian Grand Prix,COL,36.0,2.0,HARD,16.0,73.574,1,True
8,Austrian Grand Prix,COL,37.0,2.0,HARD,17.0,75.029,1,True
8,Austrian Grand Prix,COL,38.0,2.0,HARD,18.0,73.642,1,True
8,Austrian Grand Prix,COL,39.0,2.0,HARD,19.0,74.048,1,True
8,Austrian Grand Prix,COL,40.0,2.0,HARD,20.0,73.611,1,True
8,Austrian Grand Prix,COL,41.0,2.0,HARD,21.0,76.339,1,True
8,Austrian Grand Prix,COL,42.0,2.0,HARD,22.0,73.599,1,True
8,Austrian Grand Prix,COL,43.0,2.0,HARD,23.0,75.108,1,True
8,Austrian Grand Prix,COL,44.0,2.0,HARD,24.0,73.696,1,True
8,Austrian Grand Prix,COL,45.0,2.0,HARD,25.0,74.111,1,True
8,Austrian Grand Prix,COL,46.0,2.0,HARD,26.0,77.878,1,False
8,Austrian Grand Prix,COL,47.0,3.0,MEDIUM,1.0,90.778,1,False
8,Austrian Grand Prix,COL,48.0,3.0,MEDIUM,2.0,72.326,1,True
8,Austrian Grand Prix,COL,49.0,3.0,MEDIUM,3.0,71.795,1,True
8,Austrian Grand Prix,COL,50.0,3.0,MEDIUM,4.0,72.494,1,True
8,Austrian Grand Prix,COL,51.0,3.0,MEDIUM,5.0,84.212,167,False
8,Austrian Grand Prix,COL,52.0,3.0,MEDIUM,6.0,72.496,1,True
8,Austrian Grand Prix,COL,53.0,3.0,MEDIUM,7.0,73.164,1,True
8,Austrian Grand Prix,COL,54.0,3.0,MEDIUM,8.0,72.385,1,True
8,Austrian Grand Prix,COL,55.0,3.0,MEDIUM,9.0,72.361,1,True
8,Austrian Grand Prix,COL,56.0,3.0,MEDIUM,10.0,71.981,1,True
8,Austrian Grand Prix,COL,57.0,3.0,MEDIUM,11.0,72.287,1,True
8,Austrian Grand Prix,COL,58.0,3.0,MEDIUM,12.0,72.149,1,True
8,Austrian Grand Prix,COL,59.0,3.0,MEDIUM,13.0,72.273,1,True
8,Austrian Grand Prix,COL,60.0,3.0,MEDIUM,14.0,73.572,1,True
8,Austrian Grand Prix,COL,61.0,3.0,MEDIUM,15.0,72.822,1,True
8,Austrian Grand Prix,COL,62.0,3.0,MEDIUM,16.0,72.734,1,True
8,Austrian Grand Prix,COL,63.0,3.0,MEDIUM,17.0,72.726,1,True
8,Austrian Grand Prix,COL,64.0,3.0,MEDIUM,18.0,72.544,1,True
8,Austrian Grand Prix,COL,65.0,3.0,MEDIUM,19.0,72.536,1,True
8,Austrian Grand Prix,COL,66.0,3.0,MEDIUM,20.0,72.718,1,True
8,Austrian Grand Prix,COL,67.0,3.0,MEDIUM,21.0,72.729,1,True
8,Austrian Grand Prix,COL,68.0,3.0,MEDIUM,22.0,72.798,1,True
8,Austrian Grand Prix,COL,69.0,3.0,MEDIUM,23.0,73.361,1,True
8,Austrian Grand Prix,COL,70.0,3.0,MEDIUM,24.0,72.677,1,True
8,Austrian Grand Prix,HAM,1.0,1.0,MEDIUM,1.0,75.802,1,False
8,Austrian Grand Prix,HAM,2.0,1.0,MEDIUM,2.0,72.028,1,False
8,Austrian Grand Prix,HAM,3.0,1.0,MEDIUM,3.0,71.974,1,True
8,Austrian Grand Prix,HAM,4.0,1.0,MEDIUM,4.0,71.937,1,True
8,Austrian Grand Prix,HAM,5.0,1.0,MEDIUM,5.0,71.881,1,True
8,Austrian Grand Prix,HAM,6.0,1.0,MEDIUM,6.0,72.446,1,True
8,Austrian Grand Prix,HAM,7.0,1.0,MEDIUM,7.0,72.43,1,True
8,Austrian Grand Prix,HAM,8.0,1.0,MEDIUM,8.0,72.541,1,True
8,Austrian Grand Prix,HAM,9.0,1.0,MEDIUM,9.0,72.645,1,True
8,Austrian Grand Prix,HAM,10.0,1.0,MEDIUM,10.0,72.836,1,True
8,Austrian Grand Prix,HAM,11.0,1.0,MEDIUM,11.0,74.52,1,True
8,Austrian Grand Prix,HAM,12.0,1.0,MEDIUM,12.0,77.539,1,False
8,Austrian Grand Prix,HAM,13.0,2.0,HARD,1.0,89.201,1,False
8,Austrian Grand Prix,HAM,14.0,2.0,HARD,2.0,72.317,1,True
8,Austrian Grand Prix,HAM,15.0,2.0,HARD,3.0,72.784,1,True
8,Austrian Grand Prix,HAM,16.0,2.0,HARD,4.0,72.318,1,True
8,Austrian Grand Prix,HAM,17.0,2.0,HARD,5.0,72.491,1,True
8,Austrian Grand Prix,HAM,18.0,2.0,HARD,6.0,72.303,1,True
8,Austrian Grand Prix,HAM,19.0,2.0,HARD,7.0,72.252,1,True
8,Austrian Grand Prix,HAM,20.0,2.0,HARD,8.0,71.887,1,True
8,Austrian Grand Prix,HAM,21.0,2.0,HARD,9.0,71.927,1,True
8,Austrian Grand Prix,HAM,22.0,2.0,HARD,10.0,74.016,1,True
8,Austrian Grand Prix,HAM,23.0,2.0,HARD,11.0,72.323,1,True
8,Austrian Grand Prix,HAM,24.0,2.0,HARD,12.0,72.517,12,False
8,Austrian Grand Prix,HAM,25.0,2.0,HARD,13.0,98.849,26,False
8,Austrian Grand Prix,HAM,26.0,3.0,SOFT,3.0,101.949,671,False
8,Austrian Grand Prix,HAM,27.0,3.0,SOFT,4.0,71.284,1,True
8,Austrian Grand Prix,HAM,28.0,3.0,SOFT,5.0,71.079,1,True
8,Austrian Grand Prix,HAM,29.0,3.0,SOFT,6.0,71.397,1,True
8,Austrian Grand Prix,HAM,30.0,3.0,SOFT,7.0,71.85,1,True
8,Austrian Grand Prix,HAM,31.0,3.0,SOFT,8.0,71.704,1,True
8,Austrian Grand Prix,HAM,32.0,3.0,SOFT,9.0,71.59,1,True
8,Austrian Grand Prix,HAM,33.0,3.0,SOFT,10.0,71.749,1,True
8,Austrian Grand Prix,HAM,34.0,3.0,SOFT,11.0,71.496,1,True
8,Austrian Grand Prix,HAM,35.0,3.0,SOFT,12.0,71.727,1,True
8,Austrian Grand Prix,HAM,36.0,3.0,SOFT,13.0,72.13,1,True
8,Austrian Grand Prix,HAM,37.0,3.0,SOFT,14.0,72.552,1,True
8,Austrian Grand Prix,HAM,38.0,3.0,SOFT,15.0,72.247,1,True
8,Austrian Grand Prix,HAM,39.0,3.0,SOFT,16.0,72.506,1,True
8,Austrian Grand Prix,HAM,40.0,3.0,SOFT,17.0,72.159,1,True
8,Austrian Grand Prix,HAM,41.0,3.0,SOFT,18.0,72.183,1,True
8,Austrian Grand Prix,HAM,42.0,3.0,SOFT,19.0,76.494,1,False
8,Austrian Grand Prix,HAM,43.0,4.0,HARD,1.0,88.003,1,False
8,Austrian Grand Prix,HAM,44.0,4.0,HARD,2.0,71.219,1,True
8,Austrian Grand Prix,HAM,45.0,4.0,HARD,3.0,70.946,1,True
8,Austrian Grand Prix,HAM,46.0,4.0,HARD,4.0,71.442,1,True
8,Austrian Grand Prix,HAM,47.0,4.0,HARD,5.0,71.292,1,True
8,Austrian Grand Prix,HAM,48.0,4.0,HARD,6.0,71.263,1,True
8,Austrian Grand Prix,HAM,49.0,4.0,HARD,7.0,70.999,1,True
8,Austrian Grand Prix,HAM,50.0,4.0,HARD,8.0,70.983,1,True
8,Austrian Grand Prix,HAM,51.0,4.0,HARD,9.0,71.513,1,True
8,Austrian Grand Prix,HAM,52.0,4.0,HARD,10.0,80.477,167,False
8,Austrian Grand Prix,HAM,53.0,4.0,HARD,11.0,74.374,71,False
8,Austrian Grand Prix,HAM,54.0,4.0,HARD,12.0,71.692,1,True
8,Austrian Grand Prix,HAM,55.0,4.0,HARD,13.0,71.579,1,True
8,Austrian Grand Prix,HAM,56.0,4.0,HARD,14.0,71.317,1,True
8,Austrian Grand Prix,HAM,57.0,4.0,HARD,15.0,71.231,1,True
8,Austrian Grand Prix,HAM,58.0,4.0,HARD,16.0,71.306,1,True
8,Austrian Grand Prix,HAM,59.0,4.0,HARD,17.0,71.384,1,True
8,Austrian Grand Prix,HAM,60.0,4.0,HARD,18.0,71.398,1,True
8,Austrian Grand Prix,HAM,61.0,4.0,HARD,19.0,71.469,1,True
8,Austrian Grand Prix,HAM,62.0,4.0,HARD,20.0,71.8,1,True
8,Austrian Grand Prix,HAM,63.0,4.0,HARD,21.0,71.505,1,True
8,Austrian Grand Prix,HAM,64.0,4.0,HARD,22.0,71.493,1,True
8,Austrian Grand Prix,HAM,65.0,4.0,HARD,23.0,71.658,1,True
8,Austrian Grand Prix,HAM,66.0,4.0,HARD,24.0,72.059,1,True
8,Austrian Grand Prix,HAM,67.0,4.0,HARD,25.0,72.08,1,True
8,Austrian Grand Prix,HAM,68.0,4.0,HARD,26.0,72.246,1,True
8,Austrian Grand Prix,HAM,69.0,4.0,HARD,27.0,72.173,1,True
8,Austrian Grand Prix,HAM,70.0,4.0,HARD,28.0,72.702,1,True
8,Austrian Grand Prix,HAM,71.0,4.0,HARD,29.0,72.909,1,True
8,Austrian Grand Prix,BOR,1.0,1.0,SOFT,1.0,80.223,1,False
8,Austrian Grand Prix,BOR,2.0,1.0,SOFT,2.0,74.516,1,False
8,Austrian Grand Prix,BOR,3.0,1.0,SOFT,3.0,73.538,1,True
8,Austrian Grand Prix,BOR,4.0,1.0,SOFT,4.0,74.13,1,True
8,Austrian Grand Prix,BOR,5.0,1.0,SOFT,5.0,74.049,1,True
8,Austrian Grand Prix,BOR,6.0,1.0,SOFT,6.0,73.725,1,True
8,Austrian Grand Prix,BOR,7.0,1.0,SOFT,7.0,73.833,1,True
8,Austrian Grand Prix,BOR,8.0,1.0,SOFT,8.0,73.96,1,True
8,Austrian Grand Prix,BOR,9.0,1.0,SOFT,9.0,73.808,1,True
8,Austrian Grand Prix,BOR,10.0,1.0,SOFT,10.0,73.956,1,True
8,Austrian Grand Prix,BOR,11.0,1.0,SOFT,11.0,73.978,1,True
8,Austrian Grand Prix,BOR,12.0,1.0,SOFT,12.0,73.764,1,True
8,Austrian Grand Prix,BOR,13.0,1.0,SOFT,13.0,74.046,1,True
8,Austrian Grand Prix,BOR,14.0,1.0,SOFT,14.0,74.714,1,True
8,Austrian Grand Prix,BOR,15.0,1.0,SOFT,15.0,74.091,1,True
8,Austrian Grand Prix,BOR,16.0,1.0,SOFT,16.0,74.072,1,True
8,Austrian Grand Prix,BOR,17.0,1.0,SOFT,17.0,78.144,1,False
8,Austrian Grand Prix,BOR,18.0,2.0,MEDIUM,1.0,90.698,1,False
8,Austrian Grand Prix,BOR,19.0,2.0,MEDIUM,2.0,73.064,1,True
8,Austrian Grand Prix,BOR,20.0,2.0,MEDIUM,3.0,72.538,1,True
8,Austrian Grand Prix,BOR,21.0,2.0,MEDIUM,4.0,73.017,1,True
8,Austrian Grand Prix,BOR,22.0,2.0,MEDIUM,5.0,72.981,1,True
8,Austrian Grand Prix,BOR,23.0,2.0,MEDIUM,6.0,72.431,1,True
8,Austrian Grand Prix,BOR,24.0,2.0,MEDIUM,7.0,81.475,126,False
8,Austrian Grand Prix,BOR,25.0,2.0,MEDIUM,8.0,98.256,6,False
8,Austrian Grand Prix,BOR,26.0,2.0,MEDIUM,9.0,82.075,671,False
8,Austrian Grand Prix,BOR,27.0,2.0,MEDIUM,10.0,72.556,1,True
8,Austrian Grand Prix,BOR,28.0,2.0,MEDIUM,11.0,72.458,1,True
8,Austrian Grand Prix,BOR,29.0,2.0,MEDIUM,12.0,72.496,1,True
8,Austrian Grand Prix,BOR,30.0,2.0,MEDIUM,13.0,72.771,1,True
8,Austrian Grand Prix,BOR,31.0,2.0,MEDIUM,14.0,72.88,1,True
8,Austrian Grand Prix,BOR,32.0,2.0,MEDIUM,15.0,72.898,1,True
8,Austrian Grand Prix,BOR,33.0,2.0,MEDIUM,16.0,73.034,1,True
8,Austrian Grand Prix,BOR,34.0,2.0,MEDIUM,17.0,73.192,1,True
8,Austrian Grand Prix,BOR,35.0,2.0,MEDIUM,18.0,73.366,1,True
8,Austrian Grand Prix,BOR,36.0,2.0,MEDIUM,19.0,73.252,1,True
8,Austrian Grand Prix,BOR,37.0,2.0,MEDIUM,20.0,73.535,1,True
8,Austrian Grand Prix,BOR,38.0,2.0,MEDIUM,21.0,73.537,1,True
8,Austrian Grand Prix,BOR,39.0,2.0,MEDIUM,22.0,73.355,1,True
8,Austrian Grand Prix,BOR,40.0,2.0,MEDIUM,23.0,73.826,1,True
8,Austrian Grand Prix,BOR,41.0,2.0,MEDIUM,24.0,73.73,1,True
8,Austrian Grand Prix,BOR,42.0,2.0,MEDIUM,25.0,74.21,1,True
8,Austrian Grand Prix,BOR,43.0,2.0,MEDIUM,26.0,74.387,1,True
8,Austrian Grand Prix,BOR,44.0,2.0,MEDIUM,27.0,78.407,1,False
8,Austrian Grand Prix,BOR,45.0,3.0,HARD,1.0,89.12,1,False
8,Austrian Grand Prix,BOR,46.0,3.0,HARD,2.0,72.136,1,True
8,Austrian Grand Prix,BOR,47.0,3.0,HARD,3.0,72.131,1,True
8,Austrian Grand Prix,BOR,48.0,3.0,HARD,4.0,72.313,1,True
8,Austrian Grand Prix,BOR,49.0,3.0,HARD,5.0,72.125,1,True
8,Austrian Grand Prix,BOR,50.0,3.0,HARD,6.0,73.446,1,True
8,Austrian Grand Prix,BOR,51.0,3.0,HARD,7.0,77.129,16,False
8,Austrian Grand Prix,BOR,52.0,3.0,HARD,8.0,79.903,671,False
8,Austrian Grand Prix,BOR,53.0,3.0,HARD,9.0,72.1,1,True
8,Austrian Grand Prix,BOR,54.0,3.0,HARD,10.0,72.171,1,True
8,Austrian Grand Prix,BOR,55.0,3.0,HARD,11.0,72.229,1,True
8,Austrian Grand Prix,BOR,56.0,3.0,HARD,12.0,73.56,1,True
8,Austrian Grand Prix,BOR,57.0,3.0,HARD,13.0,72.132,1,True
8,Austrian Grand Prix,BOR,58.0,3.0,HARD,14.0,73.493,1,True
8,Austrian Grand Prix,BOR,59.0,3.0,HARD,15.0,71.866,1,True
8,Austrian Grand Prix,BOR,60.0,3.0,HARD,16.0,71.897,1,True
8,Austrian Grand Prix,BOR,61.0,3.0,HARD,17.0,72.314,1,True
8,Austrian Grand Prix,BOR,62.0,3.0,HARD,18.0,72.451,1,True
8,Austrian Grand Prix,BOR,63.0,3.0,HARD,19.0,74.277,1,True
8,Austrian Grand Prix,BOR,64.0,3.0,HARD,20.0,72.393,1,True
8,Austrian Grand Prix,BOR,65.0,3.0,HARD,21.0,72.488,1,True
8,Austrian Grand Prix,BOR,66.0,3.0,HARD,22.0,72.929,1,True
8,Austrian Grand Prix,BOR,67.0,3.0,HARD,23.0,74.258,1,True
8,Austrian Grand Prix,BOR,68.0,3.0,HARD,24.0,72.818,1,True
8,Austrian Grand Prix,BOR,69.0,3.0,HARD,25.0,72.816,1,True
8,Austrian Grand Prix,BOR,70.0,3.0,HARD,26.0,74.827,1,True
8,Austrian Grand Prix,SAI,1.0,1.0,SOFT,1.0,82.045,1,False
8,Austrian Grand Prix,SAI,2.0,1.0,SOFT,2.0,74.69,1,False
8,Austrian Grand Prix,SAI,3.0,1.0,SOFT,3.0,74.166,1,True
8,Austrian Grand Prix,SAI,4.0,1.0,SOFT,4.0,74.249,1,True
8,Austrian Grand Prix,SAI,5.0,1.0,SOFT,5.0,74.144,1,True
8,Austrian Grand Prix,SAI,6.0,1.0,SOFT,6.0,74.257,1,True
8,Austrian Grand Prix,SAI,7.0,1.0,SOFT,7.0,74.62,1,True
8,Austrian Grand Prix,SAI,8.0,1.0,SOFT,8.0,74.621,1,True
8,Austrian Grand Prix,SAI,9.0,1.0,SOFT,9.0,74.899,1,True
8,Austrian Grand Prix,SAI,10.0,1.0,SOFT,10.0,75.616,1,True
8,Austrian Grand Prix,SAI,11.0,1.0,SOFT,11.0,75.455,1,True
8,Austrian Grand Prix,SAI,12.0,1.0,SOFT,12.0,75.338,1,True
8,Austrian Grand Prix,SAI,13.0,1.0,SOFT,13.0,75.069,1,True
8,Austrian Grand Prix,SAI,14.0,1.0,SOFT,14.0,78.818,1,False
8,Austrian Grand Prix,SAI,15.0,2.0,MEDIUM,1.0,91.666,1,False
8,Austrian Grand Prix,SAI,16.0,2.0,MEDIUM,2.0,74.303,1,True
8,Austrian Grand Prix,SAI,17.0,2.0,MEDIUM,3.0,74.143,1,True
8,Austrian Grand Prix,SAI,18.0,2.0,MEDIUM,4.0,73.865,1,True
8,Austrian Grand Prix,SAI,19.0,2.0,MEDIUM,5.0,73.878,1,True
8,Austrian Grand Prix,SAI,20.0,2.0,MEDIUM,6.0,73.759,1,True
8,Austrian Grand Prix,SAI,21.0,2.0,MEDIUM,7.0,73.799,1,True
8,Austrian Grand Prix,SAI,22.0,2.0,MEDIUM,8.0,73.694,1,True
8,Austrian Grand Prix,SAI,23.0,2.0,MEDIUM,9.0,76.44,1,True
8,Austrian Grand Prix,SAI,24.0,2.0,MEDIUM,10.0,,126,False
8,Austrian Grand Prix,HAD,1.0,1.0,MEDIUM,1.0,79.548,1,False
8,Austrian Grand Prix,HAD,2.0,1.0,MEDIUM,2.0,73.413,1,False
8,Austrian Grand Prix,HAD,3.0,1.0,MEDIUM,3.0,73.499,1,True
8,Austrian Grand Prix,HAD,4.0,1.0,MEDIUM,4.0,73.029,1,True
8,Austrian Grand Prix,HAD,5.0,1.0,MEDIUM,5.0,72.593,1,True
8,Austrian Grand Prix,HAD,6.0,1.0,MEDIUM,6.0,72.357,1,True
8,Austrian Grand Prix,HAD,7.0,1.0,MEDIUM,7.0,72.706,1,True
8,Austrian Grand Prix,HAD,8.0,1.0,MEDIUM,8.0,72.917,1,True
8,Austrian Grand Prix,HAD,9.0,1.0,MEDIUM,9.0,72.857,1,True
8,Austrian Grand Prix,HAD,10.0,1.0,MEDIUM,10.0,73.262,1,True
8,Austrian Grand Prix,HAD,11.0,1.0,MEDIUM,11.0,73.449,1,True
8,Austrian Grand Prix,HAD,12.0,1.0,MEDIUM,12.0,73.467,1,True
8,Austrian Grand Prix,HAD,13.0,1.0,MEDIUM,13.0,73.556,1,True
8,Austrian Grand Prix,HAD,14.0,1.0,MEDIUM,14.0,73.885,1,True
8,Austrian Grand Prix,HAD,15.0,1.0,MEDIUM,15.0,73.518,1,True
8,Austrian Grand Prix,HAD,16.0,1.0,MEDIUM,16.0,73.745,1,True
8,Austrian Grand Prix,HAD,17.0,1.0,MEDIUM,17.0,73.478,1,True
8,Austrian Grand Prix,HAD,18.0,1.0,MEDIUM,18.0,76.939,1,False
8,Austrian Grand Prix,HAD,19.0,2.0,MEDIUM,1.0,89.177,1,False
8,Austrian Grand Prix,HAD,20.0,2.0,MEDIUM,2.0,71.839,1,True
8,Austrian Grand Prix,HAD,21.0,2.0,MEDIUM,3.0,71.268,1,True
8,Austrian Grand Prix,HAD,22.0,2.0,MEDIUM,4.0,71.798,1,True
8,Austrian Grand Prix,HAD,23.0,2.0,MEDIUM,5.0,71.527,1,True
8,Austrian Grand Prix,HAD,24.0,2.0,MEDIUM,6.0,72.139,126,False
8,Austrian Grand Prix,HAD,25.0,2.0,MEDIUM,7.0,100.46,6,False
8,Austrian Grand Prix,HAD,26.0,2.0,MEDIUM,8.0,87.592,671,False
8,Austrian Grand Prix,HAD,27.0,2.0,MEDIUM,9.0,71.621,1,True
8,Austrian Grand Prix,HAD,28.0,2.0,MEDIUM,10.0,71.801,1,True
8,Austrian Grand Prix,HAD,29.0,2.0,MEDIUM,11.0,71.664,1,True
8,Austrian Grand Prix,HAD,30.0,2.0,MEDIUM,12.0,72.824,1,True
8,Austrian Grand Prix,HAD,31.0,2.0,MEDIUM,13.0,72.244,1,True
8,Austrian Grand Prix,HAD,32.0,2.0,MEDIUM,14.0,72.187,1,True
8,Austrian Grand Prix,HAD,33.0,2.0,MEDIUM,15.0,72.202,1,True
8,Austrian Grand Prix,HAD,34.0,2.0,MEDIUM,16.0,72.337,1,True
8,Austrian Grand Prix,HAD,35.0,2.0,MEDIUM,17.0,72.292,1,True
8,Austrian Grand Prix,HAD,36.0,2.0,MEDIUM,18.0,72.562,1,True
8,Austrian Grand Prix,HAD,37.0,2.0,MEDIUM,19.0,72.699,1,True
8,Austrian Grand Prix,HAD,38.0,2.0,MEDIUM,20.0,72.228,1,True
8,Austrian Grand Prix,HAD,39.0,2.0,MEDIUM,21.0,72.443,1,True
8,Austrian Grand Prix,HAD,40.0,2.0,MEDIUM,22.0,75.797,1,False
8,Austrian Grand Prix,HAD,41.0,3.0,HARD,1.0,87.758,1,False
8,Austrian Grand Prix,HAD,42.0,3.0,HARD,2.0,70.947,1,True
8,Austrian Grand Prix,HAD,43.0,3.0,HARD,3.0,71.227,1,True
8,Austrian Grand Prix,HAD,44.0,3.0,HARD,4.0,72.197,1,True
8,Austrian Grand Prix,HAD,45.0,3.0,HARD,5.0,71.002,1,True
8,Austrian Grand Prix,HAD,46.0,3.0,HARD,6.0,71.295,1,True
8,Austrian Grand Prix,HAD,47.0,3.0,HARD,7.0,71.498,1,True
8,Austrian Grand Prix,HAD,48.0,3.0,HARD,8.0,71.364,1,True
8,Austrian Grand Prix,HAD,49.0,3.0,HARD,9.0,71.383,1,True
8,Austrian Grand Prix,HAD,50.0,3.0,HARD,10.0,71.663,1,True
8,Austrian Grand Prix,HAD,51.0,3.0,HARD,11.0,71.462,1,True
8,Austrian Grand Prix,HAD,52.0,3.0,HARD,12.0,81.799,167,False
8,Austrian Grand Prix,HAD,53.0,3.0,HARD,13.0,73.021,71,False
8,Austrian Grand Prix,HAD,54.0,3.0,HARD,14.0,71.285,1,True
8,Austrian Grand Prix,HAD,55.0,3.0,HARD,15.0,71.464,1,True
8,Austrian Grand Prix,HAD,56.0,3.0,HARD,16.0,72.413,1,True
8,Austrian Grand Prix,HAD,57.0,3.0,HARD,17.0,71.518,1,True
8,Austrian Grand Prix,HAD,58.0,3.0,HARD,18.0,71.647,1,True
8,Austrian Grand Prix,HAD,59.0,3.0,HARD,19.0,71.559,1,True
8,Austrian Grand Prix,HAD,60.0,3.0,HARD,20.0,71.567,1,True
8,Austrian Grand Prix,HAD,61.0,3.0,HARD,21.0,71.835,1,True
8,Austrian Grand Prix,HAD,62.0,3.0,HARD,22.0,71.455,1,True
8,Austrian Grand Prix,HAD,63.0,3.0,HARD,23.0,71.492,1,True
8,Austrian Grand Prix,HAD,64.0,3.0,HARD,24.0,71.641,1,True
8,Austrian Grand Prix,HAD,65.0,3.0,HARD,25.0,71.799,1,True
8,Austrian Grand Prix,HAD,66.0,3.0,HARD,26.0,71.728,1,True
8,Austrian Grand Prix,HAD,67.0,3.0,HARD,27.0,71.861,1,True
8,Austrian Grand Prix,HAD,68.0,3.0,HARD,28.0,71.91,1,True
8,Austrian Grand Prix,HAD,69.0,3.0,HARD,29.0,71.647,1,True
8,Austrian Grand Prix,HAD,70.0,3.0,HARD,30.0,72.384,1,True
8,Austrian Grand Prix,HAD,71.0,3.0,HARD,31.0,72.638,1,True
8,Austrian Grand Prix,RUS,1.0,1.0,MEDIUM,1.0,75.002,1,False
8,Austrian Grand Prix,RUS,2.0,1.0,MEDIUM,2.0,72.037,1,False
8,Austrian Grand Prix,RUS,3.0,1.0,MEDIUM,3.0,71.818,1,True
8,Austrian Grand Prix,RUS,4.0,1.0,MEDIUM,4.0,71.779,1,True
8,Austrian Grand Prix,RUS,5.0,1.0,MEDIUM,5.0,71.686,1,True
8,Austrian Grand Prix,RUS,6.0,1.0,MEDIUM,6.0,71.947,1,True
8,Austrian Grand Prix,RUS,7.0,1.0,MEDIUM,7.0,71.975,1,True
8,Austrian Grand Prix,RUS,8.0,1.0,MEDIUM,8.0,72.069,1,True
8,Austrian Grand Prix,RUS,9.0,1.0,MEDIUM,9.0,72.403,1,True
8,Austrian Grand Prix,RUS,10.0,1.0,MEDIUM,10.0,72.516,1,True
8,Austrian Grand Prix,RUS,11.0,1.0,MEDIUM,11.0,72.652,1,True
8,Austrian Grand Prix,RUS,12.0,1.0,MEDIUM,12.0,72.912,1,True
8,Austrian Grand Prix,RUS,13.0,1.0,MEDIUM,13.0,73.164,1,True
8,Austrian Grand Prix,RUS,14.0,1.0,MEDIUM,14.0,72.965,1,True
8,Austrian Grand Prix,RUS,15.0,1.0,MEDIUM,15.0,72.786,1,True
8,Austrian Grand Prix,RUS,16.0,1.0,MEDIUM,16.0,72.78,1,True
8,Austrian Grand Prix,RUS,17.0,1.0,MEDIUM,17.0,72.911,1,True
8,Austrian Grand Prix,RUS,18.0,1.0,MEDIUM,18.0,72.904,1,True
8,Austrian Grand Prix,RUS,19.0,1.0,MEDIUM,19.0,77.085,1,False
8,Austrian Grand Prix,RUS,20.0,2.0,HARD,1.0,89.073,1,False
8,Austrian Grand Prix,RUS,21.0,2.0,HARD,2.0,71.93,1,True
8,Austrian Grand Prix,RUS,22.0,2.0,HARD,3.0,71.458,1,True
8,Austrian Grand Prix,RUS,23.0,2.0,HARD,4.0,71.226,1,True
8,Austrian Grand Prix,RUS,24.0,2.0,HARD,5.0,71.88,12,False
8,Austrian Grand Prix,RUS,25.0,2.0,HARD,6.0,96.896,26,False
8,Austrian Grand Prix,RUS,26.0,2.0,HARD,7.0,91.266,671,False
8,Austrian Grand Prix,RUS,27.0,2.0,HARD,8.0,71.926,1,True
8,Austrian Grand Prix,RUS,28.0,2.0,HARD,9.0,71.263,1,True
8,Austrian Grand Prix,RUS,29.0,2.0,HARD,10.0,71.253,1,True
8,Austrian Grand Prix,RUS,30.0,2.0,HARD,11.0,71.274,1,True
8,Austrian Grand Prix,RUS,31.0,2.0,HARD,12.0,71.554,1,True
8,Austrian Grand Prix,RUS,32.0,2.0,HARD,13.0,71.706,1,True
8,Austrian Grand Prix,RUS,33.0,2.0,HARD,14.0,71.546,1,True
8,Austrian Grand Prix,RUS,34.0,2.0,HARD,15.0,72.066,1,True
8,Austrian Grand Prix,RUS,35.0,2.0,HARD,16.0,72.074,1,True
8,Austrian Grand Prix,RUS,36.0,2.0,HARD,17.0,72.715,1,True
8,Austrian Grand Prix,RUS,37.0,2.0,HARD,18.0,72.143,1,True
8,Austrian Grand Prix,RUS,38.0,2.0,HARD,19.0,72.365,1,True
8,Austrian Grand Prix,RUS,39.0,2.0,HARD,20.0,72.616,1,True
8,Austrian Grand Prix,RUS,40.0,2.0,HARD,21.0,72.234,1,True
8,Austrian Grand Prix,RUS,41.0,2.0,HARD,22.0,71.935,1,True
8,Austrian Grand Prix,RUS,42.0,2.0,HARD,23.0,72.225,1,True
8,Austrian Grand Prix,RUS,43.0,2.0,HARD,24.0,76.208,1,False
8,Austrian Grand Prix,RUS,44.0,3.0,HARD,1.0,87.853,1,False
8,Austrian Grand Prix,RUS,45.0,3.0,HARD,2.0,70.86,1,True
8,Austrian Grand Prix,RUS,46.0,3.0,HARD,3.0,71.045,1,True
8,Austrian Grand Prix,RUS,47.0,3.0,HARD,4.0,70.904,1,True
8,Austrian Grand Prix,RUS,48.0,3.0,HARD,5.0,71.215,1,True
8,Austrian Grand Prix,RUS,49.0,3.0,HARD,6.0,70.683,1,True
8,Austrian Grand Prix,RUS,50.0,3.0,HARD,7.0,70.952,1,True
8,Austrian Grand Prix,RUS,51.0,3.0,HARD,8.0,71.171,1,True
8,Austrian Grand Prix,RUS,52.0,3.0,HARD,9.0,75.641,16,False
8,Austrian Grand Prix,RUS,53.0,3.0,HARD,10.0,80.031,671,False
8,Austrian Grand Prix,RUS,54.0,3.0,HARD,11.0,70.937,1,True
8,Austrian Grand Prix,RUS,55.0,3.0,HARD,12.0,70.896,1,True
8,Austrian Grand Prix,RUS,56.0,3.0,HARD,13.0,70.78,1,True
8,Austrian Grand Prix,RUS,57.0,3.0,HARD,14.0,71.503,1,True
8,Austrian Grand Prix,RUS,58.0,3.0,HARD,15.0,71.01,1,True
8,Austrian Grand Prix,RUS,59.0,3.0,HARD,16.0,71.143,1,True
8,Austrian Grand Prix,RUS,60.0,3.0,HARD,17.0,71.361,1,True
8,Austrian Grand Prix,RUS,61.0,3.0,HARD,18.0,71.113,1,True
8,Austrian Grand Prix,RUS,62.0,3.0,HARD,19.0,71.162,1,True
8,Austrian Grand Prix,RUS,63.0,3.0,HARD,20.0,71.068,1,True
8,Austrian Grand Prix,RUS,64.0,3.0,HARD,21.0,71.291,1,True
8,Austrian Grand Prix,RUS,65.0,3.0,HARD,22.0,71.581,1,True
8,Austrian Grand Prix,RUS,66.0,3.0,HARD,23.0,71.615,1,True
8,Austrian Grand Prix,RUS,67.0,3.0,HARD,24.0,71.557,1,True
8,Austrian Grand Prix,RUS,68.0,3.0,HARD,25.0,71.489,1,True
8,Austrian Grand Prix,RUS,69.0,3.0,HARD,26.0,71.425,1,True
8,Austrian Grand Prix,RUS,70.0,3.0,HARD,27.0,71.638,1,True
8,Austrian Grand Prix,RUS,71.0,3.0,HARD,28.0,71.832,1,True
8,Austrian Grand Prix,BOT,1.0,1.0,MEDIUM,1.0,84.016,1,False
8,Austrian Grand Prix,BOT,2.0,1.0,MEDIUM,2.0,87.748,1,False
8,Austrian Grand Prix,PIA,1.0,1.0,MEDIUM,1.0,78.123,1,False
8,Austrian Grand Prix,PIA,2.0,1.0,MEDIUM,2.0,73.5,1,False
8,Austrian Grand Prix,PIA,3.0,1.0,MEDIUM,3.0,72.701,1,True
8,Austrian Grand Prix,PIA,4.0,1.0,MEDIUM,4.0,72.36,1,True
8,Austrian Grand Prix,PIA,5.0,1.0,MEDIUM,5.0,72.234,1,True
8,Austrian Grand Prix,PIA,6.0,1.0,MEDIUM,6.0,72.39,1,True
8,Austrian Grand Prix,PIA,7.0,1.0,MEDIUM,7.0,72.773,1,True
8,Austrian Grand Prix,PIA,8.0,1.0,MEDIUM,8.0,73.221,1,True
8,Austrian Grand Prix,PIA,9.0,1.0,MEDIUM,9.0,73.118,1,True
8,Austrian Grand Prix,PIA,10.0,1.0,MEDIUM,10.0,73.22,1,True
8,Austrian Grand Prix,PIA,11.0,1.0,MEDIUM,11.0,73.384,1,True
8,Austrian Grand Prix,PIA,12.0,1.0,MEDIUM,12.0,73.426,1,True
8,Austrian Grand Prix,PIA,13.0,1.0,MEDIUM,13.0,73.675,1,True
8,Austrian Grand Prix,PIA,14.0,1.0,MEDIUM,14.0,73.418,1,True
8,Austrian Grand Prix,PIA,15.0,1.0,MEDIUM,15.0,73.235,1,True
8,Austrian Grand Prix,PIA,16.0,1.0,MEDIUM,16.0,73.179,1,True
8,Austrian Grand Prix,PIA,17.0,1.0,MEDIUM,17.0,73.101,1,True
8,Austrian Grand Prix,PIA,18.0,1.0,MEDIUM,18.0,73.451,1,True
8,Austrian Grand Prix,PIA,19.0,1.0,MEDIUM,19.0,78.254,1,False
8,Austrian Grand Prix,PIA,20.0,2.0,HARD,1.0,89.535,1,False
8,Austrian Grand Prix,PIA,21.0,2.0,HARD,2.0,71.464,1,True
8,Austrian Grand Prix,PIA,22.0,2.0,HARD,3.0,71.578,1,True
8,Austrian Grand Prix,PIA,23.0,2.0,HARD,4.0,71.427,1,True
8,Austrian Grand Prix,PIA,24.0,2.0,HARD,5.0,72.21,126,False
8,Austrian Grand Prix,PIA,25.0,2.0,HARD,6.0,98.314,6,False
8,Austrian Grand Prix,PIA,26.0,2.0,HARD,7.0,90.128,671,False
8,Austrian Grand Prix,PIA,27.0,2.0,HARD,8.0,71.658,1,True
8,Austrian Grand Prix,PIA,28.0,2.0,HARD,9.0,71.227,1,True
8,Austrian Grand Prix,PIA,29.0,2.0,HARD,10.0,71.918,1,True
8,Austrian Grand Prix,PIA,30.0,2.0,HARD,11.0,71.149,1,True
8,Austrian Grand Prix,PIA,31.0,2.0,HARD,12.0,71.768,1,True
8,Austrian Grand Prix,PIA,32.0,2.0,HARD,13.0,71.854,1,True
8,Austrian Grand Prix,PIA,33.0,2.0,HARD,14.0,71.78,1,True
8,Austrian Grand Prix,PIA,34.0,2.0,HARD,15.0,72.048,1,True
8,Austrian Grand Prix,PIA,35.0,2.0,HARD,16.0,71.941,1,True
8,Austrian Grand Prix,PIA,36.0,2.0,HARD,17.0,72.318,1,True
8,Austrian Grand Prix,PIA,37.0,2.0,HARD,18.0,72.544,1,True
8,Austrian Grand Prix,PIA,38.0,2.0,HARD,19.0,72.385,1,True
8,Austrian Grand Prix,PIA,39.0,2.0,HARD,20.0,72.024,1,True
8,Austrian Grand Prix,PIA,40.0,2.0,HARD,21.0,72.017,1,True
8,Austrian Grand Prix,PIA,41.0,2.0,HARD,22.0,72.116,1,True
8,Austrian Grand Prix,PIA,42.0,2.0,HARD,23.0,76.481,1,False
8,Austrian Grand Prix,PIA,43.0,3.0,HARD,1.0,88.093,1,False
8,Austrian Grand Prix,PIA,44.0,3.0,HARD,2.0,70.753,1,True
8,Austrian Grand Prix,PIA,45.0,3.0,HARD,3.0,70.595,1,True
8,Austrian Grand Prix,PIA,46.0,3.0,HARD,4.0,70.844,1,True
8,Austrian Grand Prix,PIA,47.0,3.0,HARD,5.0,71.102,1,True
8,Austrian Grand Prix,PIA,48.0,3.0,HARD,6.0,71.389,1,True
8,Austrian Grand Prix,PIA,49.0,3.0,HARD,7.0,71.275,1,True
8,Austrian Grand Prix,PIA,50.0,3.0,HARD,8.0,71.247,1,True
8,Austrian Grand Prix,PIA,51.0,3.0,HARD,9.0,71.101,1,True
8,Austrian Grand Prix,PIA,52.0,3.0,HARD,10.0,79.815,16,False
8,Austrian Grand Prix,PIA,53.0,3.0,HARD,11.0,75.298,671,False
8,Austrian Grand Prix,PIA,54.0,3.0,HARD,12.0,70.999,1,True
8,Austrian Grand Prix,PIA,55.0,3.0,HARD,13.0,71.056,1,True
8,Austrian Grand Prix,PIA,56.0,3.0,HARD,14.0,71.067,1,True
8,Austrian Grand Prix,PIA,57.0,3.0,HARD,15.0,71.335,1,True
8,Austrian Grand Prix,PIA,58.0,3.0,HARD,16.0,71.219,1,True
8,Austrian Grand Prix,PIA,59.0,3.0,HARD,17.0,71.332,1,True
8,Austrian Grand Prix,PIA,60.0,3.0,HARD,18.0,71.132,1,True
8,Austrian Grand Prix,PIA,61.0,3.0,HARD,19.0,71.363,1,True
8,Austrian Grand Prix,PIA,62.0,3.0,HARD,20.0,71.525,1,True
8,Austrian Grand Prix,PIA,63.0,3.0,HARD,21.0,71.883,1,True
8,Austrian Grand Prix,PIA,64.0,3.0,HARD,22.0,71.318,1,True
8,Austrian Grand Prix,PIA,65.0,3.0,HARD,23.0,71.479,1,True
8,Austrian Grand Prix,PIA,66.0,3.0,HARD,24.0,72.133,1,True
8,Austrian Grand Prix,PIA,67.0,3.0,HARD,25.0,71.937,1,True
8,Austrian Grand Prix,PIA,68.0,3.0,HARD,26.0,71.774,1,True
8,Austrian Grand Prix,PIA,69.0,3.0,HARD,27.0,72.509,1,True
8,Austrian Grand Prix,PIA,70.0,3.0,HARD,28.0,73.065,1,True
8,Austrian Grand Prix,PIA,71.0,3.0,HARD,29.0,72.503,1,True
8,Austrian Grand Prix,BEA,1.0,1.0,MEDIUM,1.0,81.542,1,False
8,Austrian Grand Prix,BEA,2.0,1.0,MEDIUM,2.0,74.398,1,False
8,Austrian Grand Prix,BEA,3.0,1.0,MEDIUM,3.0,74.107,1,True
8,Austrian Grand Prix,BEA,4.0,1.0,MEDIUM,4.0,74.103,1,True
8,Austrian Grand Prix,BEA,5.0,1.0,MEDIUM,5.0,74.17,1,True
8,Austrian Grand Prix,BEA,6.0,1.0,MEDIUM,6.0,74.329,1,True
8,Austrian Grand Prix,BEA,7.0,1.0,MEDIUM,7.0,74.492,1,True
8,Austrian Grand Prix,BEA,8.0,1.0,MEDIUM,8.0,74.79,1,True
8,Austrian Grand Prix,BEA,9.0,1.0,MEDIUM,9.0,74.971,1,True
8,Austrian Grand Prix,BEA,10.0,1.0,MEDIUM,10.0,75.771,1,True
8,Austrian Grand Prix,BEA,11.0,1.0,MEDIUM,11.0,75.198,1,True
8,Austrian Grand Prix,BEA,12.0,1.0,MEDIUM,12.0,75.35,1,True
8,Austrian Grand Prix,BEA,13.0,1.0,MEDIUM,13.0,75.003,1,True
8,Austrian Grand Prix,BEA,14.0,1.0,MEDIUM,14.0,75.366,1,True
8,Austrian Grand Prix,BEA,15.0,1.0,MEDIUM,15.0,75.041,1,True
8,Austrian Grand Prix,BEA,16.0,1.0,MEDIUM,16.0,74.751,1,True
8,Austrian Grand Prix,BEA,17.0,1.0,MEDIUM,17.0,74.709,1,True
8,Austrian Grand Prix,BEA,18.0,1.0,MEDIUM,18.0,75.344,1,True
8,Austrian Grand Prix,BEA,19.0,1.0,MEDIUM,19.0,74.827,1,True
8,Austrian Grand Prix,BEA,20.0,1.0,MEDIUM,20.0,75.908,1,True
8,Austrian Grand Prix,BEA,21.0,1.0,MEDIUM,21.0,74.936,1,True
8,Austrian Grand Prix,BEA,22.0,1.0,MEDIUM,22.0,74.645,1,True
8,Austrian Grand Prix,BEA,23.0,1.0,MEDIUM,23.0,75.472,1,True
8,Austrian Grand Prix,BEA,24.0,1.0,MEDIUM,24.0,86.766,126,False
8,Austrian Grand Prix,BEA,25.0,2.0,HARD,1.0,109.866,6,False
8,Austrian Grand Prix,BEA,26.0,2.0,HARD,2.0,78.057,671,False
8,Austrian Grand Prix,BEA,27.0,2.0,HARD,3.0,73.101,1,True
8,Austrian Grand Prix,BEA,28.0,2.0,HARD,4.0,73.102,1,True
8,Austrian Grand Prix,BEA,29.0,2.0,HARD,5.0,73.025,1,True
8,Austrian Grand Prix,BEA,30.0,2.0,HARD,6.0,73.063,1,True
8,Austrian Grand Prix,BEA,31.0,2.0,HARD,7.0,73.147,1,True
8,Austrian Grand Prix,BEA,32.0,2.0,HARD,8.0,73.075,1,True
8,Austrian Grand Prix,BEA,33.0,2.0,HARD,9.0,73.27,1,True
8,Austrian Grand Prix,BEA,34.0,2.0,HARD,10.0,73.138,1,True
8,Austrian Grand Prix,BEA,35.0,2.0,HARD,11.0,73.161,1,True
8,Austrian Grand Prix,BEA,36.0,2.0,HARD,12.0,73.403,1,True
8,Austrian Grand Prix,BEA,37.0,2.0,HARD,13.0,76.268,1,True
8,Austrian Grand Prix,BEA,38.0,2.0,HARD,14.0,74.08,1,True
8,Austrian Grand Prix,BEA,39.0,2.0,HARD,15.0,74.004,1,True
8,Austrian Grand Prix,BEA,40.0,2.0,HARD,16.0,75.228,1,True
8,Austrian Grand Prix,BEA,41.0,2.0,HARD,17.0,73.839,1,True
8,Austrian Grand Prix,BEA,42.0,2.0,HARD,18.0,73.708,1,True
8,Austrian Grand Prix,BEA,43.0,2.0,HARD,19.0,74.806,1,True
8,Austrian Grand Prix,BEA,44.0,2.0,HARD,20.0,73.877,1,True
8,Austrian Grand Prix,BEA,45.0,2.0,HARD,21.0,78.343,1,False
8,Austrian Grand Prix,BEA,46.0,3.0,MEDIUM,1.0,89.486,1,False
8,Austrian Grand Prix,BEA,47.0,3.0,MEDIUM,2.0,72.405,1,True
8,Austrian Grand Prix,BEA,48.0,3.0,MEDIUM,3.0,72.626,1,True
8,Austrian Grand Prix,BEA,49.0,3.0,MEDIUM,4.0,73.475,1,True
8,Austrian Grand Prix,BEA,50.0,3.0,MEDIUM,5.0,72.579,1,True
8,Austrian Grand Prix,BEA,51.0,3.0,MEDIUM,6.0,83.153,167,False
8,Austrian Grand Prix,BEA,52.0,3.0,MEDIUM,7.0,72.808,1,True
8,Austrian Grand Prix,BEA,53.0,3.0,MEDIUM,8.0,72.266,1,True
8,Austrian Grand Prix,BEA,54.0,3.0,MEDIUM,9.0,72.207,1,True
8,Austrian Grand Prix,BEA,55.0,3.0,MEDIUM,10.0,72.506,1,True
8,Austrian Grand Prix,BEA,56.0,3.0,MEDIUM,11.0,72.764,1,True
8,Austrian Grand Prix,BEA,57.0,3.0,MEDIUM,12.0,72.952,1,True
8,Austrian Grand Prix,BEA,58.0,3.0,MEDIUM,13.0,72.989,1,True
8,Austrian Grand Prix,BEA,59.0,3.0,MEDIUM,14.0,73.054,1,True
8,Austrian Grand Prix,BEA,60.0,3.0,MEDIUM,15.0,73.01,1,True
8,Austrian Grand Prix,BEA,61.0,3.0,MEDIUM,16.0,73.132,1,True
8,Austrian Grand Prix,BEA,62.0,3.0,MEDIUM,17.0,73.325,1,True
8,Austrian Grand Prix,BEA,63.0,3.0,MEDIUM,18.0,74.962,1,True
8,Austrian Grand Prix,BEA,64.0,3.0,MEDIUM,19.0,73.241,1,True
8,Austrian Grand Prix,BEA,65.0,3.0,MEDIUM,20.0,73.191,1,True
8,Austrian Grand Prix,BEA,66.0,3.0,MEDIUM,21.0,73.044,1,True
8,Austrian Grand Prix,BEA,67.0,3.0,MEDIUM,22.0,73.032,1,True
8,Austrian Grand Prix,BEA,68.0,3.0,MEDIUM,23.0,72.895,1,True
8,Austrian Grand Prix,BEA,69.0,3.0,MEDIUM,24.0,73.35,1,True
8,Austrian Grand Prix,BEA,70.0,3.0,MEDIUM,25.0,72.654,1,True
9,British Grand Prix,NOR,1.0,1.0,MEDIUM,1.0,100.454,12,False
9,British Grand Prix,NOR,2.0,1.0,MEDIUM,2.0,94.836,12,False
9,British Grand Prix,NOR,3.0,1.0,MEDIUM,3.0,95.241,1,True
9,British Grand Prix,NOR,4.0,1.0,MEDIUM,4.0,95.116,1,True
9,British Grand Prix,NOR,5.0,1.0,MEDIUM,5.0,95.154,1,True
9,British Grand Prix,NOR,6.0,1.0,MEDIUM,6.0,94.875,1,True
9,British Grand Prix,NOR,7.0,1.0,MEDIUM,7.0,95.086,1,True
9,British Grand Prix,NOR,8.0,1.0,MEDIUM,8.0,95.281,1,True
9,British Grand Prix,NOR,9.0,1.0,MEDIUM,9.0,95.62,1,True
9,British Grand Prix,NOR,10.0,1.0,MEDIUM,10.0,95.286,1,True
9,British Grand Prix,NOR,11.0,1.0,MEDIUM,11.0,95.318,1,True
9,British Grand Prix,NOR,12.0,1.0,MEDIUM,12.0,95.442,1,True
9,British Grand Prix,NOR,13.0,1.0,MEDIUM,13.0,95.147,1,True
9,British Grand Prix,NOR,14.0,1.0,MEDIUM,14.0,95.09,1,True
9,British Grand Prix,NOR,15.0,1.0,MEDIUM,15.0,95.14,1,True
9,British Grand Prix,NOR,16.0,1.0,MEDIUM,16.0,95.278,1,True
9,British Grand Prix,NOR,17.0,1.0,MEDIUM,17.0,95.716,1,True
9,British Grand Prix,NOR,18.0,1.0,MEDIUM,18.0,94.741,1,True
9,British Grand Prix,NOR,19.0,1.0,MEDIUM,19.0,94.581,1,True
9,British Grand Prix,NOR,20.0,1.0,MEDIUM,20.0,94.722,1,True
9,British Grand Prix,NOR,21.0,1.0,MEDIUM,21.0,94.58,1,True
9,British Grand Prix,NOR,22.0,1.0,MEDIUM,22.0,105.666,167,False
9,British Grand Prix,NOR,23.0,1.0,MEDIUM,23.0,94.73,1,True
9,British Grand Prix,NOR,24.0,1.0,MEDIUM,24.0,94.882,1,True
9,British Grand Prix,NOR,25.0,1.0,MEDIUM,25.0,94.519,1,True
9,British Grand Prix,NOR,26.0,1.0,MEDIUM,26.0,94.724,1,True
9,British Grand Prix,NOR,27.0,1.0,MEDIUM,27.0,94.525,1,True
9,British Grand Prix,NOR,28.0,1.0,MEDIUM,28.0,94.291,1,False
9,British Grand Prix,NOR,29.0,2.0,HARD,1.0,114.51,1,False
9,British Grand Prix,NOR,30.0,2.0,HARD,2.0,92.901,1,True
9,British Grand Prix,NOR,31.0,2.0,HARD,3.0,93.454,1,True
9,British Grand Prix,NOR,32.0,2.0,HARD,4.0,93.196,1,True
9,British Grand Prix,NOR,33.0,2.0,HARD,5.0,93.33,1,True
9,British Grand Prix,NOR,34.0,2.0,HARD,6.0,93.468,1,True
9,British Grand Prix,NOR,35.0,2.0,HARD,7.0,93.532,1,True
9,British Grand Prix,NOR,36.0,2.0,HARD,8.0,93.514,1,True
9,British Grand Prix,NOR,37.0,2.0,HARD,9.0,93.913,1,True
9,British Grand Prix,NOR,38.0,2.0,HARD,10.0,99.35,126,False
9,British Grand Prix,NOR,39.0,3.0,MEDIUM,7.0,122.902,671,False
9,British Grand Prix,NOR,40.0,3.0,MEDIUM,8.0,92.759,1,True
9,British Grand Prix,NOR,41.0,3.0,MEDIUM,9.0,93.022,1,True
9,British Grand Prix,NOR,42.0,3.0,MEDIUM,10.0,93.302,1,True
9,British Grand Prix,NOR,43.0,3.0,MEDIUM,11.0,93.167,1,True
9,British Grand Prix,NOR,44.0,3.0,MEDIUM,12.0,92.775,1,True
9,British Grand Prix,NOR,45.0,3.0,MEDIUM,13.0,92.625,1,True
9,British Grand Prix,NOR,46.0,3.0,MEDIUM,14.0,93.028,1,True
9,British Grand Prix,NOR,47.0,3.0,MEDIUM,15.0,98.834,124,False
9,British Grand Prix,NOR,48.0,3.0,MEDIUM,16.0,124.605,4,False
9,British Grand Prix,NOR,49.0,4.0,SOFT,4.0,142.722,4,False
9,British Grand Prix,NOR,50.0,4.0,SOFT,5.0,144.647,4,False
9,British Grand Prix,NOR,51.0,4.0,SOFT,6.0,,4,False
9,British Grand Prix,NOR,52.0,4.0,SOFT,7.0,142.749,4,False
9,British Grand Prix,GAS,1.0,1.0,MEDIUM,1.0,105.047,12,False
9,British Grand Prix,GAS,2.0,1.0,MEDIUM,2.0,97.382,12,False
9,British Grand Prix,GAS,3.0,1.0,MEDIUM,3.0,96.022,1,True
9,British Grand Prix,GAS,4.0,1.0,MEDIUM,4.0,96.294,1,True
9,British Grand Prix,GAS,5.0,1.0,MEDIUM,5.0,97.169,1,True
9,British Grand Prix,GAS,6.0,1.0,MEDIUM,6.0,96.336,1,True
9,British Grand Prix,GAS,7.0,1.0,MEDIUM,7.0,97.056,1,True
9,British Grand Prix,GAS,8.0,1.0,MEDIUM,8.0,97.256,1,True
9,British Grand Prix,GAS,9.0,1.0,MEDIUM,9.0,96.887,1,True
9,British Grand Prix,GAS,10.0,1.0,MEDIUM,10.0,96.162,1,True
9,British Grand Prix,GAS,11.0,1.0,MEDIUM,11.0,96.225,1,True
9,British Grand Prix,GAS,12.0,1.0,MEDIUM,12.0,96.165,1,True
9,British Grand Prix,GAS,13.0,1.0,MEDIUM,13.0,96.45,1,True
9,British Grand Prix,GAS,14.0,1.0,MEDIUM,14.0,96.146,1,True
9,British Grand Prix,GAS,15.0,1.0,MEDIUM,15.0,95.989,1,True
9,British Grand Prix,GAS,16.0,1.0,MEDIUM,16.0,96.296,1,True
9,British Grand Prix,GAS,17.0,1.0,MEDIUM,17.0,96.175,1,True
9,British Grand Prix,GAS,18.0,1.0,MEDIUM,18.0,96.323,1,True
9,British Grand Prix,GAS,19.0,1.0,MEDIUM,19.0,95.953,1,True
9,British Grand Prix,GAS,20.0,1.0,MEDIUM,20.0,95.675,1,True
9,British Grand Prix,GAS,21.0,1.0,MEDIUM,21.0,99.978,16,False
9,British Grand Prix,GAS,22.0,1.0,MEDIUM,22.0,101.621,671,False
9,British Grand Prix,GAS,23.0,1.0,MEDIUM,23.0,95.388,1,False
9,British Grand Prix,GAS,24.0,2.0,HARD,1.0,122.407,1,False
9,British Grand Prix,GAS,25.0,2.0,HARD,2.0,94.576,1,True
9,British Grand Prix,GAS,26.0,2.0,HARD,3.0,95.614,1,True
9,British Grand Prix,GAS,27.0,2.0,HARD,4.0,94.731,1,True
9,British Grand Prix,GAS,28.0,2.0,HARD,5.0,94.618,1,True
9,British Grand Prix,GAS,29.0,2.0,HARD,6.0,94.437,1,True
9,British Grand Prix,GAS,30.0,2.0,HARD,7.0,94.619,1,True
9,British Grand Prix,GAS,31.0,2.0,HARD,8.0,94.721,1,True
9,British Grand Prix,GAS,32.0,2.0,HARD,9.0,95.063,1,True
9,British Grand Prix,GAS,33.0,2.0,HARD,10.0,94.963,1,True
9,British Grand Prix,GAS,34.0,2.0,HARD,11.0,94.996,1,True
9,British Grand Prix,GAS,35.0,2.0,HARD,12.0,95.558,1,True
9,British Grand Prix,GAS,36.0,2.0,HARD,13.0,94.937,1,True
9,British Grand Prix,GAS,37.0,2.0,HARD,14.0,94.861,12,False
9,British Grand Prix,GAS,38.0,2.0,HARD,15.0,117.887,2671,False
9,British Grand Prix,GAS,39.0,2.0,HARD,16.0,94.522,1,True
9,British Grand Prix,GAS,40.0,2.0,HARD,17.0,94.455,1,True
9,British Grand Prix,GAS,41.0,2.0,HARD,18.0,94.312,1,True
9,British Grand Prix,GAS,42.0,2.0,HARD,19.0,94.303,1,True
9,British Grand Prix,GAS,43.0,2.0,HARD,20.0,94.387,1,True
9,British Grand Prix,GAS,44.0,2.0,HARD,21.0,94.179,1,True
9,British Grand Prix,GAS,45.0,2.0,HARD,22.0,94.51,1,True
9,British Grand Prix,GAS,46.0,2.0,HARD,23.0,95.978,1,True
9,British Grand Prix,GAS,47.0,2.0,HARD,24.0,116.905,124,False
9,British Grand Prix,GAS,48.0,2.0,HARD,25.0,122.352,4,False
9,British Grand Prix,GAS,49.0,3.0,SOFT,1.0,126.98,4,False
9,British Grand Prix,GAS,50.0,3.0,SOFT,2.0,103.339,4,False
9,British Grand Prix,GAS,51.0,3.0,SOFT,3.0,,4,False
9,British Grand Prix,GAS,52.0,3.0,SOFT,4.0,139.58,4,False
9,British Grand Prix,PER,1.0,1.0,MEDIUM,1.0,106.587,12,False
9,British Grand Prix,PER,2.0,1.0,MEDIUM,2.0,97.781,12,False
9,British Grand Prix,PER,3.0,1.0,MEDIUM,3.0,96.934,1,True
9,British Grand Prix,PER,4.0,1.0,MEDIUM,4.0,97.232,1,True
9,British Grand Prix,PER,5.0,1.0,MEDIUM,5.0,97.229,1,True
9,British Grand Prix,PER,6.0,1.0,MEDIUM,6.0,96.94,1,True
9,British Grand Prix,PER,7.0,1.0,MEDIUM,7.0,97.311,1,True
9,British Grand Prix,PER,8.0,1.0,MEDIUM,8.0,97.54,1,True
9,British Grand Prix,PER,9.0,1.0,MEDIUM,9.0,97.662,1,True
9,British Grand Prix,PER,10.0,1.0,MEDIUM,10.0,97.773,1,True
9,British Grand Prix,PER,11.0,1.0,MEDIUM,11.0,97.545,1,True
9,British Grand Prix,PER,12.0,1.0,MEDIUM,12.0,97.825,1,True
9,British Grand Prix,PER,13.0,1.0,MEDIUM,13.0,97.294,1,True
9,British Grand Prix,PER,14.0,1.0,MEDIUM,14.0,97.156,1,True
9,British Grand Prix,PER,15.0,1.0,MEDIUM,15.0,96.975,1,True
9,British Grand Prix,PER,16.0,1.0,MEDIUM,16.0,97.265,1,True
9,British Grand Prix,PER,17.0,1.0,MEDIUM,17.0,96.947,1,True
9,British Grand Prix,PER,18.0,1.0,MEDIUM,18.0,97.577,1,True
9,British Grand Prix,PER,19.0,1.0,MEDIUM,19.0,97.094,1,True
9,British Grand Prix,PER,20.0,1.0,MEDIUM,20.0,96.721,1,True
9,British Grand Prix,PER,21.0,1.0,MEDIUM,21.0,106.363,167,False
9,British Grand Prix,PER,22.0,2.0,HARD,1.0,117.455,1,False
9,British Grand Prix,PER,23.0,2.0,HARD,2.0,97.496,1,True
9,British Grand Prix,PER,24.0,2.0,HARD,3.0,97.186,1,True
9,British Grand Prix,PER,25.0,2.0,HARD,4.0,95.826,1,True
9,British Grand Prix,PER,26.0,2.0,HARD,5.0,95.661,1,True
9,British Grand Prix,PER,27.0,2.0,HARD,6.0,96.824,1,True
9,British Grand Prix,PER,28.0,2.0,HARD,7.0,96.534,1,True
9,British Grand Prix,PER,29.0,2.0,HARD,8.0,97.003,1,True
9,British Grand Prix,PER,30.0,2.0,HARD,9.0,96.389,1,True
9,British Grand Prix,PER,31.0,2.0,HARD,10.0,96.666,1,True
9,British Grand Prix,PER,32.0,2.0,HARD,11.0,96.292,1,True
9,British Grand Prix,PER,33.0,2.0,HARD,12.0,96.403,1,True
9,British Grand Prix,PER,34.0,2.0,HARD,13.0,98.576,1,True
9,British Grand Prix,PER,35.0,2.0,HARD,14.0,96.497,1,True
9,British Grand Prix,PER,36.0,2.0,HARD,15.0,96.457,1,True
9,British Grand Prix,PER,37.0,2.0,HARD,16.0,103.49,126,False
9,British Grand Prix,PER,38.0,2.0,HARD,17.0,110.614,671,False
9,British Grand Prix,PER,39.0,2.0,HARD,18.0,96.798,1,True
9,British Grand Prix,PER,40.0,2.0,HARD,19.0,97.296,1,True
9,British Grand Prix,PER,41.0,2.0,HARD,20.0,95.713,1,True
9,British Grand Prix,PER,42.0,2.0,HARD,21.0,98.281,1,True
9,British Grand Prix,PER,43.0,2.0,HARD,22.0,95.557,1,True
9,British Grand Prix,PER,44.0,2.0,HARD,23.0,95.52,1,True
9,British Grand Prix,PER,45.0,2.0,HARD,24.0,96.872,1,True
9,British Grand Prix,PER,46.0,2.0,HARD,25.0,101.146,124,False
9,British Grand Prix,PER,47.0,3.0,SOFT,1.0,144.894,4,False
9,British Grand Prix,PER,48.0,3.0,SOFT,2.0,120.247,4,False
9,British Grand Prix,PER,49.0,3.0,SOFT,3.0,136.502,4,False
9,British Grand Prix,PER,50.0,3.0,SOFT,4.0,108.807,4,False
9,British Grand Prix,PER,51.0,3.0,SOFT,5.0,98.756,4,False
9,British Grand Prix,PER,52.0,3.0,SOFT,6.0,105.229,4,False
9,British Grand Prix,ANT,1.0,1.0,MEDIUM,1.0,97.447,12,False
9,British Grand Prix,ANT,2.0,1.0,MEDIUM,2.0,94.414,12,False
9,British Grand Prix,ANT,3.0,1.0,MEDIUM,3.0,94.05,1,True
9,British Grand Prix,ANT,4.0,1.0,MEDIUM,4.0,94.373,1,True
9,British Grand Prix,ANT,5.0,1.0,MEDIUM,5.0,94.751,1,True
9,British Grand Prix,ANT,6.0,1.0,MEDIUM,6.0,94.464,1,True
9,British Grand Prix,ANT,7.0,1.0,MEDIUM,7.0,94.477,1,True
9,British Grand Prix,ANT,8.0,1.0,MEDIUM,8.0,94.74,1,True
9,British Grand Prix,ANT,9.0,1.0,MEDIUM,9.0,94.965,1,True
9,British Grand Prix,ANT,10.0,1.0,MEDIUM,10.0,95.017,1,True
9,British Grand Prix,ANT,11.0,1.0,MEDIUM,11.0,94.276,1,True
9,British Grand Prix,ANT,12.0,1.0,MEDIUM,12.0,94.488,1,True
9,British Grand Prix,ANT,13.0,1.0,MEDIUM,13.0,94.592,1,True
9,British Grand Prix,ANT,14.0,1.0,MEDIUM,14.0,94.117,1,True
9,British Grand Prix,ANT,15.0,1.0,MEDIUM,15.0,93.91,1,True
9,British Grand Prix,ANT,16.0,1.0,MEDIUM,16.0,94.29,1,True
9,British Grand Prix,ANT,17.0,1.0,MEDIUM,17.0,94.544,1,True
9,British Grand Prix,ANT,18.0,1.0,MEDIUM,18.0,94.259,1,True
9,British Grand Prix,ANT,19.0,1.0,MEDIUM,19.0,94.268,1,True
9,British Grand Prix,ANT,20.0,1.0,MEDIUM,20.0,94.066,1,True
9,British Grand Prix,ANT,21.0,1.0,MEDIUM,21.0,94.078,1,True
9,British Grand Prix,ANT,22.0,1.0,MEDIUM,22.0,104.368,167,False
9,British Grand Prix,ANT,23.0,1.0,MEDIUM,23.0,93.914,1,True
9,British Grand Prix,ANT,24.0,1.0,MEDIUM,24.0,93.955,1,True
9,British Grand Prix,ANT,25.0,1.0,MEDIUM,25.0,94.001,1,True
9,British Grand Prix,ANT,26.0,1.0,MEDIUM,26.0,93.951,1,True
9,British Grand Prix,ANT,27.0,1.0,MEDIUM,27.0,93.686,1,True
9,British Grand Prix,ANT,28.0,1.0,MEDIUM,28.0,93.52,1,True
9,British Grand Prix,ANT,29.0,1.0,MEDIUM,29.0,93.467,1,True
9,British Grand Prix,ANT,30.0,1.0,MEDIUM,30.0,93.72,1,True
9,British Grand Prix,ANT,31.0,1.0,MEDIUM,31.0,93.772,1,True
9,British Grand Prix,ANT,32.0,1.0,MEDIUM,32.0,93.451,1,True
9,British Grand Prix,ANT,33.0,1.0,MEDIUM,33.0,93.601,1,True
9,British Grand Prix,ANT,34.0,1.0,MEDIUM,34.0,93.725,1,True
9,British Grand Prix,ANT,35.0,1.0,MEDIUM,35.0,92.976,1,False
9,British Grand Prix,ANT,36.0,2.0,HARD,1.0,113.81,1,False
9,British Grand Prix,ANT,37.0,2.0,HARD,2.0,91.777,1,True
9,British Grand Prix,ANT,38.0,2.0,HARD,3.0,92.149,12,False
9,British Grand Prix,ANT,39.0,2.0,HARD,4.0,117.371,2671,False
9,British Grand Prix,ANT,40.0,2.0,HARD,5.0,91.904,1,True
9,British Grand Prix,ANT,41.0,2.0,HARD,6.0,97.116,1,False
9,British Grand Prix,ANT,42.0,3.0,MEDIUM,7.0,137.782,1,False
9,British Grand Prix,ANT,43.0,3.0,MEDIUM,8.0,99.872,1,False
9,British Grand Prix,ANT,44.0,4.0,MEDIUM,9.0,121.316,1,False
9,British Grand Prix,ANT,45.0,4.0,MEDIUM,10.0,93.812,1,True
9,British Grand Prix,ANT,46.0,4.0,MEDIUM,11.0,93.503,1,True
9,British Grand Prix,ANT,47.0,4.0,MEDIUM,12.0,112.822,124,False
9,British Grand Prix,ANT,48.0,4.0,MEDIUM,13.0,125.074,4,False
9,British Grand Prix,ANT,49.0,4.0,MEDIUM,14.0,102.439,4,False
9,British Grand Prix,ANT,50.0,4.0,MEDIUM,15.0,132.263,4,False
9,British Grand Prix,ANT,51.0,4.0,MEDIUM,16.0,,4,False
9,British Grand Prix,ANT,52.0,4.0,MEDIUM,17.0,140.268,4,False
9,British Grand Prix,ALO,1.0,1.0,MEDIUM,1.0,111.095,12,False
9,British Grand Prix,ALO,2.0,1.0,MEDIUM,2.0,100.031,12,False
9,British Grand Prix,ALO,3.0,1.0,MEDIUM,3.0,98.632,1,True
9,British Grand Prix,ALO,4.0,1.0,MEDIUM,4.0,98.775,1,True
9,British Grand Prix,ALO,5.0,1.0,MEDIUM,5.0,98.933,1,True
9,British Grand Prix,ALO,6.0,1.0,MEDIUM,6.0,98.79,1,True
9,British Grand Prix,ALO,7.0,1.0,MEDIUM,7.0,98.384,1,True
9,British Grand Prix,ALO,8.0,1.0,MEDIUM,8.0,98.792,1,True
9,British Grand Prix,ALO,9.0,1.0,MEDIUM,9.0,99.472,1,True
9,British Grand Prix,ALO,10.0,1.0,MEDIUM,10.0,99.093,1,True
9,British Grand Prix,ALO,11.0,1.0,MEDIUM,11.0,99.003,1,True
9,British Grand Prix,ALO,12.0,1.0,MEDIUM,12.0,99.136,1,True
9,British Grand Prix,ALO,13.0,1.0,MEDIUM,13.0,98.877,1,True
9,British Grand Prix,ALO,14.0,1.0,MEDIUM,14.0,99.086,1,True
9,British Grand Prix,ALO,15.0,1.0,MEDIUM,15.0,99.451,1,True
9,British Grand Prix,ALO,16.0,1.0,MEDIUM,16.0,99.21,1,True
9,British Grand Prix,ALO,17.0,1.0,MEDIUM,17.0,99.342,1,True
9,British Grand Prix,ALO,18.0,1.0,MEDIUM,18.0,99.31,1,True
9,British Grand Prix,ALO,19.0,1.0,MEDIUM,19.0,99.415,1,True
9,British Grand Prix,ALO,20.0,1.0,MEDIUM,20.0,98.549,1,False
9,British Grand Prix,ALO,21.0,2.0,HARD,1.0,125.709,167,False
9,British Grand Prix,ALO,22.0,2.0,HARD,2.0,97.414,1,True
9,British Grand Prix,ALO,23.0,2.0,HARD,3.0,97.404,1,True
9,British Grand Prix,ALO,24.0,2.0,HARD,4.0,99.922,1,True
9,British Grand Prix,ALO,25.0,2.0,HARD,5.0,98.695,1,True
9,British Grand Prix,ALO,26.0,2.0,HARD,6.0,97.375,1,True
9,British Grand Prix,ALO,27.0,2.0,HARD,7.0,97.736,1,True
9,British Grand Prix,ALO,28.0,2.0,HARD,8.0,98.043,1,True
9,British Grand Prix,ALO,29.0,2.0,HARD,9.0,97.534,1,True
9,British Grand Prix,ALO,30.0,2.0,HARD,10.0,97.544,1,True
9,British Grand Prix,ALO,31.0,2.0,HARD,11.0,100.146,1,True
9,British Grand Prix,ALO,32.0,2.0,HARD,12.0,97.845,1,True
9,British Grand Prix,ALO,33.0,2.0,HARD,13.0,97.52,1,True
9,British Grand Prix,ALO,34.0,2.0,HARD,14.0,97.891,1,True
9,British Grand Prix,ALO,35.0,2.0,HARD,15.0,98.76,1,True
9,British Grand Prix,ALO,36.0,2.0,HARD,16.0,99.164,12,False
9,British Grand Prix,ALO,37.0,2.0,HARD,17.0,119.005,2671,False
9,British Grand Prix,ALO,38.0,2.0,HARD,18.0,97.33,1,True
9,British Grand Prix,ALO,39.0,2.0,HARD,19.0,98.699,1,True
9,British Grand Prix,ALO,40.0,2.0,HARD,20.0,97.543,1,True
9,British Grand Prix,ALO,41.0,2.0,HARD,21.0,96.695,1,True
9,British Grand Prix,ALO,42.0,2.0,HARD,22.0,97.102,1,True
9,British Grand Prix,ALO,43.0,2.0,HARD,23.0,97.26,1,True
9,British Grand Prix,ALO,44.0,2.0,HARD,24.0,99.391,1,True
9,British Grand Prix,ALO,45.0,2.0,HARD,25.0,99.377,12,False
9,British Grand Prix,ALO,46.0,2.0,HARD,26.0,124.776,24,False
9,British Grand Prix,ALO,47.0,3.0,SOFT,1.0,143.032,4,False
9,British Grand Prix,ALO,48.0,3.0,SOFT,2.0,,4,False
9,British Grand Prix,ALO,49.0,3.0,SOFT,3.0,102.668,4,False
9,British Grand Prix,ALO,50.0,3.0,SOFT,4.0,95.827,4,False
9,British Grand Prix,ALO,51.0,3.0,SOFT,5.0,117.679,4,False
9,British Grand Prix,LEC,1.0,1.0,MEDIUM,1.0,96.275,12,False
9,British Grand Prix,LEC,2.0,1.0,MEDIUM,2.0,93.916,12,False
9,British Grand Prix,LEC,3.0,1.0,MEDIUM,3.0,93.995,1,True
9,British Grand Prix,LEC,4.0,1.0,MEDIUM,4.0,93.737,1,True
9,British Grand Prix,LEC,5.0,1.0,MEDIUM,5.0,94.32,1,True
9,British Grand Prix,LEC,6.0,1.0,MEDIUM,6.0,94.069,1,True
9,British Grand Prix,LEC,7.0,1.0,MEDIUM,7.0,94.66,1,True
9,British Grand Prix,LEC,8.0,1.0,MEDIUM,8.0,94.342,1,True
9,British Grand Prix,LEC,9.0,1.0,MEDIUM,9.0,94.452,1,True
9,British Grand Prix,LEC,10.0,1.0,MEDIUM,10.0,94.302,1,True
9,British Grand Prix,LEC,11.0,1.0,MEDIUM,11.0,94.614,1,True
9,British Grand Prix,LEC,12.0,1.0,MEDIUM,12.0,94.346,1,True
9,British Grand Prix,LEC,13.0,1.0,MEDIUM,13.0,94.46,1,True
9,British Grand Prix,LEC,14.0,1.0,MEDIUM,14.0,94.149,1,True
9,British Grand Prix,LEC,15.0,1.0,MEDIUM,15.0,93.964,1,True
9,British Grand Prix,LEC,16.0,1.0,MEDIUM,16.0,94.403,1,True
9,British Grand Prix,LEC,17.0,1.0,MEDIUM,17.0,94.238,1,True
9,British Grand Prix,LEC,18.0,1.0,MEDIUM,18.0,94.567,1,True
9,British Grand Prix,LEC,19.0,1.0,MEDIUM,19.0,94.66,1,True
9,British Grand Prix,LEC,20.0,1.0,MEDIUM,20.0,94.33,1,True
9,British Grand Prix,LEC,21.0,1.0,MEDIUM,21.0,94.291,1,True
9,British Grand Prix,LEC,22.0,1.0,MEDIUM,22.0,103.978,167,False
9,British Grand Prix,LEC,23.0,1.0,MEDIUM,23.0,94.457,1,True
9,British Grand Prix,LEC,24.0,1.0,MEDIUM,24.0,94.316,1,True
9,British Grand Prix,LEC,25.0,1.0,MEDIUM,25.0,94.043,1,False
9,British Grand Prix,LEC,26.0,2.0,HARD,1.0,113.087,1,False
9,British Grand Prix,LEC,27.0,2.0,HARD,2.0,92.951,1,True
9,British Grand Prix,LEC,28.0,2.0,HARD,3.0,93.427,1,True
9,British Grand Prix,LEC,29.0,2.0,HARD,4.0,93.007,1,True
9,British Grand Prix,LEC,30.0,2.0,HARD,5.0,93.26,1,True
9,British Grand Prix,LEC,31.0,2.0,HARD,6.0,93.347,1,True
9,British Grand Prix,LEC,32.0,2.0,HARD,7.0,93.072,1,True
9,British Grand Prix,LEC,33.0,2.0,HARD,8.0,93.392,1,True
9,British Grand Prix,LEC,34.0,2.0,HARD,9.0,93.247,1,True
9,British Grand Prix,LEC,35.0,2.0,HARD,10.0,93.335,1,True
9,British Grand Prix,LEC,36.0,2.0,HARD,11.0,93.448,1,True
9,British Grand Prix,LEC,37.0,2.0,HARD,12.0,93.449,1,True
9,British Grand Prix,LEC,38.0,2.0,HARD,13.0,93.309,12,False
9,British Grand Prix,LEC,39.0,2.0,HARD,14.0,116.733,2671,False
9,British Grand Prix,LEC,40.0,2.0,HARD,15.0,93.101,1,True
9,British Grand Prix,LEC,41.0,2.0,HARD,16.0,92.893,1,True
9,British Grand Prix,LEC,42.0,2.0,HARD,17.0,93.422,1,True
9,British Grand Prix,LEC,43.0,2.0,HARD,18.0,92.871,1,True
9,British Grand Prix,LEC,44.0,2.0,HARD,19.0,93.09,1,True
9,British Grand Prix,LEC,45.0,2.0,HARD,20.0,92.89,1,True
9,British Grand Prix,LEC,46.0,2.0,HARD,21.0,93.385,1,True
9,British Grand Prix,LEC,47.0,2.0,HARD,22.0,93.275,1,True
9,British Grand Prix,LEC,48.0,2.0,HARD,23.0,114.61,124,False
9,British Grand Prix,LEC,49.0,3.0,SOFT,4.0,,4,False
9,British Grand Prix,LEC,50.0,3.0,SOFT,5.0,,4,False
9,British Grand Prix,LEC,51.0,3.0,SOFT,6.0,,4,False
9,British Grand Prix,LEC,52.0,3.0,SOFT,7.0,143.771,4,False
9,British Grand Prix,STR,1.0,1.0,MEDIUM,1.0,108.01,12,False
9,British Grand Prix,STR,2.0,1.0,MEDIUM,2.0,99.889,12,False
9,British Grand Prix,STR,3.0,1.0,MEDIUM,3.0,98.764,1,True
9,British Grand Prix,STR,4.0,1.0,MEDIUM,4.0,99.417,1,True
9,British Grand Prix,STR,5.0,1.0,MEDIUM,5.0,98.909,1,True
9,British Grand Prix,STR,6.0,1.0,MEDIUM,6.0,99.129,1,True
9,British Grand Prix,STR,7.0,1.0,MEDIUM,7.0,98.907,1,True
9,British Grand Prix,STR,8.0,1.0,MEDIUM,8.0,99.493,1,True
9,British Grand Prix,STR,9.0,1.0,MEDIUM,9.0,99.331,1,True
9,British Grand Prix,STR,10.0,1.0,MEDIUM,10.0,99.256,1,True
9,British Grand Prix,STR,11.0,1.0,MEDIUM,11.0,99.195,1,True
9,British Grand Prix,STR,12.0,1.0,MEDIUM,12.0,98.983,1,True
9,British Grand Prix,STR,13.0,1.0,MEDIUM,13.0,99.005,1,True
9,British Grand Prix,STR,14.0,1.0,MEDIUM,14.0,99.034,1,True
9,British Grand Prix,STR,15.0,1.0,MEDIUM,15.0,99.617,1,True
9,British Grand Prix,STR,16.0,1.0,MEDIUM,16.0,99.129,1,True
9,British Grand Prix,STR,17.0,1.0,MEDIUM,17.0,99.335,1,True
9,British Grand Prix,STR,18.0,1.0,MEDIUM,18.0,98.555,1,False
9,British Grand Prix,STR,19.0,2.0,HARD,1.0,117.914,1,False
9,British Grand Prix,STR,20.0,2.0,HARD,2.0,98.266,1,True
9,British Grand Prix,STR,21.0,2.0,HARD,3.0,108.393,167,False
9,British Grand Prix,STR,22.0,2.0,HARD,4.0,99.207,1,True
9,British Grand Prix,STR,23.0,2.0,HARD,5.0,98.142,1,True
9,British Grand Prix,STR,24.0,2.0,HARD,6.0,101.329,1,True
9,British Grand Prix,STR,25.0,2.0,HARD,7.0,99.245,1,True
9,British Grand Prix,STR,26.0,2.0,HARD,8.0,97.697,1,True
9,British Grand Prix,STR,27.0,2.0,HARD,9.0,98.034,1,True
9,British Grand Prix,STR,28.0,2.0,HARD,10.0,97.9,1,True
9,British Grand Prix,STR,29.0,2.0,HARD,11.0,98.909,1,True
9,British Grand Prix,STR,30.0,2.0,HARD,12.0,98.796,1,True
9,British Grand Prix,STR,31.0,2.0,HARD,13.0,98.108,1,True
9,British Grand Prix,STR,32.0,2.0,HARD,14.0,97.735,1,True
9,British Grand Prix,STR,33.0,2.0,HARD,15.0,98.557,1,True
9,British Grand Prix,STR,34.0,2.0,HARD,16.0,98.884,1,True
9,British Grand Prix,STR,35.0,2.0,HARD,17.0,97.272,1,True
9,British Grand Prix,STR,36.0,2.0,HARD,18.0,97.796,12,False
9,British Grand Prix,STR,37.0,2.0,HARD,19.0,119.566,2671,False
9,British Grand Prix,STR,38.0,2.0,HARD,20.0,97.286,1,True
9,British Grand Prix,STR,39.0,2.0,HARD,21.0,98.264,1,True
9,British Grand Prix,STR,40.0,2.0,HARD,22.0,97.36,1,True
9,British Grand Prix,STR,41.0,2.0,HARD,23.0,97.232,1,True
9,British Grand Prix,STR,42.0,2.0,HARD,24.0,100.212,1,True
9,British Grand Prix,STR,43.0,2.0,HARD,25.0,97.51,1,True
9,British Grand Prix,STR,44.0,2.0,HARD,26.0,97.703,1,True
9,British Grand Prix,STR,45.0,2.0,HARD,27.0,101.932,124,False
9,British Grand Prix,STR,46.0,2.0,HARD,28.0,123.014,4,False
9,British Grand Prix,STR,47.0,3.0,SOFT,1.0,,4,False
9,British Grand Prix,STR,48.0,3.0,SOFT,2.0,136.94,4,False
9,British Grand Prix,STR,49.0,3.0,SOFT,3.0,110.413,4,False
9,British Grand Prix,STR,50.0,3.0,SOFT,4.0,98.245,4,False
9,British Grand Prix,STR,51.0,3.0,SOFT,5.0,105.831,4,False
9,British Grand Prix,ALB,1.0,1.0,MEDIUM,1.0,142.352,12,False
9,British Grand Prix,ALB,2.0,2.0,HARD,1.0,133.382,12,False
9,British Grand Prix,ALB,3.0,2.0,HARD,2.0,95.816,1,True
9,British Grand Prix,ALB,4.0,2.0,HARD,3.0,96.46,1,True
9,British Grand Prix,ALB,5.0,2.0,HARD,4.0,96.299,1,True
9,British Grand Prix,ALB,6.0,2.0,HARD,5.0,98.07,1,True
9,British Grand Prix,ALB,7.0,2.0,HARD,6.0,105.128,1,True
9,British Grand Prix,ALB,8.0,2.0,HARD,7.0,97.882,1,True
9,British Grand Prix,ALB,9.0,2.0,HARD,8.0,97.185,1,True
9,British Grand Prix,ALB,10.0,2.0,HARD,9.0,97.124,1,True
9,British Grand Prix,ALB,11.0,2.0,HARD,10.0,97.148,1,True
9,British Grand Prix,ALB,12.0,2.0,HARD,11.0,100.539,1,True
9,British Grand Prix,ALB,13.0,2.0,HARD,12.0,99.328,1,True
9,British Grand Prix,ALB,14.0,2.0,HARD,13.0,96.301,1,False
9,British Grand Prix,ALB,15.0,3.0,MEDIUM,8.0,130.478,1,False
9,British Grand Prix,ALB,16.0,3.0,MEDIUM,9.0,96.453,1,True
9,British Grand Prix,ALB,17.0,3.0,MEDIUM,10.0,96.659,1,True
9,British Grand Prix,ALB,18.0,3.0,MEDIUM,11.0,96.373,1,True
9,British Grand Prix,ALB,19.0,3.0,MEDIUM,12.0,96.387,1,True
9,British Grand Prix,ALB,20.0,3.0,MEDIUM,13.0,109.164,167,False
9,British Grand Prix,ALB,21.0,3.0,MEDIUM,14.0,96.902,1,True
9,British Grand Prix,ALB,22.0,3.0,MEDIUM,15.0,96.85,1,True
9,British Grand Prix,ALB,23.0,3.0,MEDIUM,16.0,95.696,1,False
9,British Grand Prix,ALB,24.0,4.0,SOFT,3.0,131.274,1,False
9,British Grand Prix,ALB,25.0,4.0,SOFT,4.0,94.897,1,True
9,British Grand Prix,ALB,26.0,4.0,SOFT,5.0,95.09,1,True
9,British Grand Prix,ALB,27.0,4.0,SOFT,6.0,95.574,1,True
9,British Grand Prix,ALB,28.0,4.0,SOFT,7.0,95.493,1,True
9,British Grand Prix,ALB,29.0,4.0,SOFT,8.0,95.253,1,True
9,British Grand Prix,ALB,30.0,4.0,SOFT,9.0,97.374,1,True
9,British Grand Prix,ALB,31.0,4.0,SOFT,10.0,97.85,1,True
9,British Grand Prix,ALB,32.0,4.0,SOFT,11.0,95.828,1,True
9,British Grand Prix,ALB,33.0,4.0,SOFT,12.0,95.737,1,True
9,British Grand Prix,ALB,34.0,4.0,SOFT,13.0,95.537,1,True
9,British Grand Prix,ALB,35.0,4.0,SOFT,14.0,94.973,1,False
9,British Grand Prix,ALB,36.0,5.0,SOFT,4.0,141.237,1267,False
9,British Grand Prix,ALB,37.0,5.0,SOFT,5.0,98.129,71,False
9,British Grand Prix,ALB,38.0,5.0,SOFT,6.0,94.169,1,True
9,British Grand Prix,ALB,39.0,5.0,SOFT,7.0,94.562,1,True
9,British Grand Prix,ALB,40.0,5.0,SOFT,8.0,94.492,1,False
9,British Grand Prix,ALB,41.0,6.0,SOFT,4.0,119.819,1,False
9,British Grand Prix,ALB,42.0,6.0,SOFT,5.0,93.867,1,True
9,British Grand Prix,ALB,43.0,6.0,SOFT,6.0,98.689,1,False
9,British Grand Prix,HUL,1.0,1.0,MEDIUM,1.0,105.779,12,False
9,British Grand Prix,HUL,2.0,1.0,MEDIUM,2.0,104.639,12,False
9,British Grand Prix,HUL,3.0,1.0,MEDIUM,3.0,96.803,1,True
9,British Grand Prix,HUL,4.0,1.0,MEDIUM,4.0,96.654,1,True
9,British Grand Prix,HUL,5.0,1.0,MEDIUM,5.0,96.676,1,True
9,British Grand Prix,HUL,6.0,1.0,MEDIUM,6.0,96.766,1,True
9,British Grand Prix,HUL,7.0,1.0,MEDIUM,7.0,96.294,1,True
9,British Grand Prix,HUL,8.0,1.0,MEDIUM,8.0,97.217,1,True
9,British Grand Prix,HUL,9.0,1.0,MEDIUM,9.0,96.884,1,True
9,British Grand Prix,HUL,10.0,1.0,MEDIUM,10.0,96.607,1,True
9,British Grand Prix,HUL,11.0,1.0,MEDIUM,11.0,96.774,1,True
9,British Grand Prix,HUL,12.0,1.0,MEDIUM,12.0,96.055,1,True
9,British Grand Prix,HUL,13.0,1.0,MEDIUM,13.0,96.758,1,True
9,British Grand Prix,HUL,14.0,1.0,MEDIUM,14.0,96.095,1,True
9,British Grand Prix,HUL,15.0,1.0,MEDIUM,15.0,95.853,1,True
9,British Grand Prix,HUL,16.0,1.0,MEDIUM,16.0,95.962,1,True
9,British Grand Prix,HUL,17.0,1.0,MEDIUM,17.0,95.32,1,False
9,British Grand Prix,HUL,18.0,2.0,HARD,1.0,117.052,1,False
9,British Grand Prix,HUL,19.0,2.0,HARD,2.0,95.979,1,True
9,British Grand Prix,HUL,20.0,2.0,HARD,3.0,95.386,1,True
9,British Grand Prix,HUL,21.0,2.0,HARD,4.0,105.144,167,False
9,British Grand Prix,HUL,22.0,2.0,HARD,5.0,95.115,1,True
9,British Grand Prix,HUL,23.0,2.0,HARD,6.0,95.077,1,True
9,British Grand Prix,HUL,24.0,2.0,HARD,7.0,96.02,1,True
9,British Grand Prix,HUL,25.0,2.0,HARD,8.0,95.04,1,True
9,British Grand Prix,HUL,26.0,2.0,HARD,9.0,95.073,1,True
9,British Grand Prix,HUL,27.0,2.0,HARD,10.0,95.019,1,True
9,British Grand Prix,HUL,28.0,2.0,HARD,11.0,94.584,1,True
9,British Grand Prix,HUL,29.0,2.0,HARD,12.0,94.554,1,True
9,British Grand Prix,HUL,30.0,2.0,HARD,13.0,94.758,1,True
9,British Grand Prix,HUL,31.0,2.0,HARD,14.0,94.783,1,True
9,British Grand Prix,HUL,32.0,2.0,HARD,15.0,95.08,1,True
9,British Grand Prix,HUL,33.0,2.0,HARD,16.0,94.947,1,True
9,British Grand Prix,HUL,34.0,2.0,HARD,17.0,95.7,1,False
9,British Grand Prix,HUL,35.0,3.0,SOFT,1.0,119.552,1,False
9,British Grand Prix,HUL,36.0,3.0,SOFT,2.0,93.433,1,True
9,British Grand Prix,HUL,37.0,3.0,SOFT,3.0,,126,False
9,British Grand Prix,VER,1.0,1.0,MEDIUM,1.0,99.3,12,False
9,British Grand Prix,VER,2.0,1.0,MEDIUM,2.0,94.919,12,False
9,British Grand Prix,VER,3.0,1.0,MEDIUM,3.0,95.127,1,True
9,British Grand Prix,VER,4.0,1.0,MEDIUM,4.0,94.726,1,True
9,British Grand Prix,VER,5.0,1.0,MEDIUM,5.0,94.801,1,True
9,British Grand Prix,VER,6.0,1.0,MEDIUM,6.0,94.588,1,True
9,British Grand Prix,VER,7.0,1.0,MEDIUM,7.0,94.514,1,True
9,British Grand Prix,VER,8.0,1.0,MEDIUM,8.0,94.675,1,True
9,British Grand Prix,VER,9.0,1.0,MEDIUM,9.0,94.948,1,True
9,British Grand Prix,VER,10.0,1.0,MEDIUM,10.0,95.103,1,True
9,British Grand Prix,VER,11.0,1.0,MEDIUM,11.0,94.835,1,True
9,British Grand Prix,VER,12.0,1.0,MEDIUM,12.0,94.909,1,True
9,British Grand Prix,VER,13.0,1.0,MEDIUM,13.0,94.979,1,True
9,British Grand Prix,VER,14.0,1.0,MEDIUM,14.0,94.55,1,True
9,British Grand Prix,VER,15.0,1.0,MEDIUM,15.0,94.57,1,True
9,British Grand Prix,VER,16.0,1.0,MEDIUM,16.0,94.758,1,True
9,British Grand Prix,VER,17.0,1.0,MEDIUM,17.0,94.07,1,False
9,British Grand Prix,VER,18.0,2.0,HARD,1.0,113.805,1,False
9,British Grand Prix,VER,19.0,2.0,HARD,2.0,93.562,1,True
9,British Grand Prix,VER,20.0,2.0,HARD,3.0,93.619,1,True
9,British Grand Prix,VER,21.0,2.0,HARD,4.0,94.135,1,True
9,British Grand Prix,VER,22.0,2.0,HARD,5.0,104.865,167,False
9,British Grand Prix,VER,23.0,2.0,HARD,6.0,94.258,1,True
9,British Grand Prix,VER,24.0,2.0,HARD,7.0,94.135,1,True
9,British Grand Prix,VER,25.0,2.0,HARD,8.0,93.964,1,True
9,British Grand Prix,VER,26.0,2.0,HARD,9.0,94.028,1,True
9,British Grand Prix,VER,27.0,2.0,HARD,10.0,94.143,1,True
9,British Grand Prix,VER,28.0,2.0,HARD,11.0,93.823,1,True
9,British Grand Prix,VER,29.0,2.0,HARD,12.0,94.05,1,True
9,British Grand Prix,VER,30.0,2.0,HARD,13.0,93.973,1,True
9,British Grand Prix,VER,31.0,2.0,HARD,14.0,93.958,1,True
9,British Grand Prix,VER,32.0,2.0,HARD,15.0,94.209,1,True
9,British Grand Prix,VER,33.0,2.0,HARD,16.0,94.313,1,True
9,British Grand Prix,VER,34.0,2.0,HARD,17.0,94.444,1,True
9,British Grand Prix,VER,35.0,2.0,HARD,18.0,93.739,1,True
9,British Grand Prix,VER,36.0,2.0,HARD,19.0,93.951,1,True
9,British Grand Prix,VER,37.0,2.0,HARD,20.0,94.272,1,True
9,British Grand Prix,VER,38.0,2.0,HARD,21.0,94.716,126,False
9,British Grand Prix,VER,39.0,3.0,MEDIUM,1.0,126.998,671,False
9,British Grand Prix,VER,40.0,3.0,MEDIUM,2.0,92.101,1,True
9,British Grand Prix,VER,41.0,3.0,MEDIUM,3.0,92.935,1,True
9,British Grand Prix,VER,42.0,3.0,MEDIUM,4.0,92.544,1,True
9,British Grand Prix,VER,43.0,3.0,MEDIUM,5.0,92.621,1,True
9,British Grand Prix,VER,44.0,3.0,MEDIUM,6.0,92.39,1,True
9,British Grand Prix,VER,45.0,3.0,MEDIUM,7.0,92.873,1,True
9,British Grand Prix,VER,46.0,3.0,MEDIUM,8.0,92.907,1,True
9,British Grand Prix,VER,47.0,3.0,MEDIUM,9.0,,124,False
9,British Grand Prix,LAW,1.0,1.0,MEDIUM,1.0,101.28,12,False
9,British Grand Prix,LAW,2.0,1.0,MEDIUM,2.0,96.083,12,False
9,British Grand Prix,LAW,3.0,1.0,MEDIUM,3.0,96.255,1,True
9,British Grand Prix,LAW,4.0,1.0,MEDIUM,4.0,95.707,1,True
9,British Grand Prix,LAW,5.0,1.0,MEDIUM,5.0,95.639,1,True
9,British Grand Prix,LAW,6.0,1.0,MEDIUM,6.0,95.737,1,True
9,British Grand Prix,LAW,7.0,1.0,MEDIUM,7.0,96.097,1,True
9,British Grand Prix,LAW,8.0,1.0,MEDIUM,8.0,95.971,1,True
9,British Grand Prix,LAW,9.0,1.0,MEDIUM,9.0,96.326,1,True
9,British Grand Prix,LAW,10.0,1.0,MEDIUM,10.0,96.255,1,True
9,British Grand Prix,LAW,11.0,1.0,MEDIUM,11.0,96.158,1,True
9,British Grand Prix,LAW,12.0,1.0,MEDIUM,12.0,96.401,1,True
9,British Grand Prix,LAW,13.0,1.0,MEDIUM,13.0,95.831,1,True
9,British Grand Prix,LAW,14.0,1.0,MEDIUM,14.0,95.903,1,True
9,British Grand Prix,LAW,15.0,1.0,MEDIUM,15.0,95.66,1,True
9,British Grand Prix,LAW,16.0,1.0,MEDIUM,16.0,95.721,1,True
9,British Grand Prix,LAW,17.0,1.0,MEDIUM,17.0,95.603,1,True
9,British Grand Prix,LAW,18.0,1.0,MEDIUM,18.0,95.81,1,True
9,British Grand Prix,LAW,19.0,1.0,MEDIUM,19.0,95.688,1,True
9,British Grand Prix,LAW,20.0,1.0,MEDIUM,20.0,95.635,1,True
9,British Grand Prix,LAW,21.0,1.0,MEDIUM,21.0,95.607,1,True
9,British Grand Prix,LAW,22.0,1.0,MEDIUM,22.0,105.658,167,False
9,British Grand Prix,LAW,23.0,1.0,MEDIUM,23.0,96.051,1,True
9,British Grand Prix,LAW,24.0,1.0,MEDIUM,24.0,95.788,1,True
9,British Grand Prix,LAW,25.0,1.0,MEDIUM,25.0,96.438,1,True
9,British Grand Prix,LAW,26.0,1.0,MEDIUM,26.0,95.447,1,True
9,British Grand Prix,LAW,27.0,1.0,MEDIUM,27.0,95.183,1,True
9,British Grand Prix,LAW,28.0,1.0,MEDIUM,28.0,94.425,1,False
9,British Grand Prix,LAW,29.0,2.0,HARD,1.0,115.256,1,False
9,British Grand Prix,LAW,30.0,2.0,HARD,2.0,94.445,1,True
9,British Grand Prix,LAW,31.0,2.0,HARD,3.0,94.099,1,True
9,British Grand Prix,LAW,32.0,2.0,HARD,4.0,93.938,1,True
9,British Grand Prix,LAW,33.0,2.0,HARD,5.0,93.857,1,True
9,British Grand Prix,LAW,34.0,2.0,HARD,6.0,93.867,1,True
9,British Grand Prix,LAW,35.0,2.0,HARD,7.0,94.178,1,True
9,British Grand Prix,LAW,36.0,2.0,HARD,8.0,94.238,1,True
9,British Grand Prix,LAW,37.0,2.0,HARD,9.0,93.943,1,True
9,British Grand Prix,LAW,38.0,2.0,HARD,10.0,111.89,126,False
9,British Grand Prix,LAW,39.0,2.0,HARD,11.0,98.314,671,False
9,British Grand Prix,LAW,40.0,2.0,HARD,12.0,93.912,1,True
9,British Grand Prix,LAW,41.0,2.0,HARD,13.0,94.246,1,True
9,British Grand Prix,LAW,42.0,2.0,HARD,14.0,93.804,1,True
9,British Grand Prix,LAW,43.0,2.0,HARD,15.0,94.026,1,True
9,British Grand Prix,LAW,44.0,2.0,HARD,16.0,93.705,1,True
9,British Grand Prix,LAW,45.0,2.0,HARD,17.0,93.648,1,True
9,British Grand Prix,LAW,46.0,2.0,HARD,18.0,93.918,1,True
9,British Grand Prix,LAW,47.0,2.0,HARD,19.0,106.438,124,False
9,British Grand Prix,LAW,48.0,3.0,SOFT,4.0,139.319,4,False
9,British Grand Prix,LAW,49.0,3.0,SOFT,5.0,112.541,4,False
9,British Grand Prix,LAW,50.0,3.0,SOFT,6.0,135.984,4,False
9,British Grand Prix,LAW,51.0,3.0,SOFT,7.0,,4,False
9,British Grand Prix,LAW,52.0,3.0,SOFT,8.0,141.87,4,False
9,British Grand Prix,OCO,1.0,1.0,MEDIUM,1.0,104.681,12,False
9,British Grand Prix,OCO,2.0,1.0,MEDIUM,2.0,97.203,12,False
9,British Grand Prix,OCO,3.0,1.0,MEDIUM,3.0,97.122,1,True
9,British Grand Prix,OCO,4.0,1.0,MEDIUM,4.0,96.797,1,True
9,British Grand Prix,OCO,5.0,1.0,MEDIUM,5.0,97.673,1,True
9,British Grand Prix,OCO,6.0,1.0,MEDIUM,6.0,97.297,1,True
9,British Grand Prix,OCO,7.0,1.0,MEDIUM,7.0,96.697,1,True
9,British Grand Prix,OCO,8.0,1.0,MEDIUM,8.0,97.005,1,True
9,British Grand Prix,OCO,9.0,1.0,MEDIUM,9.0,97.375,1,True
9,British Grand Prix,OCO,10.0,1.0,MEDIUM,10.0,97.684,1,True
9,British Grand Prix,OCO,11.0,1.0,MEDIUM,11.0,97.088,1,True
9,British Grand Prix,OCO,12.0,1.0,MEDIUM,12.0,97.021,1,True
9,British Grand Prix,OCO,13.0,1.0,MEDIUM,13.0,96.689,1,True
9,British Grand Prix,OCO,14.0,1.0,MEDIUM,14.0,96.866,1,True
9,British Grand Prix,OCO,15.0,1.0,MEDIUM,15.0,96.67,1,True
9,British Grand Prix,OCO,16.0,1.0,MEDIUM,16.0,97.073,1,True
9,British Grand Prix,OCO,17.0,1.0,MEDIUM,17.0,97.263,1,True
9,British Grand Prix,OCO,18.0,1.0,MEDIUM,18.0,96.953,1,True
9,British Grand Prix,OCO,19.0,1.0,MEDIUM,19.0,96.765,1,True
9,British Grand Prix,OCO,20.0,1.0,MEDIUM,20.0,96.514,1,True
9,British Grand Prix,OCO,21.0,1.0,MEDIUM,21.0,100.308,167,False
9,British Grand Prix,OCO,22.0,2.0,HARD,1.0,133.694,71,False
9,British Grand Prix,OCO,23.0,2.0,HARD,2.0,96.507,1,True
9,British Grand Prix,OCO,24.0,2.0,HARD,3.0,95.533,1,True
9,British Grand Prix,OCO,25.0,2.0,HARD,4.0,95.738,1,True
9,British Grand Prix,OCO,26.0,2.0,HARD,5.0,95.711,1,True
9,British Grand Prix,OCO,27.0,2.0,HARD,6.0,95.844,1,True
9,British Grand Prix,OCO,28.0,2.0,HARD,7.0,95.946,1,True
9,British Grand Prix,OCO,29.0,2.0,HARD,8.0,95.893,1,True
9,British Grand Prix,OCO,30.0,2.0,HARD,9.0,97.178,1,True
9,British Grand Prix,OCO,31.0,2.0,HARD,10.0,95.36,1,True
9,British Grand Prix,OCO,32.0,2.0,HARD,11.0,95.614,1,True
9,British Grand Prix,OCO,33.0,2.0,HARD,12.0,95.41,1,True
9,British Grand Prix,OCO,34.0,2.0,HARD,13.0,96.252,1,True
9,British Grand Prix,OCO,35.0,2.0,HARD,14.0,95.455,1,True
9,British Grand Prix,OCO,36.0,2.0,HARD,15.0,95.142,1,True
9,British Grand Prix,OCO,37.0,2.0,HARD,16.0,100.71,126,False
9,British Grand Prix,OCO,38.0,2.0,HARD,17.0,113.76,671,False
9,British Grand Prix,OCO,39.0,2.0,HARD,18.0,95.393,1,True
9,British Grand Prix,OCO,40.0,2.0,HARD,19.0,95.486,1,True
9,British Grand Prix,OCO,41.0,2.0,HARD,20.0,95.127,1,True
9,British Grand Prix,OCO,42.0,2.0,HARD,21.0,95.893,1,True
9,British Grand Prix,OCO,43.0,2.0,HARD,22.0,94.792,1,True
9,British Grand Prix,OCO,44.0,2.0,HARD,23.0,95.925,1,True
9,British Grand Prix,OCO,45.0,2.0,HARD,24.0,94.896,1,True
9,British Grand Prix,OCO,46.0,2.0,HARD,25.0,101.821,124,False
9,British Grand Prix,OCO,47.0,2.0,HARD,26.0,126.003,4,False
9,British Grand Prix,OCO,48.0,3.0,SOFT,1.0,145.596,4,False
9,British Grand Prix,OCO,49.0,3.0,SOFT,2.0,142.847,4,False
9,British Grand Prix,OCO,50.0,3.0,SOFT,3.0,102.089,4,False
9,British Grand Prix,OCO,51.0,3.0,SOFT,4.0,95.859,4,False
9,British Grand Prix,OCO,52.0,3.0,SOFT,5.0,116.629,4,False
9,British Grand Prix,LIN,1.0,1.0,MEDIUM,1.0,103.006,12,False
9,British Grand Prix,LIN,2.0,1.0,MEDIUM,2.0,96.203,12,False
9,British Grand Prix,LIN,3.0,1.0,MEDIUM,3.0,95.959,1,True
9,British Grand Prix,LIN,4.0,1.0,MEDIUM,4.0,95.642,1,True
9,British Grand Prix,LIN,5.0,1.0,MEDIUM,5.0,95.73,1,True
9,British Grand Prix,LIN,6.0,1.0,MEDIUM,6.0,95.824,1,True
9,British Grand Prix,LIN,7.0,1.0,MEDIUM,7.0,95.972,1,True
9,British Grand Prix,LIN,8.0,1.0,MEDIUM,8.0,96.144,1,True
9,British Grand Prix,LIN,9.0,1.0,MEDIUM,9.0,96.4,1,True
9,British Grand Prix,LIN,10.0,1.0,MEDIUM,10.0,96.249,1,True
9,British Grand Prix,LIN,11.0,1.0,MEDIUM,11.0,96.093,1,True
9,British Grand Prix,LIN,12.0,1.0,MEDIUM,12.0,95.905,1,True
9,British Grand Prix,LIN,13.0,1.0,MEDIUM,13.0,96.167,1,True
9,British Grand Prix,LIN,14.0,1.0,MEDIUM,14.0,95.72,1,True
9,British Grand Prix,LIN,15.0,1.0,MEDIUM,15.0,95.448,1,True
9,British Grand Prix,LIN,16.0,1.0,MEDIUM,16.0,95.99,1,True
9,British Grand Prix,LIN,17.0,1.0,MEDIUM,17.0,95.751,1,True
9,British Grand Prix,LIN,18.0,1.0,MEDIUM,18.0,95.857,1,True
9,British Grand Prix,LIN,19.0,1.0,MEDIUM,19.0,95.923,1,True
9,British Grand Prix,LIN,20.0,1.0,MEDIUM,20.0,95.841,1,True
9,British Grand Prix,LIN,21.0,1.0,MEDIUM,21.0,95.779,16,False
9,British Grand Prix,LIN,22.0,1.0,MEDIUM,22.0,106.791,671,False
9,British Grand Prix,LIN,23.0,1.0,MEDIUM,23.0,96.608,1,True
9,British Grand Prix,LIN,24.0,1.0,MEDIUM,24.0,95.523,1,True
9,British Grand Prix,LIN,25.0,1.0,MEDIUM,25.0,95.82,1,True
9,British Grand Prix,LIN,26.0,1.0,MEDIUM,26.0,95.523,1,True
9,British Grand Prix,LIN,27.0,1.0,MEDIUM,27.0,94.582,1,False
9,British Grand Prix,LIN,28.0,2.0,HARD,1.0,115.314,1,False
9,British Grand Prix,LIN,29.0,2.0,HARD,2.0,93.632,1,True
9,British Grand Prix,LIN,30.0,2.0,HARD,3.0,93.928,1,True
9,British Grand Prix,LIN,31.0,2.0,HARD,4.0,93.748,1,True
9,British Grand Prix,LIN,32.0,2.0,HARD,5.0,93.919,1,True
9,British Grand Prix,LIN,33.0,2.0,HARD,6.0,93.853,1,True
9,British Grand Prix,LIN,34.0,2.0,HARD,7.0,94.074,1,True
9,British Grand Prix,LIN,35.0,2.0,HARD,8.0,94.158,1,True
9,British Grand Prix,LIN,36.0,2.0,HARD,9.0,94.38,1,True
9,British Grand Prix,LIN,37.0,2.0,HARD,10.0,94.247,1,True
9,British Grand Prix,LIN,38.0,2.0,HARD,11.0,113.527,1267,False
9,British Grand Prix,LIN,39.0,2.0,HARD,12.0,97.215,71,False
9,British Grand Prix,LIN,40.0,2.0,HARD,13.0,94.136,1,True
9,British Grand Prix,LIN,41.0,2.0,HARD,14.0,94.369,1,True
9,British Grand Prix,LIN,42.0,2.0,HARD,15.0,94.11,1,True
9,British Grand Prix,LIN,43.0,2.0,HARD,16.0,94.576,1,True
9,British Grand Prix,LIN,44.0,2.0,HARD,17.0,94.327,1,True
9,British Grand Prix,LIN,45.0,2.0,HARD,18.0,94.039,1,True
9,British Grand Prix,LIN,46.0,2.0,HARD,19.0,94.257,1,True
9,British Grand Prix,LIN,47.0,2.0,HARD,20.0,104.765,124,False
9,British Grand Prix,LIN,48.0,3.0,SOFT,4.0,145.651,4,False
9,British Grand Prix,LIN,49.0,3.0,SOFT,5.0,106.269,4,False
9,British Grand Prix,LIN,50.0,3.0,SOFT,6.0,133.907,4,False
9,British Grand Prix,LIN,51.0,3.0,SOFT,7.0,,4,False
9,British Grand Prix,LIN,52.0,3.0,SOFT,8.0,141.471,4,False
9,British Grand Prix,COL,1.0,1.0,MEDIUM,1.0,106.174,12,False
9,British Grand Prix,COL,2.0,1.0,MEDIUM,2.0,97.205,12,False
9,British Grand Prix,COL,3.0,1.0,MEDIUM,3.0,96.677,1,True
9,British Grand Prix,COL,4.0,1.0,MEDIUM,4.0,96.311,1,True
9,British Grand Prix,COL,5.0,1.0,MEDIUM,5.0,96.694,1,True
9,British Grand Prix,COL,6.0,1.0,MEDIUM,6.0,97.119,1,True
9,British Grand Prix,COL,7.0,1.0,MEDIUM,7.0,96.459,1,True
9,British Grand Prix,COL,8.0,1.0,MEDIUM,8.0,97.208,1,True
9,British Grand Prix,COL,9.0,1.0,MEDIUM,9.0,96.548,1,True
9,British Grand Prix,COL,10.0,1.0,MEDIUM,10.0,97.468,1,True
9,British Grand Prix,COL,11.0,1.0,MEDIUM,11.0,96.477,1,True
9,British Grand Prix,COL,12.0,1.0,MEDIUM,12.0,96.843,1,True
9,British Grand Prix,COL,13.0,1.0,MEDIUM,13.0,96.073,1,True
9,British Grand Prix,COL,14.0,1.0,MEDIUM,14.0,95.917,1,True
9,British Grand Prix,COL,15.0,1.0,MEDIUM,15.0,95.857,1,True
9,British Grand Prix,COL,16.0,1.0,MEDIUM,16.0,96.579,1,True
9,British Grand Prix,COL,17.0,1.0,MEDIUM,17.0,96.239,1,True
9,British Grand Prix,COL,18.0,1.0,MEDIUM,18.0,96.248,1,True
9,British Grand Prix,COL,19.0,1.0,MEDIUM,19.0,96.072,1,True
9,British Grand Prix,COL,20.0,1.0,MEDIUM,20.0,95.78,1,True
9,British Grand Prix,COL,21.0,1.0,MEDIUM,21.0,100.468,16,False
9,British Grand Prix,COL,22.0,1.0,MEDIUM,22.0,99.303,671,False
9,British Grand Prix,COL,23.0,2.0,HARD,1.0,116.744,1,False
9,British Grand Prix,COL,24.0,2.0,HARD,2.0,94.712,1,True
9,British Grand Prix,COL,25.0,2.0,HARD,3.0,94.281,1,True
9,British Grand Prix,COL,26.0,2.0,HARD,4.0,94.712,1,True
9,British Grand Prix,COL,27.0,2.0,HARD,5.0,94.61,1,True
9,British Grand Prix,COL,28.0,2.0,HARD,6.0,94.652,1,True
9,British Grand Prix,COL,29.0,2.0,HARD,7.0,94.868,1,True
9,British Grand Prix,COL,30.0,2.0,HARD,8.0,94.744,1,True
9,British Grand Prix,COL,31.0,2.0,HARD,9.0,95.017,1,True
9,British Grand Prix,COL,32.0,2.0,HARD,10.0,96.267,1,True
9,British Grand Prix,COL,33.0,2.0,HARD,11.0,95.319,1,True
9,British Grand Prix,COL,34.0,2.0,HARD,12.0,95.707,1,True
9,British Grand Prix,COL,35.0,2.0,HARD,13.0,95.458,1,True
9,British Grand Prix,COL,36.0,2.0,HARD,14.0,95.137,1,True
9,British Grand Prix,COL,37.0,2.0,HARD,15.0,94.759,12,False
9,British Grand Prix,COL,38.0,2.0,HARD,16.0,117.349,2671,False
9,British Grand Prix,COL,39.0,2.0,HARD,17.0,94.609,1,True
9,British Grand Prix,COL,40.0,2.0,HARD,18.0,94.765,1,True
9,British Grand Prix,COL,41.0,2.0,HARD,19.0,94.718,1,True
9,British Grand Prix,COL,42.0,2.0,HARD,20.0,94.624,1,True
9,British Grand Prix,COL,43.0,2.0,HARD,21.0,94.785,1,True
9,British Grand Prix,COL,44.0,2.0,HARD,22.0,94.432,1,True
9,British Grand Prix,COL,45.0,2.0,HARD,23.0,94.565,1,True
9,British Grand Prix,COL,46.0,2.0,HARD,24.0,94.87,1,True
9,British Grand Prix,COL,47.0,2.0,HARD,25.0,112.11,124,False
9,British Grand Prix,COL,48.0,3.0,SOFT,1.0,142.491,4,False
9,British Grand Prix,COL,49.0,3.0,SOFT,2.0,106.198,4,False
9,British Grand Prix,COL,50.0,3.0,SOFT,3.0,109.756,4,False
9,British Grand Prix,COL,51.0,3.0,SOFT,4.0,,4,False
9,British Grand Prix,COL,52.0,3.0,SOFT,5.0,139.959,4,False
9,British Grand Prix,HAM,1.0,1.0,MEDIUM,1.0,96.912,12,False
9,British Grand Prix,HAM,2.0,1.0,MEDIUM,2.0,94.226,12,False
9,British Grand Prix,HAM,3.0,1.0,MEDIUM,3.0,94.05,1,True
9,British Grand Prix,HAM,4.0,1.0,MEDIUM,4.0,93.943,1,True
9,British Grand Prix,HAM,5.0,1.0,MEDIUM,5.0,94.755,1,True
9,British Grand Prix,HAM,6.0,1.0,MEDIUM,6.0,94.672,1,True
9,British Grand Prix,HAM,7.0,1.0,MEDIUM,7.0,94.735,1,True
9,British Grand Prix,HAM,8.0,1.0,MEDIUM,8.0,94.651,1,True
9,British Grand Prix,HAM,9.0,1.0,MEDIUM,9.0,95.009,1,True
9,British Grand Prix,HAM,10.0,1.0,MEDIUM,10.0,94.986,1,True
9,British Grand Prix,HAM,11.0,1.0,MEDIUM,11.0,95.741,1,True
9,British Grand Prix,HAM,12.0,1.0,MEDIUM,12.0,94.641,1,True
9,British Grand Prix,HAM,13.0,1.0,MEDIUM,13.0,94.778,1,True
9,British Grand Prix,HAM,14.0,1.0,MEDIUM,14.0,94.431,1,True
9,British Grand Prix,HAM,15.0,1.0,MEDIUM,15.0,94.761,1,True
9,British Grand Prix,HAM,16.0,1.0,MEDIUM,16.0,95.372,1,True
9,British Grand Prix,HAM,17.0,1.0,MEDIUM,17.0,95.107,1,True
9,British Grand Prix,HAM,18.0,1.0,MEDIUM,18.0,94.887,1,True
9,British Grand Prix,HAM,19.0,1.0,MEDIUM,19.0,94.606,1,True
9,British Grand Prix,HAM,20.0,1.0,MEDIUM,20.0,94.395,1,True
9,British Grand Prix,HAM,21.0,1.0,MEDIUM,21.0,94.801,1,True
9,British Grand Prix,HAM,22.0,1.0,MEDIUM,22.0,104.647,167,False
9,British Grand Prix,HAM,23.0,1.0,MEDIUM,23.0,94.245,1,False
9,British Grand Prix,HAM,24.0,2.0,HARD,1.0,119.696,1,False
9,British Grand Prix,HAM,25.0,2.0,HARD,2.0,92.309,1,True
9,British Grand Prix,HAM,26.0,2.0,HARD,3.0,92.667,1,True
9,British Grand Prix,HAM,27.0,2.0,HARD,4.0,92.916,1,True
9,British Grand Prix,HAM,28.0,2.0,HARD,5.0,92.922,1,True
9,British Grand Prix,HAM,29.0,2.0,HARD,6.0,94.747,1,True
9,British Grand Prix,HAM,30.0,2.0,HARD,7.0,93.207,1,True
9,British Grand Prix,HAM,31.0,2.0,HARD,8.0,94.738,1,True
9,British Grand Prix,HAM,32.0,2.0,HARD,9.0,93.746,1,True
9,British Grand Prix,HAM,33.0,2.0,HARD,10.0,93.882,1,True
9,British Grand Prix,HAM,34.0,2.0,HARD,11.0,93.896,1,True
9,British Grand Prix,HAM,35.0,2.0,HARD,12.0,94.034,1,True
9,British Grand Prix,HAM,36.0,2.0,HARD,13.0,93.993,1,True
9,British Grand Prix,HAM,37.0,2.0,HARD,14.0,93.738,1,True
9,British Grand Prix,HAM,38.0,2.0,HARD,15.0,99.294,126,False
9,British Grand Prix,HAM,39.0,2.0,HARD,16.0,111.594,671,False
9,British Grand Prix,HAM,40.0,2.0,HARD,17.0,93.742,1,True
9,British Grand Prix,HAM,41.0,2.0,HARD,18.0,93.421,1,True
9,British Grand Prix,HAM,42.0,2.0,HARD,19.0,93.337,1,True
9,British Grand Prix,HAM,43.0,2.0,HARD,20.0,93.029,1,True
9,British Grand Prix,HAM,44.0,2.0,HARD,21.0,93.042,1,True
9,British Grand Prix,HAM,45.0,2.0,HARD,22.0,92.783,1,True
9,British Grand Prix,HAM,46.0,2.0,HARD,23.0,92.973,1,True
9,British Grand Prix,HAM,47.0,2.0,HARD,24.0,93.06,12,False
9,British Grand Prix,HAM,48.0,2.0,HARD,25.0,121.755,24,False
9,British Grand Prix,HAM,49.0,3.0,SOFT,4.0,149.166,4,False
9,British Grand Prix,HAM,50.0,3.0,SOFT,5.0,,4,False
9,British Grand Prix,HAM,51.0,3.0,SOFT,6.0,,4,False
9,British Grand Prix,HAM,52.0,3.0,SOFT,7.0,143.14,4,False
9,British Grand Prix,BOR,1.0,1.0,MEDIUM,1.0,105.208,12,False
9,British Grand Prix,BOR,2.0,1.0,MEDIUM,2.0,96.134,12,False
9,British Grand Prix,BOR,3.0,1.0,MEDIUM,3.0,96.169,1,True
9,British Grand Prix,BOR,4.0,1.0,MEDIUM,4.0,96.262,1,True
9,British Grand Prix,BOR,5.0,1.0,MEDIUM,5.0,96.569,1,True
9,British Grand Prix,BOR,6.0,1.0,MEDIUM,6.0,96.503,1,True
9,British Grand Prix,BOR,7.0,1.0,MEDIUM,7.0,95.792,1,True
9,British Grand Prix,BOR,8.0,1.0,MEDIUM,8.0,95.972,1,True
9,British Grand Prix,BOR,9.0,1.0,MEDIUM,9.0,96.141,1,True
9,British Grand Prix,BOR,10.0,1.0,MEDIUM,10.0,96.116,1,True
9,British Grand Prix,BOR,11.0,1.0,MEDIUM,11.0,95.671,1,True
9,British Grand Prix,BOR,12.0,1.0,MEDIUM,12.0,95.88,1,True
9,British Grand Prix,BOR,13.0,1.0,MEDIUM,13.0,96.293,1,True
9,British Grand Prix,BOR,14.0,1.0,MEDIUM,14.0,95.862,1,True
9,British Grand Prix,BOR,15.0,1.0,MEDIUM,15.0,95.766,1,True
9,British Grand Prix,BOR,16.0,1.0,MEDIUM,16.0,96.062,1,True
9,British Grand Prix,BOR,17.0,1.0,MEDIUM,17.0,95.662,1,True
9,British Grand Prix,BOR,18.0,1.0,MEDIUM,18.0,95.885,1,True
9,British Grand Prix,BOR,19.0,1.0,MEDIUM,19.0,95.876,1,True
9,British Grand Prix,BOR,20.0,1.0,MEDIUM,20.0,96.716,1,True
9,British Grand Prix,BOR,21.0,1.0,MEDIUM,21.0,96.56,16,False
9,British Grand Prix,BOR,22.0,1.0,MEDIUM,22.0,104.884,671,False
9,British Grand Prix,BOR,23.0,1.0,MEDIUM,23.0,95.718,1,True
9,British Grand Prix,BOR,24.0,1.0,MEDIUM,24.0,95.663,1,True
9,British Grand Prix,BOR,25.0,1.0,MEDIUM,25.0,95.525,1,True
9,British Grand Prix,BOR,26.0,1.0,MEDIUM,26.0,95.15,1,False
9,British Grand Prix,BOR,27.0,2.0,HARD,1.0,114.633,1,False
9,British Grand Prix,BOR,28.0,2.0,HARD,2.0,94.07,1,True
9,British Grand Prix,BOR,29.0,2.0,HARD,3.0,93.776,1,True
9,British Grand Prix,BOR,30.0,2.0,HARD,4.0,93.65,1,True
9,British Grand Prix,BOR,31.0,2.0,HARD,5.0,94.158,1,True
9,British Grand Prix,BOR,32.0,2.0,HARD,6.0,94.422,1,True
9,British Grand Prix,BOR,33.0,2.0,HARD,7.0,94.652,1,True
9,British Grand Prix,BOR,34.0,2.0,HARD,8.0,94.485,1,True
9,British Grand Prix,BOR,35.0,2.0,HARD,9.0,94.516,1,True
9,British Grand Prix,BOR,36.0,2.0,HARD,10.0,94.588,1,True
9,British Grand Prix,BOR,37.0,2.0,HARD,11.0,94.507,1,True
9,British Grand Prix,BOR,38.0,2.0,HARD,12.0,114.01,1267,False
9,British Grand Prix,BOR,39.0,2.0,HARD,13.0,97.83,71,False
9,British Grand Prix,BOR,40.0,2.0,HARD,14.0,94.412,1,True
9,British Grand Prix,BOR,41.0,2.0,HARD,15.0,94.648,1,True
9,British Grand Prix,BOR,42.0,2.0,HARD,16.0,94.452,1,True
9,British Grand Prix,BOR,43.0,2.0,HARD,17.0,94.658,1,True
9,British Grand Prix,BOR,44.0,2.0,HARD,18.0,94.402,1,True
9,British Grand Prix,BOR,45.0,2.0,HARD,19.0,94.239,1,True
9,British Grand Prix,BOR,46.0,2.0,HARD,20.0,94.538,1,True
9,British Grand Prix,BOR,47.0,2.0,HARD,21.0,106.046,124,False
9,British Grand Prix,BOR,48.0,3.0,SOFT,1.0,142.964,4,False
9,British Grand Prix,BOR,49.0,3.0,SOFT,2.0,103.684,4,False
9,British Grand Prix,BOR,50.0,3.0,SOFT,3.0,132.538,4,False
9,British Grand Prix,BOR,51.0,3.0,SOFT,4.0,,4,False
9,British Grand Prix,BOR,52.0,3.0,SOFT,5.0,140.723,4,False
9,British Grand Prix,SAI,1.0,1.0,MEDIUM,1.0,103.989,12,False
9,British Grand Prix,SAI,2.0,1.0,MEDIUM,2.0,96.527,12,False
9,British Grand Prix,SAI,3.0,1.0,MEDIUM,3.0,96.47,1,True
9,British Grand Prix,SAI,4.0,1.0,MEDIUM,4.0,96.292,1,True
9,British Grand Prix,SAI,5.0,1.0,MEDIUM,5.0,98.075,1,True
9,British Grand Prix,SAI,6.0,1.0,MEDIUM,6.0,97.424,1,True
9,British Grand Prix,SAI,7.0,1.0,MEDIUM,7.0,97.155,1,True
9,British Grand Prix,SAI,8.0,1.0,MEDIUM,8.0,97.177,1,True
9,British Grand Prix,SAI,9.0,1.0,MEDIUM,9.0,97.749,1,True
9,British Grand Prix,SAI,10.0,1.0,MEDIUM,10.0,97.881,1,True
9,British Grand Prix,SAI,11.0,1.0,MEDIUM,11.0,96.954,1,True
9,British Grand Prix,SAI,12.0,1.0,MEDIUM,12.0,96.976,1,True
9,British Grand Prix,SAI,13.0,1.0,MEDIUM,13.0,96.635,1,True
9,British Grand Prix,SAI,14.0,1.0,MEDIUM,14.0,96.051,1,True
9,British Grand Prix,SAI,15.0,1.0,MEDIUM,15.0,96.383,1,True
9,British Grand Prix,SAI,16.0,1.0,MEDIUM,16.0,96.554,1,True
9,British Grand Prix,SAI,17.0,1.0,MEDIUM,17.0,96.586,1,True
9,British Grand Prix,SAI,18.0,1.0,MEDIUM,18.0,96.657,1,True
9,British Grand Prix,SAI,19.0,1.0,MEDIUM,19.0,96.288,1,True
9,British Grand Prix,SAI,20.0,1.0,MEDIUM,20.0,95.516,1,False
9,British Grand Prix,SAI,21.0,2.0,HARD,1.0,125.649,167,False
9,British Grand Prix,SAI,22.0,2.0,HARD,2.0,95.449,1,True
9,British Grand Prix,SAI,23.0,2.0,HARD,3.0,94.923,1,True
9,British Grand Prix,SAI,24.0,2.0,HARD,4.0,96.537,1,True
9,British Grand Prix,SAI,25.0,2.0,HARD,5.0,96.742,1,True
9,British Grand Prix,SAI,26.0,2.0,HARD,6.0,95.549,1,True
9,British Grand Prix,SAI,27.0,2.0,HARD,7.0,95.707,1,True
9,British Grand Prix,SAI,28.0,2.0,HARD,8.0,95.769,1,True
9,British Grand Prix,SAI,29.0,2.0,HARD,9.0,95.453,1,True
9,British Grand Prix,SAI,30.0,2.0,HARD,10.0,95.522,1,True
9,British Grand Prix,SAI,31.0,2.0,HARD,11.0,95.62,1,True
9,British Grand Prix,SAI,32.0,2.0,HARD,12.0,97.184,1,True
9,British Grand Prix,SAI,33.0,2.0,HARD,13.0,96.566,1,True
9,British Grand Prix,SAI,34.0,2.0,HARD,14.0,97.358,1,True
9,British Grand Prix,SAI,35.0,2.0,HARD,15.0,95.775,1,True
9,British Grand Prix,SAI,36.0,2.0,HARD,16.0,96.697,1,True
9,British Grand Prix,SAI,37.0,2.0,HARD,17.0,96.901,12,False
9,British Grand Prix,SAI,38.0,2.0,HARD,18.0,119.393,2671,False
9,British Grand Prix,SAI,39.0,2.0,HARD,19.0,95.26,1,True
9,British Grand Prix,SAI,40.0,2.0,HARD,20.0,95.542,1,True
9,British Grand Prix,SAI,41.0,2.0,HARD,21.0,95.553,1,True
9,British Grand Prix,SAI,42.0,2.0,HARD,22.0,95.085,1,True
9,British Grand Prix,SAI,43.0,2.0,HARD,23.0,95.666,1,True
9,British Grand Prix,SAI,44.0,2.0,HARD,24.0,96.988,1,True
9,British Grand Prix,SAI,45.0,2.0,HARD,25.0,95.6,1,True
9,British Grand Prix,SAI,46.0,2.0,HARD,26.0,96.704,12,False
9,British Grand Prix,SAI,47.0,2.0,HARD,27.0,128.204,24,False
9,British Grand Prix,SAI,48.0,2.0,HARD,28.0,120.574,4,False
9,British Grand Prix,SAI,49.0,3.0,SOFT,1.0,,4,False
9,British Grand Prix,SAI,50.0,3.0,SOFT,2.0,98.352,4,False
9,British Grand Prix,SAI,51.0,3.0,SOFT,3.0,92.734,4,False
9,British Grand Prix,SAI,52.0,3.0,SOFT,4.0,125.438,4,False
9,British Grand Prix,HAD,1.0,1.0,MEDIUM,1.0,98.756,12,False
9,British Grand Prix,HAD,2.0,1.0,MEDIUM,2.0,94.945,12,False
9,British Grand Prix,HAD,3.0,1.0,MEDIUM,3.0,96.372,1,True
9,British Grand Prix,HAD,4.0,1.0,MEDIUM,4.0,94.846,1,True
9,British Grand Prix,HAD,5.0,1.0,MEDIUM,5.0,95.002,1,True
9,British Grand Prix,HAD,6.0,1.0,MEDIUM,6.0,94.531,1,True
9,British Grand Prix,HAD,7.0,1.0,MEDIUM,7.0,94.882,1,True
9,British Grand Prix,HAD,8.0,1.0,MEDIUM,8.0,95.17,1,True
9,British Grand Prix,HAD,9.0,1.0,MEDIUM,9.0,95.34,1,True
9,British Grand Prix,HAD,10.0,1.0,MEDIUM,10.0,95.537,1,True
9,British Grand Prix,HAD,11.0,1.0,MEDIUM,11.0,95.653,1,True
9,British Grand Prix,HAD,12.0,1.0,MEDIUM,12.0,95.565,1,True
9,British Grand Prix,HAD,13.0,1.0,MEDIUM,13.0,95.336,1,True
9,British Grand Prix,HAD,14.0,1.0,MEDIUM,14.0,95.029,1,True
9,British Grand Prix,HAD,15.0,1.0,MEDIUM,15.0,95.305,1,True
9,British Grand Prix,HAD,16.0,1.0,MEDIUM,16.0,95.184,1,True
9,British Grand Prix,HAD,17.0,1.0,MEDIUM,17.0,95.382,1,True
9,British Grand Prix,HAD,18.0,1.0,MEDIUM,18.0,95.024,1,True
9,British Grand Prix,HAD,19.0,1.0,MEDIUM,19.0,94.152,1,False
9,British Grand Prix,HAD,20.0,2.0,HARD,1.0,117.122,1,False
9,British Grand Prix,HAD,21.0,2.0,HARD,2.0,94.043,16,False
9,British Grand Prix,HAD,22.0,2.0,HARD,3.0,105.667,671,False
9,British Grand Prix,HAD,23.0,2.0,HARD,4.0,94.73,1,True
9,British Grand Prix,HAD,24.0,2.0,HARD,5.0,94.502,1,True
9,British Grand Prix,HAD,25.0,2.0,HARD,6.0,94.33,1,True
9,British Grand Prix,HAD,26.0,2.0,HARD,7.0,94.704,1,True
9,British Grand Prix,HAD,27.0,2.0,HARD,8.0,94.636,1,True
9,British Grand Prix,HAD,28.0,2.0,HARD,9.0,94.243,1,True
9,British Grand Prix,HAD,29.0,2.0,HARD,10.0,93.941,1,True
9,British Grand Prix,HAD,30.0,2.0,HARD,11.0,94.877,1,True
9,British Grand Prix,HAD,31.0,2.0,HARD,12.0,94.725,1,True
9,British Grand Prix,HAD,32.0,2.0,HARD,13.0,94.843,1,True
9,British Grand Prix,HAD,33.0,2.0,HARD,14.0,94.76,1,True
9,British Grand Prix,HAD,34.0,2.0,HARD,15.0,94.324,1,True
9,British Grand Prix,HAD,35.0,2.0,HARD,16.0,94.26,1,True
9,British Grand Prix,HAD,36.0,2.0,HARD,17.0,94.961,1,True
9,British Grand Prix,HAD,37.0,2.0,HARD,18.0,94.324,1,True
9,British Grand Prix,HAD,38.0,2.0,HARD,19.0,102.454,126,False
9,British Grand Prix,HAD,39.0,3.0,MEDIUM,1.0,123.195,671,False
9,British Grand Prix,HAD,40.0,3.0,MEDIUM,2.0,92.268,1,True
9,British Grand Prix,HAD,41.0,3.0,MEDIUM,3.0,92.697,1,True
9,British Grand Prix,HAD,42.0,3.0,MEDIUM,4.0,92.919,1,True
9,British Grand Prix,HAD,43.0,3.0,MEDIUM,5.0,92.895,1,True
9,British Grand Prix,HAD,44.0,3.0,MEDIUM,6.0,92.693,1,True
9,British Grand Prix,HAD,45.0,3.0,MEDIUM,7.0,92.481,1,True
9,British Grand Prix,HAD,46.0,3.0,MEDIUM,8.0,93.072,1,True
9,British Grand Prix,HAD,47.0,3.0,MEDIUM,9.0,97.072,124,False
9,British Grand Prix,HAD,48.0,4.0,SOFT,4.0,144.775,4,False
9,British Grand Prix,HAD,49.0,4.0,SOFT,5.0,124.842,4,False
9,British Grand Prix,HAD,50.0,4.0,SOFT,6.0,136.488,4,False
9,British Grand Prix,HAD,51.0,4.0,SOFT,7.0,,4,False
9,British Grand Prix,HAD,52.0,4.0,SOFT,8.0,142.241,4,False
9,British Grand Prix,RUS,1.0,1.0,MEDIUM,1.0,98.171,12,False
9,British Grand Prix,RUS,2.0,1.0,MEDIUM,2.0,94.809,12,False
9,British Grand Prix,RUS,3.0,1.0,MEDIUM,3.0,94.725,1,True
9,British Grand Prix,RUS,4.0,1.0,MEDIUM,4.0,94.598,1,True
9,British Grand Prix,RUS,5.0,1.0,MEDIUM,5.0,94.769,1,True
9,British Grand Prix,RUS,6.0,1.0,MEDIUM,6.0,94.872,1,True
9,British Grand Prix,RUS,7.0,1.0,MEDIUM,7.0,94.469,1,True
9,British Grand Prix,RUS,8.0,1.0,MEDIUM,8.0,94.797,1,True
9,British Grand Prix,RUS,9.0,1.0,MEDIUM,9.0,95.043,1,True
9,British Grand Prix,RUS,10.0,1.0,MEDIUM,10.0,95.047,1,True
9,British Grand Prix,RUS,11.0,1.0,MEDIUM,11.0,95.107,1,True
9,British Grand Prix,RUS,12.0,1.0,MEDIUM,12.0,94.961,1,True
9,British Grand Prix,RUS,13.0,1.0,MEDIUM,13.0,95.077,1,True
9,British Grand Prix,RUS,14.0,1.0,MEDIUM,14.0,94.708,1,True
9,British Grand Prix,RUS,15.0,1.0,MEDIUM,15.0,94.564,1,True
9,British Grand Prix,RUS,16.0,1.0,MEDIUM,16.0,94.867,1,True
9,British Grand Prix,RUS,17.0,1.0,MEDIUM,17.0,95.783,1,True
9,British Grand Prix,RUS,18.0,1.0,MEDIUM,18.0,95.196,1,True
9,British Grand Prix,RUS,19.0,1.0,MEDIUM,19.0,94.581,1,True
9,British Grand Prix,RUS,20.0,1.0,MEDIUM,20.0,94.553,1,True
9,British Grand Prix,RUS,21.0,1.0,MEDIUM,21.0,94.405,1,True
9,British Grand Prix,RUS,22.0,1.0,MEDIUM,22.0,105.934,167,False
9,British Grand Prix,RUS,23.0,1.0,MEDIUM,23.0,93.95,1,False
9,British Grand Prix,RUS,24.0,2.0,HARD,1.0,113.703,1,False
9,British Grand Prix,RUS,25.0,2.0,HARD,2.0,92.758,1,True
9,British Grand Prix,RUS,26.0,2.0,HARD,3.0,92.807,1,True
9,British Grand Prix,RUS,27.0,2.0,HARD,4.0,92.953,1,True
9,British Grand Prix,RUS,28.0,2.0,HARD,5.0,93.108,1,True
9,British Grand Prix,RUS,29.0,2.0,HARD,6.0,94.497,1,True
9,British Grand Prix,RUS,30.0,2.0,HARD,7.0,93.734,1,True
9,British Grand Prix,RUS,31.0,2.0,HARD,8.0,93.895,1,True
9,British Grand Prix,RUS,32.0,2.0,HARD,9.0,94.015,1,True
9,British Grand Prix,RUS,33.0,2.0,HARD,10.0,94.18,1,True
9,British Grand Prix,RUS,34.0,2.0,HARD,11.0,93.43,1,False
9,British Grand Prix,RUS,35.0,3.0,MEDIUM,7.0,114.041,1,False
9,British Grand Prix,RUS,36.0,3.0,MEDIUM,8.0,92.489,1,True
9,British Grand Prix,RUS,37.0,3.0,MEDIUM,9.0,92.498,1,True
9,British Grand Prix,RUS,38.0,3.0,MEDIUM,10.0,104.164,126,False
9,British Grand Prix,RUS,39.0,3.0,MEDIUM,11.0,105.496,671,False
9,British Grand Prix,RUS,40.0,3.0,MEDIUM,12.0,92.583,1,True
9,British Grand Prix,RUS,41.0,3.0,MEDIUM,13.0,92.732,1,True
9,British Grand Prix,RUS,42.0,3.0,MEDIUM,14.0,92.686,1,True
9,British Grand Prix,RUS,43.0,3.0,MEDIUM,15.0,92.755,1,True
9,British Grand Prix,RUS,44.0,3.0,MEDIUM,16.0,92.491,1,True
9,British Grand Prix,RUS,45.0,3.0,MEDIUM,17.0,93.142,1,True
9,British Grand Prix,RUS,46.0,3.0,MEDIUM,18.0,92.986,1,True
9,British Grand Prix,RUS,47.0,3.0,MEDIUM,19.0,93.258,12,False
9,British Grand Prix,RUS,48.0,3.0,MEDIUM,20.0,126.839,24,False
9,British Grand Prix,RUS,49.0,3.0,MEDIUM,21.0,130.986,4,False
9,British Grand Prix,RUS,50.0,3.0,MEDIUM,22.0,,4,False
9,British Grand Prix,RUS,51.0,3.0,MEDIUM,23.0,,4,False
9,British Grand Prix,RUS,52.0,3.0,MEDIUM,24.0,143.285,4,False
9,British Grand Prix,BOT,1.0,1.0,MEDIUM,1.0,107.296,12,False
9,British Grand Prix,BOT,2.0,1.0,MEDIUM,2.0,98.708,12,False
9,British Grand Prix,BOT,3.0,1.0,MEDIUM,3.0,97.527,1,True
9,British Grand Prix,BOT,4.0,1.0,MEDIUM,4.0,97.283,1,True
9,British Grand Prix,BOT,5.0,1.0,MEDIUM,5.0,97.157,1,True
9,British Grand Prix,BOT,6.0,1.0,MEDIUM,6.0,98.028,1,True
9,British Grand Prix,BOT,7.0,1.0,MEDIUM,7.0,98.414,1,True
9,British Grand Prix,BOT,8.0,1.0,MEDIUM,8.0,97.759,1,True
9,British Grand Prix,BOT,9.0,1.0,MEDIUM,9.0,98.164,1,True
9,British Grand Prix,BOT,10.0,1.0,MEDIUM,10.0,98.044,1,True
9,British Grand Prix,BOT,11.0,1.0,MEDIUM,11.0,98.082,1,True
9,British Grand Prix,BOT,12.0,1.0,MEDIUM,12.0,97.854,1,True
9,British Grand Prix,BOT,13.0,1.0,MEDIUM,13.0,97.644,1,True
9,British Grand Prix,BOT,14.0,1.0,MEDIUM,14.0,97.7,1,True
9,British Grand Prix,BOT,15.0,1.0,MEDIUM,15.0,97.577,1,True
9,British Grand Prix,BOT,16.0,1.0,MEDIUM,16.0,97.667,1,True
9,British Grand Prix,BOT,17.0,1.0,MEDIUM,17.0,97.675,1,True
9,British Grand Prix,BOT,18.0,1.0,MEDIUM,18.0,98.067,1,True
9,British Grand Prix,BOT,19.0,1.0,MEDIUM,19.0,97.829,1,True
9,British Grand Prix,BOT,20.0,1.0,MEDIUM,20.0,98.788,1,True
9,British Grand Prix,BOT,21.0,1.0,MEDIUM,21.0,107.04,167,False
9,British Grand Prix,BOT,22.0,1.0,MEDIUM,22.0,99.272,1,True
9,British Grand Prix,BOT,23.0,1.0,MEDIUM,23.0,97.992,1,True
9,British Grand Prix,BOT,24.0,1.0,MEDIUM,24.0,99.176,1,True
9,British Grand Prix,BOT,25.0,1.0,MEDIUM,25.0,100.201,1,True
9,British Grand Prix,BOT,26.0,1.0,MEDIUM,26.0,97.5,1,True
9,British Grand Prix,BOT,27.0,1.0,MEDIUM,27.0,97.926,1,True
9,British Grand Prix,BOT,28.0,1.0,MEDIUM,28.0,98.598,1,True
9,British Grand Prix,BOT,29.0,1.0,MEDIUM,29.0,97.033,1,False
9,British Grand Prix,BOT,30.0,2.0,HARD,1.0,120.479,1,False
9,British Grand Prix,BOT,31.0,2.0,HARD,2.0,95.893,1,True
9,British Grand Prix,BOT,32.0,2.0,HARD,3.0,96.192,1,True
9,British Grand Prix,BOT,33.0,2.0,HARD,4.0,96.204,1,True
9,British Grand Prix,BOT,34.0,2.0,HARD,5.0,96.54,1,True
9,British Grand Prix,BOT,35.0,2.0,HARD,6.0,96.131,1,True
9,British Grand Prix,BOT,36.0,2.0,HARD,7.0,96.181,1,True
9,British Grand Prix,BOT,37.0,2.0,HARD,8.0,111.519,126,False
9,British Grand Prix,BOT,38.0,2.0,HARD,9.0,106.271,671,False
9,British Grand Prix,BOT,39.0,2.0,HARD,10.0,97.651,1,True
9,British Grand Prix,BOT,40.0,2.0,HARD,11.0,98.45,1,True
9,British Grand Prix,BOT,41.0,2.0,HARD,12.0,96.141,1,True
9,British Grand Prix,BOT,42.0,2.0,HARD,13.0,96.287,1,True
9,British Grand Prix,BOT,43.0,2.0,HARD,14.0,96.161,1,True
9,British Grand Prix,BOT,44.0,2.0,HARD,15.0,97.012,1,True
9,British Grand Prix,BOT,45.0,2.0,HARD,16.0,96.561,1,True
9,British Grand Prix,BOT,46.0,2.0,HARD,17.0,113.078,124,False
9,British Grand Prix,BOT,47.0,3.0,SOFT,1.0,144.678,4,False
9,British Grand Prix,BOT,48.0,3.0,SOFT,2.0,101.889,4,False
9,British Grand Prix,BOT,49.0,3.0,SOFT,3.0,113.938,4,False
9,British Grand Prix,BOT,50.0,3.0,SOFT,4.0,106.482,4,False
9,British Grand Prix,BOT,51.0,3.0,SOFT,5.0,98.626,4,False
9,British Grand Prix,BOT,52.0,3.0,SOFT,6.0,105.132,4,False
9,British Grand Prix,PIA,1.0,1.0,MEDIUM,1.0,105.476,12,False
9,British Grand Prix,PIA,2.0,1.0,MEDIUM,2.0,120.964,12,False
9,British Grand Prix,PIA,3.0,2.0,HARD,1.0,127.215,1,False
9,British Grand Prix,PIA,4.0,2.0,HARD,2.0,94.363,1,True
9,British Grand Prix,PIA,5.0,2.0,HARD,3.0,94.721,1,True
9,British Grand Prix,PIA,6.0,2.0,HARD,4.0,94.631,1,True
9,British Grand Prix,PIA,7.0,2.0,HARD,5.0,94.878,1,True
9,British Grand Prix,PIA,8.0,2.0,HARD,6.0,94.798,1,True
9,British Grand Prix,PIA,9.0,2.0,HARD,7.0,95.396,1,True
9,British Grand Prix,PIA,10.0,2.0,HARD,8.0,95.224,1,True
9,British Grand Prix,PIA,11.0,2.0,HARD,9.0,95.302,1,True
9,British Grand Prix,PIA,12.0,2.0,HARD,10.0,95.64,1,True
9,British Grand Prix,PIA,13.0,2.0,HARD,11.0,95.182,1,True
9,British Grand Prix,PIA,14.0,2.0,HARD,12.0,95.317,1,True
9,British Grand Prix,PIA,15.0,2.0,HARD,13.0,96.324,1,True
9,British Grand Prix,PIA,16.0,2.0,HARD,14.0,95.157,1,True
9,British Grand Prix,PIA,17.0,2.0,HARD,15.0,95.241,1,True
9,British Grand Prix,PIA,18.0,2.0,HARD,16.0,94.928,1,True
9,British Grand Prix,PIA,19.0,2.0,HARD,17.0,94.863,1,True
9,British Grand Prix,PIA,20.0,2.0,HARD,18.0,94.996,1,True
9,British Grand Prix,PIA,21.0,2.0,HARD,19.0,105.378,167,False
9,British Grand Prix,PIA,22.0,2.0,HARD,20.0,95.295,1,True
9,British Grand Prix,PIA,23.0,2.0,HARD,21.0,94.964,1,True
9,British Grand Prix,PIA,24.0,2.0,HARD,22.0,94.763,1,True
9,British Grand Prix,PIA,25.0,2.0,HARD,23.0,94.685,1,True
9,British Grand Prix,PIA,26.0,2.0,HARD,24.0,94.616,1,True
9,British Grand Prix,PIA,27.0,2.0,HARD,25.0,94.99,1,True
9,British Grand Prix,PIA,28.0,2.0,HARD,26.0,95.894,1,True
9,British Grand Prix,PIA,29.0,2.0,HARD,27.0,95.402,1,True
9,British Grand Prix,PIA,30.0,2.0,HARD,28.0,95.285,1,True
9,British Grand Prix,PIA,31.0,2.0,HARD,29.0,96.685,1,True
9,British Grand Prix,PIA,32.0,2.0,HARD,30.0,95.71,1,True
9,British Grand Prix,PIA,33.0,2.0,HARD,31.0,95.303,1,True
9,British Grand Prix,PIA,34.0,2.0,HARD,32.0,96.816,1,True
9,British Grand Prix,PIA,35.0,2.0,HARD,33.0,95.929,1,True
9,British Grand Prix,PIA,36.0,2.0,HARD,34.0,94.546,1,False
9,British Grand Prix,PIA,37.0,3.0,MEDIUM,4.0,121.405,126,False
9,British Grand Prix,PIA,38.0,3.0,MEDIUM,5.0,111.162,671,False
9,British Grand Prix,PIA,39.0,3.0,MEDIUM,6.0,93.169,1,True
9,British Grand Prix,PIA,40.0,3.0,MEDIUM,7.0,93.535,1,True
9,British Grand Prix,PIA,41.0,3.0,MEDIUM,8.0,93.145,1,True
9,British Grand Prix,PIA,42.0,3.0,MEDIUM,9.0,92.917,1,True
9,British Grand Prix,PIA,43.0,3.0,MEDIUM,10.0,93.069,1,True
9,British Grand Prix,PIA,44.0,3.0,MEDIUM,11.0,94.287,1,True
9,British Grand Prix,PIA,45.0,3.0,MEDIUM,12.0,93.405,1,True
9,British Grand Prix,PIA,46.0,3.0,MEDIUM,13.0,93.032,12,False
9,British Grand Prix,PIA,47.0,3.0,MEDIUM,14.0,120.349,24,False
9,British Grand Prix,PIA,48.0,4.0,SOFT,4.0,148.893,4,False
9,British Grand Prix,PIA,49.0,4.0,SOFT,5.0,,4,False
9,British Grand Prix,PIA,50.0,4.0,SOFT,6.0,94.706,4,False
9,British Grand Prix,PIA,51.0,4.0,SOFT,7.0,93.586,4,False
9,British Grand Prix,PIA,52.0,4.0,SOFT,8.0,128.578,4,False
9,British Grand Prix,BEA,1.0,1.0,MEDIUM,1.0,109.557,12,False
9,British Grand Prix,BEA,2.0,1.0,MEDIUM,2.0,97.833,12,False
9,British Grand Prix,BEA,3.0,1.0,MEDIUM,3.0,97.373,1,True
9,British Grand Prix,BEA,4.0,1.0,MEDIUM,4.0,97.13,1,True
9,British Grand Prix,BEA,5.0,1.0,MEDIUM,5.0,96.867,1,True
9,British Grand Prix,BEA,6.0,1.0,MEDIUM,6.0,96.479,1,True
9,British Grand Prix,BEA,7.0,1.0,MEDIUM,7.0,97.331,1,True
9,British Grand Prix,BEA,8.0,1.0,MEDIUM,8.0,97.205,1,True
9,British Grand Prix,BEA,9.0,1.0,MEDIUM,9.0,97.289,1,True
9,British Grand Prix,BEA,10.0,1.0,MEDIUM,10.0,98.369,1,True
9,British Grand Prix,BEA,11.0,1.0,MEDIUM,11.0,97.041,1,True
9,British Grand Prix,BEA,12.0,1.0,MEDIUM,12.0,97.18,1,True
9,British Grand Prix,BEA,13.0,1.0,MEDIUM,13.0,97.119,1,True
9,British Grand Prix,BEA,14.0,1.0,MEDIUM,14.0,96.894,1,True
9,British Grand Prix,BEA,15.0,1.0,MEDIUM,15.0,97.135,1,True
9,British Grand Prix,BEA,16.0,1.0,MEDIUM,16.0,96.996,1,True
9,British Grand Prix,BEA,17.0,1.0,MEDIUM,17.0,97.008,1,True
9,British Grand Prix,BEA,18.0,1.0,MEDIUM,18.0,97.453,1,True
9,British Grand Prix,BEA,19.0,1.0,MEDIUM,19.0,97.157,1,True
9,British Grand Prix,BEA,20.0,1.0,MEDIUM,20.0,96.729,1,True
9,British Grand Prix,BEA,21.0,1.0,MEDIUM,21.0,106.856,167,False
9,British Grand Prix,BEA,22.0,1.0,MEDIUM,22.0,96.419,1,True
9,British Grand Prix,BEA,23.0,1.0,MEDIUM,23.0,96.657,1,True
9,British Grand Prix,BEA,24.0,1.0,MEDIUM,24.0,96.956,1,True
9,British Grand Prix,BEA,25.0,1.0,MEDIUM,25.0,96.495,1,True
9,British Grand Prix,BEA,26.0,1.0,MEDIUM,26.0,96.617,1,True
9,British Grand Prix,BEA,27.0,1.0,MEDIUM,27.0,97.32,1,True
9,British Grand Prix,BEA,28.0,1.0,MEDIUM,28.0,97.185,1,True
9,British Grand Prix,BEA,29.0,1.0,MEDIUM,29.0,96.36,1,False
9,British Grand Prix,BEA,30.0,2.0,HARD,1.0,116.757,1,False
9,British Grand Prix,BEA,31.0,2.0,HARD,2.0,94.455,1,True
9,British Grand Prix,BEA,32.0,2.0,HARD,3.0,94.854,1,True
9,British Grand Prix,BEA,33.0,2.0,HARD,4.0,95.006,1,True
9,British Grand Prix,BEA,34.0,2.0,HARD,5.0,94.565,1,True
9,British Grand Prix,BEA,35.0,2.0,HARD,6.0,95.352,1,True
9,British Grand Prix,BEA,36.0,2.0,HARD,7.0,95.004,1,True
9,British Grand Prix,BEA,37.0,2.0,HARD,8.0,99.886,126,False
9,British Grand Prix,BEA,38.0,2.0,HARD,9.0,113.009,671,False
9,British Grand Prix,BEA,39.0,2.0,HARD,10.0,96.431,1,True
9,British Grand Prix,BEA,40.0,2.0,HARD,11.0,95.464,1,True
9,British Grand Prix,BEA,41.0,2.0,HARD,12.0,95.163,1,True
9,British Grand Prix,BEA,42.0,2.0,HARD,13.0,94.989,1,True
9,British Grand Prix,BEA,43.0,2.0,HARD,14.0,95.876,1,True
9,British Grand Prix,BEA,44.0,2.0,HARD,15.0,95.994,1,True
9,British Grand Prix,BEA,45.0,2.0,HARD,16.0,94.916,1,True
9,British Grand Prix,BEA,46.0,2.0,HARD,17.0,100.75,124,False
9,British Grand Prix,BEA,47.0,2.0,HARD,18.0,122.264,4,False
9,British Grand Prix,BEA,48.0,3.0,SOFT,4.0,143.272,4,False
9,British Grand Prix,BEA,49.0,3.0,SOFT,5.0,149.732,4,False
9,British Grand Prix,BEA,50.0,3.0,SOFT,6.0,102.712,4,False
9,British Grand Prix,BEA,51.0,3.0,SOFT,7.0,96.174,4,False
9,British Grand Prix,BEA,52.0,3.0,SOFT,8.0,116.945,4,False
10,Belgian Grand Prix,ANT,1.0,1.0,MEDIUM,1.0,121.479,124,False
10,Belgian Grand Prix,ANT,2.0,1.0,MEDIUM,2.0,,4,False
10,Belgian Grand Prix,ANT,3.0,1.0,MEDIUM,3.0,,4,False
10,Belgian Grand Prix,ANT,4.0,1.0,MEDIUM,4.0,,41,False
10,Belgian Grand Prix,ANT,5.0,1.0,MEDIUM,5.0,111.638,1,True
10,Belgian Grand Prix,ANT,6.0,1.0,MEDIUM,6.0,111.315,1,True
10,Belgian Grand Prix,ANT,7.0,1.0,MEDIUM,7.0,110.957,1,True
10,Belgian Grand Prix,ANT,8.0,1.0,MEDIUM,8.0,110.986,12,False
10,Belgian Grand Prix,ANT,9.0,1.0,MEDIUM,9.0,110.825,1,True
10,Belgian Grand Prix,ANT,10.0,1.0,MEDIUM,10.0,110.739,1,True
10,Belgian Grand Prix,ANT,11.0,1.0,MEDIUM,11.0,111.09,1,True
10,Belgian Grand Prix,ANT,12.0,1.0,MEDIUM,12.0,110.893,1,True
10,Belgian Grand Prix,ANT,13.0,1.0,MEDIUM,13.0,111.069,1,True
10,Belgian Grand Prix,ANT,14.0,1.0,MEDIUM,14.0,110.984,1,True
10,Belgian Grand Prix,ANT,15.0,1.0,MEDIUM,15.0,111.113,1,True
10,Belgian Grand Prix,ANT,16.0,1.0,MEDIUM,16.0,111.179,1,True
10,Belgian Grand Prix,ANT,17.0,1.0,MEDIUM,17.0,110.968,1,True
10,Belgian Grand Prix,ANT,18.0,1.0,MEDIUM,18.0,126.758,167,False
10,Belgian Grand Prix,ANT,19.0,2.0,SOFT,4.0,124.838,1,False
10,Belgian Grand Prix,ANT,20.0,2.0,SOFT,5.0,128.72,16,False
10,Belgian Grand Prix,ANT,21.0,2.0,SOFT,6.0,121.049,671,False
10,Belgian Grand Prix,ANT,22.0,2.0,SOFT,7.0,109.367,1,True
10,Belgian Grand Prix,ANT,23.0,2.0,SOFT,8.0,109.585,1,True
10,Belgian Grand Prix,ANT,24.0,2.0,SOFT,9.0,109.943,1,True
10,Belgian Grand Prix,ANT,25.0,2.0,SOFT,10.0,110.878,1,True
10,Belgian Grand Prix,ANT,26.0,2.0,SOFT,11.0,109.333,1,True
10,Belgian Grand Prix,ANT,27.0,2.0,SOFT,12.0,109.784,1,True
10,Belgian Grand Prix,ANT,28.0,2.0,SOFT,13.0,109.649,1,True
10,Belgian Grand Prix,ANT,29.0,2.0,SOFT,14.0,109.659,1,True
10,Belgian Grand Prix,ANT,30.0,2.0,SOFT,15.0,109.695,1,True
10,Belgian Grand Prix,ANT,31.0,2.0,SOFT,16.0,110.023,1,True
10,Belgian Grand Prix,ANT,32.0,2.0,SOFT,17.0,109.863,1,True
10,Belgian Grand Prix,ANT,33.0,2.0,SOFT,18.0,109.798,1,True
10,Belgian Grand Prix,ANT,34.0,2.0,SOFT,19.0,109.305,1,True
10,Belgian Grand Prix,ANT,35.0,2.0,SOFT,20.0,109.856,1,True
10,Belgian Grand Prix,ANT,36.0,2.0,SOFT,21.0,110.073,1,True
10,Belgian Grand Prix,ANT,37.0,2.0,SOFT,22.0,109.701,1,True
10,Belgian Grand Prix,ANT,38.0,2.0,SOFT,23.0,109.68,1,True
10,Belgian Grand Prix,ANT,39.0,2.0,SOFT,24.0,109.629,1,True
10,Belgian Grand Prix,ANT,40.0,2.0,SOFT,25.0,109.665,1,True
10,Belgian Grand Prix,ANT,41.0,2.0,SOFT,26.0,109.098,1,True
10,Belgian Grand Prix,ANT,42.0,2.0,SOFT,27.0,109.357,1,True
10,Belgian Grand Prix,ANT,43.0,2.0,SOFT,28.0,109.886,1,True
10,Belgian Grand Prix,ANT,44.0,2.0,SOFT,29.0,109.963,1,True
10,Belgian Grand Prix,LEC,1.0,1.0,MEDIUM,1.0,123.706,124,False
10,Belgian Grand Prix,LEC,2.0,1.0,MEDIUM,2.0,,4,False
10,Belgian Grand Prix,LEC,3.0,1.0,MEDIUM,3.0,,4,False
10,Belgian Grand Prix,LEC,4.0,1.0,MEDIUM,4.0,,41,False
10,Belgian Grand Prix,LEC,5.0,1.0,MEDIUM,5.0,111.674,1,True
10,Belgian Grand Prix,LEC,6.0,1.0,MEDIUM,6.0,111.98,1,True
10,Belgian Grand Prix,LEC,7.0,1.0,MEDIUM,7.0,111.118,1,True
10,Belgian Grand Prix,LEC,8.0,1.0,MEDIUM,8.0,111.57,12,False
10,Belgian Grand Prix,LEC,9.0,1.0,MEDIUM,9.0,110.651,1,True
10,Belgian Grand Prix,LEC,10.0,1.0,MEDIUM,10.0,110.785,1,True
10,Belgian Grand Prix,LEC,11.0,1.0,MEDIUM,11.0,111.209,1,True
10,Belgian Grand Prix,LEC,12.0,1.0,MEDIUM,12.0,111.224,1,True
10,Belgian Grand Prix,LEC,13.0,1.0,MEDIUM,13.0,111.352,1,True
10,Belgian Grand Prix,LEC,14.0,1.0,MEDIUM,14.0,111.032,1,True
10,Belgian Grand Prix,LEC,15.0,1.0,MEDIUM,15.0,111.106,1,True
10,Belgian Grand Prix,LEC,16.0,1.0,MEDIUM,16.0,111.369,1,True
10,Belgian Grand Prix,LEC,17.0,1.0,MEDIUM,17.0,111.236,1,True
10,Belgian Grand Prix,LEC,18.0,1.0,MEDIUM,18.0,123.649,167,False
10,Belgian Grand Prix,LEC,19.0,1.0,MEDIUM,19.0,110.862,1,True
10,Belgian Grand Prix,LEC,20.0,1.0,MEDIUM,20.0,128.966,16,False
10,Belgian Grand Prix,LEC,21.0,2.0,HARD,1.0,131.825,671,False
10,Belgian Grand Prix,LEC,22.0,2.0,HARD,2.0,109.818,1,True
10,Belgian Grand Prix,LEC,23.0,2.0,HARD,3.0,109.333,1,True
10,Belgian Grand Prix,LEC,24.0,2.0,HARD,4.0,109.493,1,True
10,Belgian Grand Prix,LEC,25.0,2.0,HARD,5.0,110.088,1,True
10,Belgian Grand Prix,LEC,26.0,2.0,HARD,6.0,109.907,1,True
10,Belgian Grand Prix,LEC,27.0,2.0,HARD,7.0,109.988,1,True
10,Belgian Grand Prix,LEC,28.0,2.0,HARD,8.0,109.905,1,True
10,Belgian Grand Prix,LEC,29.0,2.0,HARD,9.0,110.006,1,True
10,Belgian Grand Prix,LEC,30.0,2.0,HARD,10.0,110.153,1,True
10,Belgian Grand Prix,LEC,31.0,2.0,HARD,11.0,110.37,1,True
10,Belgian Grand Prix,LEC,32.0,2.0,HARD,12.0,110.199,1,True
10,Belgian Grand Prix,LEC,33.0,2.0,HARD,13.0,110.229,1,True
10,Belgian Grand Prix,LEC,34.0,2.0,HARD,14.0,110.672,1,True
10,Belgian Grand Prix,LEC,35.0,2.0,HARD,15.0,109.928,1,True
10,Belgian Grand Prix,LEC,36.0,2.0,HARD,16.0,110.162,1,True
10,Belgian Grand Prix,LEC,37.0,2.0,HARD,17.0,109.716,1,True
10,Belgian Grand Prix,LEC,38.0,2.0,HARD,18.0,110.07,1,True
10,Belgian Grand Prix,LEC,39.0,2.0,HARD,19.0,109.845,1,True
10,Belgian Grand Prix,LEC,40.0,2.0,HARD,20.0,109.63,1,True
10,Belgian Grand Prix,LEC,41.0,2.0,HARD,21.0,109.549,1,True
10,Belgian Grand Prix,LEC,42.0,2.0,HARD,22.0,109.976,1,True
10,Belgian Grand Prix,LEC,43.0,2.0,HARD,23.0,109.844,1,True
10,Belgian Grand Prix,LEC,44.0,2.0,HARD,24.0,109.414,1,True
10,Belgian Grand Prix,VER,1.0,1.0,MEDIUM,1.0,125.369,124,False
10,Belgian Grand Prix,VER,2.0,1.0,MEDIUM,2.0,,4,False
10,Belgian Grand Prix,VER,3.0,1.0,MEDIUM,3.0,,4,False
10,Belgian Grand Prix,VER,4.0,1.0,MEDIUM,4.0,,41,False
10,Belgian Grand Prix,VER,5.0,1.0,MEDIUM,5.0,111.301,1,True
10,Belgian Grand Prix,VER,6.0,1.0,MEDIUM,6.0,110.587,1,True
10,Belgian Grand Prix,VER,7.0,1.0,MEDIUM,7.0,111.128,1,True
10,Belgian Grand Prix,VER,8.0,1.0,MEDIUM,8.0,111.033,12,False
10,Belgian Grand Prix,VER,9.0,1.0,MEDIUM,9.0,111.047,1,True
10,Belgian Grand Prix,VER,10.0,1.0,MEDIUM,10.0,111.09,1,True
10,Belgian Grand Prix,VER,11.0,1.0,MEDIUM,11.0,111.12,1,True
10,Belgian Grand Prix,VER,12.0,1.0,MEDIUM,12.0,111.093,1,True
10,Belgian Grand Prix,VER,13.0,1.0,MEDIUM,13.0,111.16,1,True
10,Belgian Grand Prix,VER,14.0,1.0,MEDIUM,14.0,111.142,1,True
10,Belgian Grand Prix,VER,15.0,1.0,MEDIUM,15.0,111.241,1,True
10,Belgian Grand Prix,VER,16.0,1.0,MEDIUM,16.0,111.318,1,True
10,Belgian Grand Prix,VER,17.0,1.0,MEDIUM,17.0,115.718,1,False
10,Belgian Grand Prix,VER,18.0,2.0,HARD,1.0,137.096,167,False
10,Belgian Grand Prix,VER,19.0,2.0,HARD,2.0,110.031,1,True
10,Belgian Grand Prix,VER,20.0,2.0,HARD,3.0,129.313,16,False
10,Belgian Grand Prix,VER,21.0,2.0,HARD,4.0,121.248,671,False
10,Belgian Grand Prix,VER,22.0,2.0,HARD,5.0,109.726,1,True
10,Belgian Grand Prix,VER,23.0,2.0,HARD,6.0,109.618,1,True
10,Belgian Grand Prix,VER,24.0,2.0,HARD,7.0,109.63,1,True
10,Belgian Grand Prix,VER,25.0,2.0,HARD,8.0,109.801,1,True
10,Belgian Grand Prix,VER,26.0,2.0,HARD,9.0,110.072,1,True
10,Belgian Grand Prix,VER,27.0,2.0,HARD,10.0,110.101,1,True
10,Belgian Grand Prix,VER,28.0,2.0,HARD,11.0,110.338,1,True
10,Belgian Grand Prix,VER,29.0,2.0,HARD,12.0,110.368,1,True
10,Belgian Grand Prix,VER,30.0,2.0,HARD,13.0,110.306,1,True
10,Belgian Grand Prix,VER,31.0,2.0,HARD,14.0,110.195,1,True
10,Belgian Grand Prix,VER,32.0,2.0,HARD,15.0,110.424,1,True
10,Belgian Grand Prix,VER,33.0,2.0,HARD,16.0,110.068,1,True
10,Belgian Grand Prix,VER,34.0,2.0,HARD,17.0,110.698,1,True
10,Belgian Grand Prix,VER,35.0,2.0,HARD,18.0,110.407,1,True
10,Belgian Grand Prix,VER,36.0,2.0,HARD,19.0,110.198,1,True
10,Belgian Grand Prix,VER,37.0,2.0,HARD,20.0,110.092,1,True
10,Belgian Grand Prix,VER,38.0,2.0,HARD,21.0,110.352,1,True
10,Belgian Grand Prix,VER,39.0,2.0,HARD,22.0,110.287,1,True
10,Belgian Grand Prix,VER,40.0,2.0,HARD,23.0,109.653,1,True
10,Belgian Grand Prix,VER,41.0,2.0,HARD,24.0,109.923,1,True
10,Belgian Grand Prix,VER,42.0,2.0,HARD,25.0,109.86,1,True
10,Belgian Grand Prix,VER,43.0,2.0,HARD,26.0,110.057,1,True
10,Belgian Grand Prix,VER,44.0,2.0,HARD,27.0,109.791,1,True
10,Belgian Grand Prix,HAM,1.0,1.0,MEDIUM,1.0,130.66,124,False
10,Belgian Grand Prix,HAM,2.0,1.0,MEDIUM,2.0,,4,False
10,Belgian Grand Prix,HAM,3.0,1.0,MEDIUM,3.0,,4,False
10,Belgian Grand Prix,HAM,4.0,1.0,MEDIUM,4.0,,41,False
10,Belgian Grand Prix,HAM,5.0,1.0,MEDIUM,5.0,111.956,1,True
10,Belgian Grand Prix,HAM,6.0,1.0,MEDIUM,6.0,111.257,1,True
10,Belgian Grand Prix,HAM,7.0,1.0,MEDIUM,7.0,110.772,1,True
10,Belgian Grand Prix,HAM,8.0,1.0,MEDIUM,8.0,111.677,12,False
10,Belgian Grand Prix,HAM,9.0,1.0,MEDIUM,9.0,110.199,1,True
10,Belgian Grand Prix,HAM,10.0,1.0,MEDIUM,10.0,110.813,1,True
10,Belgian Grand Prix,HAM,11.0,1.0,MEDIUM,11.0,111.079,1,True
10,Belgian Grand Prix,HAM,12.0,1.0,MEDIUM,12.0,111.42,1,True
10,Belgian Grand Prix,HAM,13.0,1.0,MEDIUM,13.0,111.707,1,False
10,Belgian Grand Prix,HAM,14.0,1.0,MEDIUM,14.0,111.168,1,True
10,Belgian Grand Prix,HAM,15.0,1.0,MEDIUM,15.0,111.422,1,True
10,Belgian Grand Prix,HAM,16.0,1.0,MEDIUM,16.0,111.769,1,True
10,Belgian Grand Prix,HAM,17.0,1.0,MEDIUM,17.0,111.564,1,True
10,Belgian Grand Prix,HAM,18.0,1.0,MEDIUM,18.0,122.86,167,False
10,Belgian Grand Prix,HAM,19.0,1.0,MEDIUM,19.0,112.803,1,True
10,Belgian Grand Prix,HAM,20.0,1.0,MEDIUM,20.0,131.009,16,False
10,Belgian Grand Prix,HAM,21.0,2.0,HARD,1.0,138.908,671,False
10,Belgian Grand Prix,HAM,22.0,2.0,HARD,2.0,110.089,1,True
10,Belgian Grand Prix,HAM,23.0,2.0,HARD,3.0,109.515,1,True
10,Belgian Grand Prix,HAM,24.0,2.0,HARD,4.0,110.524,1,True
10,Belgian Grand Prix,HAM,25.0,2.0,HARD,5.0,110.332,1,True
10,Belgian Grand Prix,HAM,26.0,2.0,HARD,6.0,110.142,1,True
10,Belgian Grand Prix,HAM,27.0,2.0,HARD,7.0,110.163,1,True
10,Belgian Grand Prix,HAM,28.0,2.0,HARD,8.0,110.082,1,True
10,Belgian Grand Prix,HAM,29.0,2.0,HARD,9.0,109.858,1,True
10,Belgian Grand Prix,HAM,30.0,2.0,HARD,10.0,110.014,1,True
10,Belgian Grand Prix,HAM,31.0,2.0,HARD,11.0,109.867,1,True
10,Belgian Grand Prix,HAM,32.0,2.0,HARD,12.0,109.626,1,True
10,Belgian Grand Prix,HAM,33.0,2.0,HARD,13.0,109.454,1,True
10,Belgian Grand Prix,HAM,34.0,2.0,HARD,14.0,109.972,1,True
10,Belgian Grand Prix,HAM,35.0,2.0,HARD,15.0,110.16,1,True
10,Belgian Grand Prix,HAM,36.0,2.0,HARD,16.0,110.141,1,True
10,Belgian Grand Prix,HAM,37.0,2.0,HARD,17.0,109.538,1,True
10,Belgian Grand Prix,HAM,38.0,2.0,HARD,18.0,109.88,1,True
10,Belgian Grand Prix,HAM,39.0,2.0,HARD,19.0,110.691,1,True
10,Belgian Grand Prix,HAM,40.0,2.0,HARD,20.0,109.539,1,True
10,Belgian Grand Prix,HAM,41.0,2.0,HARD,21.0,109.683,1,True
10,Belgian Grand Prix,HAM,42.0,2.0,HARD,22.0,110.152,1,True
10,Belgian Grand Prix,HAM,43.0,2.0,HARD,23.0,111.054,1,True
10,Belgian Grand Prix,HAM,44.0,2.0,HARD,24.0,110.619,1,True
10,Belgian Grand Prix,PIA,1.0,1.0,MEDIUM,1.0,129.005,124,False
10,Belgian Grand Prix,PIA,2.0,1.0,MEDIUM,2.0,,4,False
10,Belgian Grand Prix,PIA,3.0,1.0,MEDIUM,3.0,,4,False
10,Belgian Grand Prix,PIA,4.0,1.0,MEDIUM,4.0,,41,False
10,Belgian Grand Prix,PIA,5.0,1.0,MEDIUM,5.0,111.333,1,True
10,Belgian Grand Prix,PIA,6.0,1.0,MEDIUM,6.0,111.431,1,True
10,Belgian Grand Prix,PIA,7.0,1.0,MEDIUM,7.0,110.916,1,True
10,Belgian Grand Prix,PIA,8.0,1.0,MEDIUM,8.0,111.782,12,False
10,Belgian Grand Prix,PIA,9.0,1.0,MEDIUM,9.0,111.665,1,True
10,Belgian Grand Prix,PIA,10.0,1.0,MEDIUM,10.0,110.734,1,True
10,Belgian Grand Prix,PIA,11.0,1.0,MEDIUM,11.0,111.156,1,True
10,Belgian Grand Prix,PIA,12.0,1.0,MEDIUM,12.0,111.821,1,True
10,Belgian Grand Prix,PIA,13.0,1.0,MEDIUM,13.0,112.128,1,True
10,Belgian Grand Prix,PIA,14.0,1.0,MEDIUM,14.0,112.155,1,True
10,Belgian Grand Prix,PIA,15.0,1.0,MEDIUM,15.0,112.044,1,True
10,Belgian Grand Prix,PIA,16.0,1.0,MEDIUM,16.0,112.175,1,True
10,Belgian Grand Prix,PIA,17.0,1.0,MEDIUM,17.0,112.074,1,True
10,Belgian Grand Prix,PIA,18.0,1.0,MEDIUM,18.0,123.308,167,False
10,Belgian Grand Prix,PIA,19.0,1.0,MEDIUM,19.0,112.84,1,True
10,Belgian Grand Prix,PIA,20.0,1.0,MEDIUM,20.0,130.454,16,False
10,Belgian Grand Prix,PIA,21.0,2.0,HARD,1.0,129.309,671,False
10,Belgian Grand Prix,PIA,22.0,2.0,HARD,2.0,109.899,1,True
10,Belgian Grand Prix,PIA,23.0,2.0,HARD,3.0,109.562,1,True
10,Belgian Grand Prix,PIA,24.0,2.0,HARD,4.0,109.571,1,True
10,Belgian Grand Prix,PIA,25.0,2.0,HARD,5.0,109.969,1,True
10,Belgian Grand Prix,PIA,26.0,2.0,HARD,6.0,109.791,1,True
10,Belgian Grand Prix,PIA,27.0,2.0,HARD,7.0,110.095,1,True
10,Belgian Grand Prix,PIA,28.0,2.0,HARD,8.0,110.098,1,True
10,Belgian Grand Prix,PIA,29.0,2.0,HARD,9.0,111.529,1,True
10,Belgian Grand Prix,PIA,30.0,2.0,HARD,10.0,110.256,1,True
10,Belgian Grand Prix,PIA,31.0,2.0,HARD,11.0,110.362,1,True
10,Belgian Grand Prix,PIA,32.0,2.0,HARD,12.0,110.201,1,True
10,Belgian Grand Prix,PIA,33.0,2.0,HARD,13.0,109.998,1,True
10,Belgian Grand Prix,PIA,34.0,2.0,HARD,14.0,110.869,1,True
10,Belgian Grand Prix,PIA,35.0,2.0,HARD,15.0,110.738,1,True
10,Belgian Grand Prix,PIA,36.0,2.0,HARD,16.0,110.565,1,True
10,Belgian Grand Prix,PIA,37.0,2.0,HARD,17.0,110.314,1,True
10,Belgian Grand Prix,PIA,38.0,2.0,HARD,18.0,110.356,1,True
10,Belgian Grand Prix,PIA,39.0,2.0,HARD,19.0,110.718,1,True
10,Belgian Grand Prix,PIA,40.0,2.0,HARD,20.0,111.99,1,True
10,Belgian Grand Prix,PIA,41.0,2.0,HARD,21.0,110.423,1,True
10,Belgian Grand Prix,PIA,42.0,2.0,HARD,22.0,110.576,1,True
10,Belgian Grand Prix,PIA,43.0,2.0,HARD,23.0,110.456,1,True
10,Belgian Grand Prix,PIA,44.0,2.0,HARD,24.0,109.774,1,True
10,Belgian Grand Prix,HAD,1.0,1.0,HARD,1.0,154.266,124,False
10,Belgian Grand Prix,HAD,2.0,2.0,MEDIUM,1.0,,4,False
10,Belgian Grand Prix,HAD,3.0,3.0,HARD,1.0,,4,False
10,Belgian Grand Prix,HAD,4.0,3.0,HARD,2.0,148.123,41,False
10,Belgian Grand Prix,HAD,5.0,3.0,HARD,3.0,113.796,1,True
10,Belgian Grand Prix,HAD,6.0,3.0,HARD,4.0,111.864,1,True
10,Belgian Grand Prix,HAD,7.0,3.0,HARD,5.0,111.556,1,True
10,Belgian Grand Prix,HAD,8.0,3.0,HARD,6.0,112.369,12,False
10,Belgian Grand Prix,HAD,9.0,3.0,HARD,7.0,113.145,1,True
10,Belgian Grand Prix,HAD,10.0,3.0,HARD,8.0,112.112,1,True
10,Belgian Grand Prix,HAD,11.0,3.0,HARD,9.0,111.673,1,True
10,Belgian Grand Prix,HAD,12.0,3.0,HARD,10.0,111.935,1,True
10,Belgian Grand Prix,HAD,13.0,3.0,HARD,11.0,111.034,1,True
10,Belgian Grand Prix,HAD,14.0,3.0,HARD,12.0,111.419,1,True
10,Belgian Grand Prix,HAD,15.0,3.0,HARD,13.0,111.948,1,True
10,Belgian Grand Prix,HAD,16.0,3.0,HARD,14.0,111.724,1,True
10,Belgian Grand Prix,HAD,17.0,3.0,HARD,15.0,111.422,1,True
10,Belgian Grand Prix,HAD,18.0,3.0,HARD,16.0,123.208,167,False
10,Belgian Grand Prix,HAD,19.0,3.0,HARD,17.0,111.003,1,True
10,Belgian Grand Prix,HAD,20.0,3.0,HARD,18.0,134.214,16,False
10,Belgian Grand Prix,HAD,21.0,4.0,HARD,2.0,127.242,671,False
10,Belgian Grand Prix,HAD,22.0,4.0,HARD,3.0,109.666,1,True
10,Belgian Grand Prix,HAD,23.0,4.0,HARD,4.0,109.999,1,True
10,Belgian Grand Prix,HAD,24.0,4.0,HARD,5.0,109.841,1,True
10,Belgian Grand Prix,HAD,25.0,4.0,HARD,6.0,110.085,1,True
10,Belgian Grand Prix,HAD,26.0,4.0,HARD,7.0,109.892,1,True
10,Belgian Grand Prix,HAD,27.0,4.0,HARD,8.0,110.085,1,True
10,Belgian Grand Prix,HAD,28.0,4.0,HARD,9.0,110.027,1,True
10,Belgian Grand Prix,HAD,29.0,4.0,HARD,10.0,109.945,1,True
10,Belgian Grand Prix,HAD,30.0,4.0,HARD,11.0,110.183,1,True
10,Belgian Grand Prix,HAD,31.0,4.0,HARD,12.0,110.153,1,True
10,Belgian Grand Prix,HAD,32.0,4.0,HARD,13.0,110.215,1,True
10,Belgian Grand Prix,HAD,33.0,4.0,HARD,14.0,109.939,1,True
10,Belgian Grand Prix,HAD,34.0,4.0,HARD,15.0,110.274,1,True
10,Belgian Grand Prix,HAD,35.0,4.0,HARD,16.0,110.452,1,True
10,Belgian Grand Prix,HAD,36.0,4.0,HARD,17.0,110.241,1,True
10,Belgian Grand Prix,HAD,37.0,4.0,HARD,18.0,110.248,1,True
10,Belgian Grand Prix,HAD,38.0,4.0,HARD,19.0,110.125,1,True
10,Belgian Grand Prix,HAD,39.0,4.0,HARD,20.0,109.9,1,True
10,Belgian Grand Prix,HAD,40.0,4.0,HARD,21.0,110.047,1,True
10,Belgian Grand Prix,HAD,41.0,4.0,HARD,22.0,109.484,1,True
10,Belgian Grand Prix,HAD,42.0,4.0,HARD,23.0,109.631,1,True
10,Belgian Grand Prix,HAD,43.0,4.0,HARD,24.0,109.676,1,True
10,Belgian Grand Prix,HAD,44.0,4.0,HARD,25.0,109.298,1,True
10,Belgian Grand Prix,NOR,1.0,1.0,HARD,1.0,139.726,124,False
10,Belgian Grand Prix,NOR,2.0,1.0,HARD,2.0,,4,False
10,Belgian Grand Prix,NOR,3.0,1.0,HARD,3.0,,4,False
10,Belgian Grand Prix,NOR,4.0,1.0,HARD,4.0,,41,False
10,Belgian Grand Prix,NOR,5.0,1.0,HARD,5.0,113.047,1,True
10,Belgian Grand Prix,NOR,6.0,1.0,HARD,6.0,112.672,1,True
10,Belgian Grand Prix,NOR,7.0,1.0,HARD,7.0,111.107,1,True
10,Belgian Grand Prix,NOR,8.0,1.0,HARD,8.0,111.894,12,False
10,Belgian Grand Prix,NOR,9.0,1.0,HARD,9.0,111.467,1,True
10,Belgian Grand Prix,NOR,10.0,1.0,HARD,10.0,111.642,1,True
10,Belgian Grand Prix,NOR,11.0,1.0,HARD,11.0,112.804,1,True
10,Belgian Grand Prix,NOR,12.0,1.0,HARD,12.0,110.76,1,True
10,Belgian Grand Prix,NOR,13.0,1.0,HARD,13.0,111.516,1,True
10,Belgian Grand Prix,NOR,14.0,1.0,HARD,14.0,110.943,1,True
10,Belgian Grand Prix,NOR,15.0,1.0,HARD,15.0,110.663,1,True
10,Belgian Grand Prix,NOR,16.0,1.0,HARD,16.0,111.063,1,True
10,Belgian Grand Prix,NOR,17.0,1.0,HARD,17.0,110.9,1,True
10,Belgian Grand Prix,NOR,18.0,1.0,HARD,18.0,122.574,167,False
10,Belgian Grand Prix,NOR,19.0,1.0,HARD,19.0,111.461,1,True
10,Belgian Grand Prix,NOR,20.0,1.0,HARD,20.0,130.041,16,False
10,Belgian Grand Prix,NOR,21.0,1.0,HARD,21.0,121.71,671,False
10,Belgian Grand Prix,NOR,22.0,1.0,HARD,22.0,110.733,1,True
10,Belgian Grand Prix,NOR,23.0,1.0,HARD,23.0,111.275,1,True
10,Belgian Grand Prix,NOR,24.0,1.0,HARD,24.0,110.428,1,True
10,Belgian Grand Prix,NOR,25.0,1.0,HARD,25.0,110.903,1,True
10,Belgian Grand Prix,NOR,26.0,1.0,HARD,26.0,111.067,1,True
10,Belgian Grand Prix,NOR,27.0,1.0,HARD,27.0,110.974,1,True
10,Belgian Grand Prix,NOR,28.0,1.0,HARD,28.0,110.743,1,True
10,Belgian Grand Prix,NOR,29.0,1.0,HARD,29.0,111.796,1,True
10,Belgian Grand Prix,NOR,30.0,1.0,HARD,30.0,115.056,1,False
10,Belgian Grand Prix,NOR,31.0,2.0,MEDIUM,1.0,129.847,1,False
10,Belgian Grand Prix,NOR,32.0,2.0,MEDIUM,2.0,109.447,1,True
10,Belgian Grand Prix,NOR,33.0,2.0,MEDIUM,3.0,109.432,1,True
10,Belgian Grand Prix,NOR,34.0,2.0,MEDIUM,4.0,109.317,1,True
10,Belgian Grand Prix,NOR,35.0,2.0,MEDIUM,5.0,109.103,1,True
10,Belgian Grand Prix,NOR,36.0,2.0,MEDIUM,6.0,109.354,1,True
10,Belgian Grand Prix,NOR,37.0,2.0,MEDIUM,7.0,109.141,1,True
10,Belgian Grand Prix,NOR,38.0,2.0,MEDIUM,8.0,109.1,1,True
10,Belgian Grand Prix,NOR,39.0,2.0,MEDIUM,9.0,109.122,1,True
10,Belgian Grand Prix,NOR,40.0,2.0,MEDIUM,10.0,109.084,1,True
10,Belgian Grand Prix,NOR,41.0,2.0,MEDIUM,11.0,108.927,1,True
10,Belgian Grand Prix,NOR,42.0,2.0,MEDIUM,12.0,108.904,1,True
10,Belgian Grand Prix,NOR,43.0,2.0,MEDIUM,13.0,109.177,1,True
10,Belgian Grand Prix,NOR,44.0,2.0,MEDIUM,14.0,108.89,1,True
10,Belgian Grand Prix,BOR,1.0,1.0,MEDIUM,1.0,138.086,124,False
10,Belgian Grand Prix,BOR,2.0,1.0,MEDIUM,2.0,,4,False
10,Belgian Grand Prix,BOR,3.0,1.0,MEDIUM,3.0,,4,False
10,Belgian Grand Prix,BOR,4.0,1.0,MEDIUM,4.0,,41,False
10,Belgian Grand Prix,BOR,5.0,1.0,MEDIUM,5.0,113.849,1,True
10,Belgian Grand Prix,BOR,6.0,1.0,MEDIUM,6.0,112.91,1,True
10,Belgian Grand Prix,BOR,7.0,1.0,MEDIUM,7.0,112.826,1,True
10,Belgian Grand Prix,BOR,8.0,1.0,MEDIUM,8.0,112.312,12,False
10,Belgian Grand Prix,BOR,9.0,1.0,MEDIUM,9.0,111.875,1,True
10,Belgian Grand Prix,BOR,10.0,1.0,MEDIUM,10.0,111.844,1,True
10,Belgian Grand Prix,BOR,11.0,1.0,MEDIUM,11.0,112.248,1,True
10,Belgian Grand Prix,BOR,12.0,1.0,MEDIUM,12.0,112.981,1,True
10,Belgian Grand Prix,BOR,13.0,1.0,MEDIUM,13.0,112.88,1,True
10,Belgian Grand Prix,BOR,14.0,1.0,MEDIUM,14.0,112.9,1,True
10,Belgian Grand Prix,BOR,15.0,1.0,MEDIUM,15.0,113.46,1,True
10,Belgian Grand Prix,BOR,16.0,1.0,MEDIUM,16.0,112.426,1,True
10,Belgian Grand Prix,BOR,17.0,1.0,MEDIUM,17.0,112.274,1,True
10,Belgian Grand Prix,BOR,18.0,1.0,MEDIUM,18.0,123.589,167,False
10,Belgian Grand Prix,BOR,19.0,1.0,MEDIUM,19.0,111.947,1,True
10,Belgian Grand Prix,BOR,20.0,1.0,MEDIUM,20.0,135.782,16,False
10,Belgian Grand Prix,BOR,21.0,2.0,HARD,1.0,124.602,671,False
10,Belgian Grand Prix,BOR,22.0,2.0,HARD,2.0,110.334,1,True
10,Belgian Grand Prix,BOR,23.0,2.0,HARD,3.0,110.357,1,True
10,Belgian Grand Prix,BOR,24.0,2.0,HARD,4.0,110.621,1,True
10,Belgian Grand Prix,BOR,25.0,2.0,HARD,5.0,110.858,1,True
10,Belgian Grand Prix,BOR,26.0,2.0,HARD,6.0,110.957,1,True
10,Belgian Grand Prix,BOR,27.0,2.0,HARD,7.0,110.884,1,True
10,Belgian Grand Prix,BOR,28.0,2.0,HARD,8.0,111.051,1,True
10,Belgian Grand Prix,BOR,29.0,2.0,HARD,9.0,110.882,1,True
10,Belgian Grand Prix,BOR,30.0,2.0,HARD,10.0,111.273,1,True
10,Belgian Grand Prix,BOR,31.0,2.0,HARD,11.0,111.201,1,True
10,Belgian Grand Prix,BOR,32.0,2.0,HARD,12.0,111.938,1,True
10,Belgian Grand Prix,BOR,33.0,2.0,HARD,13.0,110.989,1,True
10,Belgian Grand Prix,BOR,34.0,2.0,HARD,14.0,111.507,1,True
10,Belgian Grand Prix,BOR,35.0,2.0,HARD,15.0,111.396,1,True
10,Belgian Grand Prix,BOR,36.0,2.0,HARD,16.0,110.861,1,True
10,Belgian Grand Prix,BOR,37.0,2.0,HARD,17.0,110.718,1,True
10,Belgian Grand Prix,BOR,38.0,2.0,HARD,18.0,111.159,1,True
10,Belgian Grand Prix,BOR,39.0,2.0,HARD,19.0,110.89,1,True
10,Belgian Grand Prix,BOR,40.0,2.0,HARD,20.0,110.825,1,True
10,Belgian Grand Prix,BOR,41.0,2.0,HARD,21.0,110.69,1,True
10,Belgian Grand Prix,BOR,42.0,2.0,HARD,22.0,111.011,1,True
10,Belgian Grand Prix,BOR,43.0,2.0,HARD,23.0,111.174,1,True
10,Belgian Grand Prix,BOR,44.0,2.0,HARD,24.0,111.252,1,True
10,Belgian Grand Prix,LIN,1.0,1.0,MEDIUM,1.0,135.083,124,False
10,Belgian Grand Prix,LIN,2.0,1.0,MEDIUM,2.0,,4,False
10,Belgian Grand Prix,LIN,3.0,1.0,MEDIUM,3.0,,4,False
10,Belgian Grand Prix,LIN,4.0,1.0,MEDIUM,4.0,,41,False
10,Belgian Grand Prix,LIN,5.0,1.0,MEDIUM,5.0,112.741,1,True
10,Belgian Grand Prix,LIN,6.0,1.0,MEDIUM,6.0,112.209,1,True
10,Belgian Grand Prix,LIN,7.0,1.0,MEDIUM,7.0,111.483,1,True
10,Belgian Grand Prix,LIN,8.0,1.0,MEDIUM,8.0,111.54,12,False
10,Belgian Grand Prix,LIN,9.0,1.0,MEDIUM,9.0,112.328,1,True
10,Belgian Grand Prix,LIN,10.0,1.0,MEDIUM,10.0,112.202,1,True
10,Belgian Grand Prix,LIN,11.0,1.0,MEDIUM,11.0,112.749,1,True
10,Belgian Grand Prix,LIN,12.0,1.0,MEDIUM,12.0,113.151,1,True
10,Belgian Grand Prix,LIN,13.0,1.0,MEDIUM,13.0,112.239,1,True
10,Belgian Grand Prix,LIN,14.0,1.0,MEDIUM,14.0,112.05,1,True
10,Belgian Grand Prix,LIN,15.0,1.0,MEDIUM,15.0,112.316,1,True
10,Belgian Grand Prix,LIN,16.0,1.0,MEDIUM,16.0,116.679,1,False
10,Belgian Grand Prix,LIN,17.0,2.0,HARD,1.0,128.544,1,False
10,Belgian Grand Prix,LIN,18.0,2.0,HARD,2.0,123.683,167,False
10,Belgian Grand Prix,LIN,19.0,2.0,HARD,3.0,111.094,1,True
10,Belgian Grand Prix,LIN,20.0,2.0,HARD,4.0,137.741,167,False
10,Belgian Grand Prix,LIN,21.0,2.0,HARD,5.0,112.013,71,False
10,Belgian Grand Prix,LIN,22.0,2.0,HARD,6.0,110.588,1,True
10,Belgian Grand Prix,LIN,23.0,2.0,HARD,7.0,110.536,1,True
10,Belgian Grand Prix,LIN,24.0,2.0,HARD,8.0,110.809,1,True
10,Belgian Grand Prix,LIN,25.0,2.0,HARD,9.0,110.946,1,True
10,Belgian Grand Prix,LIN,26.0,2.0,HARD,10.0,111.019,1,True
10,Belgian Grand Prix,LIN,27.0,2.0,HARD,11.0,111.026,1,True
10,Belgian Grand Prix,LIN,28.0,2.0,HARD,12.0,110.885,1,True
10,Belgian Grand Prix,LIN,29.0,2.0,HARD,13.0,110.824,1,True
10,Belgian Grand Prix,LIN,30.0,2.0,HARD,14.0,111.128,1,True
10,Belgian Grand Prix,LIN,31.0,2.0,HARD,15.0,111.124,1,True
10,Belgian Grand Prix,LIN,32.0,2.0,HARD,16.0,111.138,1,True
10,Belgian Grand Prix,LIN,33.0,2.0,HARD,17.0,110.912,1,True
10,Belgian Grand Prix,LIN,34.0,2.0,HARD,18.0,111.164,1,True
10,Belgian Grand Prix,LIN,35.0,2.0,HARD,19.0,110.989,1,True
10,Belgian Grand Prix,LIN,36.0,2.0,HARD,20.0,110.994,1,True
10,Belgian Grand Prix,LIN,37.0,2.0,HARD,21.0,110.914,1,True
10,Belgian Grand Prix,LIN,38.0,2.0,HARD,22.0,110.92,1,True
10,Belgian Grand Prix,LIN,39.0,2.0,HARD,23.0,111.241,1,True
10,Belgian Grand Prix,LIN,40.0,2.0,HARD,24.0,110.583,1,True
10,Belgian Grand Prix,LIN,41.0,2.0,HARD,25.0,110.722,1,True
10,Belgian Grand Prix,LIN,42.0,2.0,HARD,26.0,110.659,1,True
10,Belgian Grand Prix,LIN,43.0,2.0,HARD,27.0,111.096,1,True
10,Belgian Grand Prix,LIN,44.0,2.0,HARD,28.0,110.574,1,True
10,Belgian Grand Prix,COL,1.0,1.0,MEDIUM,1.0,136.278,124,False
10,Belgian Grand Prix,COL,2.0,1.0,MEDIUM,2.0,,4,False
10,Belgian Grand Prix,COL,3.0,1.0,MEDIUM,3.0,,4,False
10,Belgian Grand Prix,COL,4.0,1.0,MEDIUM,4.0,,41,False
10,Belgian Grand Prix,COL,5.0,1.0,MEDIUM,5.0,113.135,1,True
10,Belgian Grand Prix,COL,6.0,1.0,MEDIUM,6.0,112.526,1,True
10,Belgian Grand Prix,COL,7.0,1.0,MEDIUM,7.0,112.417,1,True
10,Belgian Grand Prix,COL,8.0,1.0,MEDIUM,8.0,112.721,12,False
10,Belgian Grand Prix,COL,9.0,1.0,MEDIUM,9.0,111.85,1,True
10,Belgian Grand Prix,COL,10.0,1.0,MEDIUM,10.0,112.113,1,True
10,Belgian Grand Prix,COL,11.0,1.0,MEDIUM,11.0,112.28,1,True
10,Belgian Grand Prix,COL,12.0,1.0,MEDIUM,12.0,113.486,1,True
10,Belgian Grand Prix,COL,13.0,1.0,MEDIUM,13.0,112.876,1,True
10,Belgian Grand Prix,COL,14.0,1.0,MEDIUM,14.0,112.938,1,True
10,Belgian Grand Prix,COL,15.0,1.0,MEDIUM,15.0,117.406,1,False
10,Belgian Grand Prix,COL,16.0,2.0,HARD,1.0,127.628,1,False
10,Belgian Grand Prix,COL,17.0,2.0,HARD,2.0,111.618,1,True
10,Belgian Grand Prix,COL,18.0,2.0,HARD,3.0,123.824,167,False
10,Belgian Grand Prix,COL,19.0,2.0,HARD,4.0,111.957,1,True
10,Belgian Grand Prix,COL,20.0,2.0,HARD,5.0,138.927,167,False
10,Belgian Grand Prix,COL,21.0,2.0,HARD,6.0,112.401,1,True
10,Belgian Grand Prix,COL,22.0,2.0,HARD,7.0,112.106,1,True
10,Belgian Grand Prix,COL,23.0,2.0,HARD,8.0,111.891,1,True
10,Belgian Grand Prix,COL,24.0,2.0,HARD,9.0,111.454,1,True
10,Belgian Grand Prix,COL,25.0,2.0,HARD,10.0,112.679,1,True
10,Belgian Grand Prix,COL,26.0,2.0,HARD,11.0,112.295,1,True
10,Belgian Grand Prix,COL,27.0,2.0,HARD,12.0,112.231,1,True
10,Belgian Grand Prix,COL,28.0,2.0,HARD,13.0,111.828,1,True
10,Belgian Grand Prix,COL,29.0,2.0,HARD,14.0,112.38,1,True
10,Belgian Grand Prix,COL,30.0,2.0,HARD,15.0,111.884,1,True
10,Belgian Grand Prix,COL,31.0,2.0,HARD,16.0,111.732,1,True
10,Belgian Grand Prix,COL,32.0,2.0,HARD,17.0,111.657,1,True
10,Belgian Grand Prix,COL,33.0,2.0,HARD,18.0,111.723,1,True
10,Belgian Grand Prix,COL,34.0,2.0,HARD,19.0,111.659,1,True
10,Belgian Grand Prix,COL,35.0,2.0,HARD,20.0,112.274,1,True
10,Belgian Grand Prix,COL,36.0,2.0,HARD,21.0,111.759,1,True
10,Belgian Grand Prix,COL,37.0,2.0,HARD,22.0,111.562,1,True
10,Belgian Grand Prix,COL,38.0,2.0,HARD,23.0,111.661,1,True
10,Belgian Grand Prix,COL,39.0,2.0,HARD,24.0,111.234,1,True
10,Belgian Grand Prix,COL,40.0,2.0,HARD,25.0,111.542,1,True
10,Belgian Grand Prix,COL,41.0,2.0,HARD,26.0,111.365,1,True
10,Belgian Grand Prix,COL,42.0,2.0,HARD,27.0,111.162,1,True
10,Belgian Grand Prix,COL,43.0,2.0,HARD,28.0,111.363,1,True
10,Belgian Grand Prix,COL,44.0,2.0,HARD,29.0,111.197,1,True
10,Belgian Grand Prix,GAS,1.0,1.0,MEDIUM,1.0,143.344,124,False
10,Belgian Grand Prix,GAS,2.0,1.0,MEDIUM,2.0,,4,False
10,Belgian Grand Prix,GAS,3.0,1.0,MEDIUM,3.0,,4,False
10,Belgian Grand Prix,GAS,4.0,1.0,MEDIUM,4.0,,41,False
10,Belgian Grand Prix,GAS,5.0,1.0,MEDIUM,5.0,113.432,1,True
10,Belgian Grand Prix,GAS,6.0,1.0,MEDIUM,6.0,112.917,1,True
10,Belgian Grand Prix,GAS,7.0,1.0,MEDIUM,7.0,111.845,1,True
10,Belgian Grand Prix,GAS,8.0,1.0,MEDIUM,8.0,112.255,12,False
10,Belgian Grand Prix,GAS,9.0,1.0,MEDIUM,9.0,111.931,1,True
10,Belgian Grand Prix,GAS,10.0,1.0,MEDIUM,10.0,111.922,1,True
10,Belgian Grand Prix,GAS,11.0,1.0,MEDIUM,11.0,112.362,1,True
10,Belgian Grand Prix,GAS,12.0,1.0,MEDIUM,12.0,111.944,1,True
10,Belgian Grand Prix,GAS,13.0,1.0,MEDIUM,13.0,112.591,1,True
10,Belgian Grand Prix,GAS,14.0,1.0,MEDIUM,14.0,116.937,1,False
10,Belgian Grand Prix,GAS,15.0,2.0,HARD,1.0,127.662,1,False
10,Belgian Grand Prix,GAS,16.0,2.0,HARD,2.0,111.581,1,True
10,Belgian Grand Prix,GAS,17.0,2.0,HARD,3.0,112.959,1,True
10,Belgian Grand Prix,GAS,18.0,2.0,HARD,4.0,123.882,167,False
10,Belgian Grand Prix,GAS,19.0,2.0,HARD,5.0,112.17,1,True
10,Belgian Grand Prix,GAS,20.0,2.0,HARD,6.0,138.531,167,False
10,Belgian Grand Prix,GAS,21.0,2.0,HARD,7.0,113.416,71,False
10,Belgian Grand Prix,GAS,22.0,2.0,HARD,8.0,112.112,1,True
10,Belgian Grand Prix,GAS,23.0,2.0,HARD,9.0,111.851,1,True
10,Belgian Grand Prix,GAS,24.0,2.0,HARD,10.0,111.396,1,True
10,Belgian Grand Prix,GAS,25.0,2.0,HARD,11.0,112.981,1,True
10,Belgian Grand Prix,GAS,26.0,2.0,HARD,12.0,111.87,1,True
10,Belgian Grand Prix,GAS,27.0,2.0,HARD,13.0,112.164,1,True
10,Belgian Grand Prix,GAS,28.0,2.0,HARD,14.0,112.042,1,True
10,Belgian Grand Prix,GAS,29.0,2.0,HARD,15.0,112.662,1,True
10,Belgian Grand Prix,GAS,30.0,2.0,HARD,16.0,114.174,1,True
10,Belgian Grand Prix,GAS,31.0,2.0,HARD,17.0,111.819,1,True
10,Belgian Grand Prix,GAS,32.0,2.0,HARD,18.0,111.721,1,True
10,Belgian Grand Prix,GAS,33.0,2.0,HARD,19.0,111.652,1,True
10,Belgian Grand Prix,GAS,34.0,2.0,HARD,20.0,111.757,1,True
10,Belgian Grand Prix,GAS,35.0,2.0,HARD,21.0,111.84,1,True
10,Belgian Grand Prix,GAS,36.0,2.0,HARD,22.0,111.477,1,True
10,Belgian Grand Prix,GAS,37.0,2.0,HARD,23.0,111.702,1,True
10,Belgian Grand Prix,GAS,38.0,2.0,HARD,24.0,111.446,1,True
10,Belgian Grand Prix,GAS,39.0,2.0,HARD,25.0,111.101,1,True
10,Belgian Grand Prix,GAS,40.0,2.0,HARD,26.0,111.305,1,True
10,Belgian Grand Prix,GAS,41.0,2.0,HARD,27.0,111.365,1,True
10,Belgian Grand Prix,GAS,42.0,2.0,HARD,28.0,111.449,1,True
10,Belgian Grand Prix,GAS,43.0,2.0,HARD,29.0,111.283,1,True
10,Belgian Grand Prix,GAS,44.0,2.0,HARD,30.0,111.13,1,True
10,Belgian Grand Prix,LAW,1.0,1.0,MEDIUM,1.0,132.922,124,False
10,Belgian Grand Prix,LAW,2.0,1.0,MEDIUM,2.0,,4,False
10,Belgian Grand Prix,LAW,3.0,1.0,MEDIUM,3.0,,4,False
10,Belgian Grand Prix,LAW,4.0,1.0,MEDIUM,4.0,,41,False
10,Belgian Grand Prix,LAW,5.0,1.0,MEDIUM,5.0,112.419,1,True
10,Belgian Grand Prix,LAW,6.0,1.0,MEDIUM,6.0,112.025,1,True
10,Belgian Grand Prix,LAW,7.0,1.0,MEDIUM,7.0,111.952,1,True
10,Belgian Grand Prix,LAW,8.0,1.0,MEDIUM,8.0,113.11,12,False
10,Belgian Grand Prix,LAW,9.0,1.0,MEDIUM,9.0,112.736,1,True
10,Belgian Grand Prix,LAW,10.0,1.0,MEDIUM,10.0,112.673,1,True
10,Belgian Grand Prix,LAW,11.0,1.0,MEDIUM,11.0,112.441,1,True
10,Belgian Grand Prix,LAW,12.0,1.0,MEDIUM,12.0,112.435,1,True
10,Belgian Grand Prix,LAW,13.0,1.0,MEDIUM,13.0,112.429,1,True
10,Belgian Grand Prix,LAW,14.0,1.0,MEDIUM,14.0,112.484,1,True
10,Belgian Grand Prix,LAW,15.0,1.0,MEDIUM,15.0,116.581,1,False
10,Belgian Grand Prix,LAW,16.0,2.0,HARD,1.0,126.99,1,False
10,Belgian Grand Prix,LAW,17.0,2.0,HARD,2.0,113.39,1,True
10,Belgian Grand Prix,LAW,18.0,2.0,HARD,3.0,124.11,167,False
10,Belgian Grand Prix,LAW,19.0,2.0,HARD,4.0,111.939,1,True
10,Belgian Grand Prix,LAW,20.0,2.0,HARD,5.0,139.03,167,False
10,Belgian Grand Prix,LAW,21.0,2.0,HARD,6.0,112.646,71,False
10,Belgian Grand Prix,LAW,22.0,2.0,HARD,7.0,111.579,1,True
10,Belgian Grand Prix,LAW,23.0,2.0,HARD,8.0,111.63,1,True
10,Belgian Grand Prix,LAW,24.0,2.0,HARD,9.0,111.986,1,True
10,Belgian Grand Prix,LAW,25.0,2.0,HARD,10.0,112.958,1,True
10,Belgian Grand Prix,LAW,26.0,2.0,HARD,11.0,112.19,1,True
10,Belgian Grand Prix,LAW,27.0,2.0,HARD,12.0,112.11,1,True
10,Belgian Grand Prix,LAW,28.0,2.0,HARD,13.0,112.12,1,True
10,Belgian Grand Prix,LAW,29.0,2.0,HARD,14.0,112.942,1,True
10,Belgian Grand Prix,LAW,30.0,2.0,HARD,15.0,114.109,1,True
10,Belgian Grand Prix,LAW,31.0,2.0,HARD,16.0,111.725,1,True
10,Belgian Grand Prix,LAW,32.0,2.0,HARD,17.0,111.865,1,True
10,Belgian Grand Prix,LAW,33.0,2.0,HARD,18.0,112.763,1,True
10,Belgian Grand Prix,LAW,34.0,2.0,HARD,19.0,111.787,1,True
10,Belgian Grand Prix,LAW,35.0,2.0,HARD,20.0,111.843,1,True
10,Belgian Grand Prix,LAW,36.0,2.0,HARD,21.0,111.569,1,True
10,Belgian Grand Prix,LAW,37.0,2.0,HARD,22.0,111.59,1,True
10,Belgian Grand Prix,LAW,38.0,2.0,HARD,23.0,111.502,1,True
10,Belgian Grand Prix,LAW,39.0,2.0,HARD,24.0,111.252,1,True
10,Belgian Grand Prix,LAW,40.0,2.0,HARD,25.0,111.186,1,True
10,Belgian Grand Prix,LAW,41.0,2.0,HARD,26.0,111.177,1,True
10,Belgian Grand Prix,LAW,42.0,2.0,HARD,27.0,111.6,1,True
10,Belgian Grand Prix,LAW,43.0,2.0,HARD,28.0,111.19,1,True
10,Belgian Grand Prix,LAW,44.0,2.0,HARD,29.0,111.075,1,True
10,Belgian Grand Prix,HUL,1.0,1.0,MEDIUM,1.0,145.817,124,False
10,Belgian Grand Prix,HUL,2.0,1.0,MEDIUM,2.0,,4,False
10,Belgian Grand Prix,HUL,3.0,1.0,MEDIUM,3.0,,4,False
10,Belgian Grand Prix,HUL,4.0,1.0,MEDIUM,4.0,,41,False
10,Belgian Grand Prix,HUL,5.0,1.0,MEDIUM,5.0,113.665,1,True
10,Belgian Grand Prix,HUL,6.0,1.0,MEDIUM,6.0,113.283,1,True
10,Belgian Grand Prix,HUL,7.0,1.0,MEDIUM,7.0,112.497,1,True
10,Belgian Grand Prix,HUL,8.0,1.0,MEDIUM,8.0,112.859,12,False
10,Belgian Grand Prix,HUL,9.0,1.0,MEDIUM,9.0,112.763,1,True
10,Belgian Grand Prix,HUL,10.0,1.0,MEDIUM,10.0,112.775,1,True
10,Belgian Grand Prix,HUL,11.0,1.0,MEDIUM,11.0,112.906,1,True
10,Belgian Grand Prix,HUL,12.0,1.0,MEDIUM,12.0,111.772,1,True
10,Belgian Grand Prix,HUL,13.0,1.0,MEDIUM,13.0,113.012,1,True
10,Belgian Grand Prix,HUL,14.0,1.0,MEDIUM,14.0,112.467,1,True
10,Belgian Grand Prix,HUL,15.0,1.0,MEDIUM,15.0,112.43,1,True
10,Belgian Grand Prix,HUL,16.0,1.0,MEDIUM,16.0,112.467,1,True
10,Belgian Grand Prix,HUL,17.0,1.0,MEDIUM,17.0,112.056,1,True
10,Belgian Grand Prix,HUL,18.0,1.0,MEDIUM,18.0,123.68,167,False
10,Belgian Grand Prix,HUL,19.0,1.0,MEDIUM,19.0,111.91,1,True
10,Belgian Grand Prix,HUL,20.0,1.0,MEDIUM,20.0,137.243,16,False
10,Belgian Grand Prix,HUL,21.0,2.0,HARD,1.0,128.886,671,False
10,Belgian Grand Prix,HUL,22.0,2.0,HARD,2.0,112.173,1,True
10,Belgian Grand Prix,HUL,23.0,2.0,HARD,3.0,111.219,1,True
10,Belgian Grand Prix,HUL,24.0,2.0,HARD,4.0,111.875,1,True
10,Belgian Grand Prix,HUL,25.0,2.0,HARD,5.0,113.291,1,True
10,Belgian Grand Prix,HUL,26.0,2.0,HARD,6.0,112.628,1,True
10,Belgian Grand Prix,HUL,27.0,2.0,HARD,7.0,112.105,1,True
10,Belgian Grand Prix,HUL,28.0,2.0,HARD,8.0,113.03,1,True
10,Belgian Grand Prix,HUL,29.0,2.0,HARD,9.0,112.513,1,True
10,Belgian Grand Prix,HUL,30.0,2.0,HARD,10.0,113.843,1,True
10,Belgian Grand Prix,HUL,31.0,2.0,HARD,11.0,111.972,1,True
10,Belgian Grand Prix,HUL,32.0,2.0,HARD,12.0,111.532,1,True
10,Belgian Grand Prix,HUL,33.0,2.0,HARD,13.0,112.363,1,True
10,Belgian Grand Prix,HUL,34.0,2.0,HARD,14.0,111.331,1,True
10,Belgian Grand Prix,HUL,35.0,2.0,HARD,15.0,111.96,1,True
10,Belgian Grand Prix,HUL,36.0,2.0,HARD,16.0,111.784,1,True
10,Belgian Grand Prix,HUL,37.0,2.0,HARD,17.0,111.546,1,True
10,Belgian Grand Prix,HUL,38.0,2.0,HARD,18.0,111.874,1,True
10,Belgian Grand Prix,HUL,39.0,2.0,HARD,19.0,111.977,1,True
10,Belgian Grand Prix,HUL,40.0,2.0,HARD,20.0,110.639,1,True
10,Belgian Grand Prix,HUL,41.0,2.0,HARD,21.0,110.503,1,True
10,Belgian Grand Prix,HUL,42.0,2.0,HARD,22.0,111.502,1,True
10,Belgian Grand Prix,HUL,43.0,2.0,HARD,23.0,111.322,1,True
10,Belgian Grand Prix,HUL,44.0,2.0,HARD,24.0,111.169,1,True
10,Belgian Grand Prix,BEA,1.0,1.0,MEDIUM,1.0,153.664,124,False
10,Belgian Grand Prix,BEA,2.0,2.0,HARD,1.0,,4,False
10,Belgian Grand Prix,BEA,3.0,2.0,HARD,2.0,,4,False
10,Belgian Grand Prix,BEA,4.0,2.0,HARD,3.0,,41,False
10,Belgian Grand Prix,BEA,5.0,2.0,HARD,4.0,112.911,1,True
10,Belgian Grand Prix,BEA,6.0,2.0,HARD,5.0,112.807,1,True
10,Belgian Grand Prix,BEA,7.0,2.0,HARD,6.0,112.53,1,True
10,Belgian Grand Prix,BEA,8.0,2.0,HARD,7.0,112.877,12,False
10,Belgian Grand Prix,BEA,9.0,2.0,HARD,8.0,113.289,1,True
10,Belgian Grand Prix,BEA,10.0,2.0,HARD,9.0,113.236,1,True
10,Belgian Grand Prix,BEA,11.0,2.0,HARD,10.0,113.16,1,True
10,Belgian Grand Prix,BEA,12.0,2.0,HARD,11.0,113.365,1,True
10,Belgian Grand Prix,BEA,13.0,2.0,HARD,12.0,113.079,1,True
10,Belgian Grand Prix,BEA,14.0,2.0,HARD,13.0,113.0,1,True
10,Belgian Grand Prix,BEA,15.0,2.0,HARD,14.0,113.318,1,True
10,Belgian Grand Prix,BEA,16.0,2.0,HARD,15.0,113.251,1,True
10,Belgian Grand Prix,BEA,17.0,2.0,HARD,16.0,113.509,1,True
10,Belgian Grand Prix,BEA,18.0,2.0,HARD,17.0,124.258,167,False
10,Belgian Grand Prix,BEA,19.0,2.0,HARD,18.0,113.036,1,True
10,Belgian Grand Prix,BEA,20.0,2.0,HARD,19.0,140.849,167,False
10,Belgian Grand Prix,BEA,21.0,3.0,HARD,1.0,132.242,71,False
10,Belgian Grand Prix,BEA,22.0,3.0,HARD,2.0,111.109,1,True
10,Belgian Grand Prix,BEA,23.0,3.0,HARD,3.0,111.509,1,True
10,Belgian Grand Prix,BEA,24.0,3.0,HARD,4.0,111.218,1,True
10,Belgian Grand Prix,BEA,25.0,3.0,HARD,5.0,111.978,1,True
10,Belgian Grand Prix,BEA,26.0,3.0,HARD,6.0,112.479,1,True
10,Belgian Grand Prix,BEA,27.0,3.0,HARD,7.0,111.981,1,True
10,Belgian Grand Prix,BEA,28.0,3.0,HARD,8.0,112.004,1,True
10,Belgian Grand Prix,BEA,29.0,3.0,HARD,9.0,112.163,1,True
10,Belgian Grand Prix,BEA,30.0,3.0,HARD,10.0,112.251,1,True
10,Belgian Grand Prix,BEA,31.0,3.0,HARD,11.0,111.981,1,True
10,Belgian Grand Prix,BEA,32.0,3.0,HARD,12.0,112.001,1,True
10,Belgian Grand Prix,BEA,33.0,3.0,HARD,13.0,111.986,1,True
10,Belgian Grand Prix,BEA,34.0,3.0,HARD,14.0,112.095,1,True
10,Belgian Grand Prix,BEA,35.0,3.0,HARD,15.0,112.076,1,True
10,Belgian Grand Prix,BEA,36.0,3.0,HARD,16.0,111.935,1,True
10,Belgian Grand Prix,BEA,37.0,3.0,HARD,17.0,112.317,1,True
10,Belgian Grand Prix,BEA,38.0,3.0,HARD,18.0,112.008,1,True
10,Belgian Grand Prix,BEA,39.0,3.0,HARD,19.0,111.639,1,True
10,Belgian Grand Prix,BEA,40.0,3.0,HARD,20.0,111.542,1,True
10,Belgian Grand Prix,BEA,41.0,3.0,HARD,21.0,111.696,1,True
10,Belgian Grand Prix,BEA,42.0,3.0,HARD,22.0,112.071,1,True
10,Belgian Grand Prix,BEA,43.0,3.0,HARD,23.0,112.068,1,True
10,Belgian Grand Prix,BEA,44.0,3.0,HARD,24.0,111.511,1,True
10,Belgian Grand Prix,ALB,1.0,1.0,MEDIUM,1.0,145.248,124,False
10,Belgian Grand Prix,ALB,2.0,1.0,MEDIUM,2.0,,4,False
10,Belgian Grand Prix,ALB,3.0,1.0,MEDIUM,3.0,,4,False
10,Belgian Grand Prix,ALB,4.0,1.0,MEDIUM,4.0,,41,False
10,Belgian Grand Prix,ALB,5.0,1.0,MEDIUM,5.0,113.486,1,True
10,Belgian Grand Prix,ALB,6.0,1.0,MEDIUM,6.0,113.376,1,True
10,Belgian Grand Prix,ALB,7.0,1.0,MEDIUM,7.0,112.491,1,True
10,Belgian Grand Prix,ALB,8.0,1.0,MEDIUM,8.0,112.913,12,False
10,Belgian Grand Prix,ALB,9.0,1.0,MEDIUM,9.0,112.675,1,True
10,Belgian Grand Prix,ALB,10.0,1.0,MEDIUM,10.0,112.643,1,True
10,Belgian Grand Prix,ALB,11.0,1.0,MEDIUM,11.0,113.362,1,True
10,Belgian Grand Prix,ALB,12.0,1.0,MEDIUM,12.0,114.5,1,True
10,Belgian Grand Prix,ALB,13.0,1.0,MEDIUM,13.0,113.565,1,True
10,Belgian Grand Prix,ALB,14.0,1.0,MEDIUM,14.0,113.457,1,True
10,Belgian Grand Prix,ALB,15.0,1.0,MEDIUM,15.0,113.49,1,True
10,Belgian Grand Prix,ALB,16.0,1.0,MEDIUM,16.0,113.375,1,True
10,Belgian Grand Prix,ALB,17.0,1.0,MEDIUM,17.0,113.654,1,True
10,Belgian Grand Prix,ALB,18.0,1.0,MEDIUM,18.0,129.013,167,False
10,Belgian Grand Prix,ALB,19.0,2.0,HARD,1.0,126.644,1,False
10,Belgian Grand Prix,ALB,20.0,2.0,HARD,2.0,138.352,167,False
10,Belgian Grand Prix,ALB,21.0,2.0,HARD,3.0,111.894,1,True
10,Belgian Grand Prix,ALB,22.0,2.0,HARD,4.0,112.325,1,True
10,Belgian Grand Prix,ALB,23.0,2.0,HARD,5.0,112.297,1,True
10,Belgian Grand Prix,ALB,24.0,2.0,HARD,6.0,112.771,1,True
10,Belgian Grand Prix,ALB,25.0,2.0,HARD,7.0,112.771,1,True
10,Belgian Grand Prix,ALB,26.0,2.0,HARD,8.0,112.978,1,True
10,Belgian Grand Prix,ALB,27.0,2.0,HARD,9.0,113.81,1,True
10,Belgian Grand Prix,ALB,28.0,2.0,HARD,10.0,112.557,1,True
10,Belgian Grand Prix,ALB,29.0,2.0,HARD,11.0,112.731,1,True
10,Belgian Grand Prix,ALB,30.0,2.0,HARD,12.0,112.524,1,True
10,Belgian Grand Prix,ALB,31.0,2.0,HARD,13.0,112.751,1,True
10,Belgian Grand Prix,ALB,32.0,2.0,HARD,14.0,112.459,1,True
10,Belgian Grand Prix,ALB,33.0,2.0,HARD,15.0,112.797,1,True
10,Belgian Grand Prix,ALB,34.0,2.0,HARD,16.0,112.827,1,True
10,Belgian Grand Prix,ALB,35.0,2.0,HARD,17.0,112.567,1,True
10,Belgian Grand Prix,ALB,36.0,2.0,HARD,18.0,112.242,1,True
10,Belgian Grand Prix,ALB,37.0,2.0,HARD,19.0,112.57,1,True
10,Belgian Grand Prix,ALB,38.0,2.0,HARD,20.0,112.532,1,True
10,Belgian Grand Prix,ALB,39.0,2.0,HARD,21.0,112.461,1,True
10,Belgian Grand Prix,ALB,40.0,2.0,HARD,22.0,112.159,1,True
10,Belgian Grand Prix,ALB,41.0,2.0,HARD,23.0,112.133,1,True
10,Belgian Grand Prix,ALB,42.0,2.0,HARD,24.0,112.094,1,True
10,Belgian Grand Prix,ALB,43.0,2.0,HARD,25.0,112.408,1,True
10,Belgian Grand Prix,ALB,44.0,2.0,HARD,26.0,112.04,1,True
10,Belgian Grand Prix,SAI,1.0,1.0,SOFT,1.0,149.515,124,False
10,Belgian Grand Prix,SAI,2.0,1.0,SOFT,2.0,,4,False
10,Belgian Grand Prix,SAI,3.0,1.0,SOFT,3.0,,4,False
10,Belgian Grand Prix,SAI,4.0,1.0,SOFT,4.0,,41,False
10,Belgian Grand Prix,SAI,5.0,1.0,SOFT,5.0,113.978,1,True
10,Belgian Grand Prix,SAI,6.0,1.0,SOFT,6.0,113.589,1,True
10,Belgian Grand Prix,SAI,7.0,1.0,SOFT,7.0,112.503,1,True
10,Belgian Grand Prix,SAI,8.0,1.0,SOFT,8.0,113.151,12,False
10,Belgian Grand Prix,SAI,9.0,1.0,SOFT,9.0,113.158,1,True
10,Belgian Grand Prix,SAI,10.0,1.0,SOFT,10.0,112.549,1,True
10,Belgian Grand Prix,SAI,11.0,1.0,SOFT,11.0,113.838,1,False
10,Belgian Grand Prix,SAI,12.0,1.0,SOFT,12.0,113.929,1,True
10,Belgian Grand Prix,SAI,13.0,1.0,SOFT,13.0,114.265,1,True
10,Belgian Grand Prix,SAI,14.0,1.0,SOFT,14.0,117.774,1,False
10,Belgian Grand Prix,SAI,15.0,2.0,HARD,1.0,140.077,1,False
10,Belgian Grand Prix,SAI,16.0,2.0,HARD,2.0,112.259,1,True
10,Belgian Grand Prix,SAI,17.0,2.0,HARD,3.0,111.95,16,False
10,Belgian Grand Prix,SAI,18.0,2.0,HARD,4.0,124.3,671,False
10,Belgian Grand Prix,SAI,19.0,2.0,HARD,5.0,111.74,1,True
10,Belgian Grand Prix,SAI,20.0,2.0,HARD,6.0,139.579,167,False
10,Belgian Grand Prix,SAI,21.0,2.0,HARD,7.0,112.593,1,True
10,Belgian Grand Prix,SAI,22.0,2.0,HARD,8.0,112.0,1,True
10,Belgian Grand Prix,SAI,23.0,2.0,HARD,9.0,111.632,1,True
10,Belgian Grand Prix,SAI,24.0,2.0,HARD,10.0,111.363,1,True
10,Belgian Grand Prix,SAI,25.0,2.0,HARD,11.0,112.25,1,True
10,Belgian Grand Prix,SAI,26.0,2.0,HARD,12.0,112.311,1,True
10,Belgian Grand Prix,SAI,27.0,2.0,HARD,13.0,112.265,1,True
10,Belgian Grand Prix,SAI,28.0,2.0,HARD,14.0,112.004,1,True
10,Belgian Grand Prix,SAI,29.0,2.0,HARD,15.0,112.067,1,True
10,Belgian Grand Prix,SAI,30.0,2.0,HARD,16.0,112.088,1,True
10,Belgian Grand Prix,SAI,31.0,2.0,HARD,17.0,112.69,1,True
10,Belgian Grand Prix,SAI,32.0,2.0,HARD,18.0,112.126,1,True
10,Belgian Grand Prix,SAI,33.0,2.0,HARD,19.0,112.189,1,True
10,Belgian Grand Prix,SAI,34.0,2.0,HARD,20.0,112.003,1,True
10,Belgian Grand Prix,SAI,35.0,2.0,HARD,21.0,112.445,1,True
10,Belgian Grand Prix,SAI,36.0,2.0,HARD,22.0,111.702,1,True
10,Belgian Grand Prix,SAI,37.0,2.0,HARD,23.0,112.386,1,True
10,Belgian Grand Prix,SAI,38.0,2.0,HARD,24.0,112.122,1,True
10,Belgian Grand Prix,SAI,39.0,2.0,HARD,25.0,111.86,1,True
10,Belgian Grand Prix,SAI,40.0,2.0,HARD,26.0,111.731,1,True
10,Belgian Grand Prix,SAI,41.0,2.0,HARD,27.0,111.737,1,True
10,Belgian Grand Prix,SAI,42.0,2.0,HARD,28.0,111.784,1,True
10,Belgian Grand Prix,SAI,43.0,2.0,HARD,29.0,111.983,1,True
10,Belgian Grand Prix,SAI,44.0,2.0,HARD,30.0,112.197,1,True
10,Belgian Grand Prix,OCO,1.0,1.0,MEDIUM,1.0,164.354,124,False
10,Belgian Grand Prix,OCO,2.0,2.0,HARD,1.0,,4,False
10,Belgian Grand Prix,OCO,3.0,2.0,HARD,2.0,,4,False
10,Belgian Grand Prix,OCO,4.0,2.0,HARD,3.0,149.291,41,False
10,Belgian Grand Prix,OCO,5.0,2.0,HARD,4.0,115.886,1,True
10,Belgian Grand Prix,OCO,6.0,2.0,HARD,5.0,114.728,1,True
10,Belgian Grand Prix,OCO,7.0,2.0,HARD,6.0,113.397,1,True
10,Belgian Grand Prix,OCO,8.0,2.0,HARD,7.0,113.612,12,False
10,Belgian Grand Prix,OCO,9.0,2.0,HARD,8.0,113.299,1,True
10,Belgian Grand Prix,OCO,10.0,2.0,HARD,9.0,113.221,1,True
10,Belgian Grand Prix,OCO,11.0,2.0,HARD,10.0,113.14,1,True
10,Belgian Grand Prix,OCO,12.0,2.0,HARD,11.0,113.333,1,True
10,Belgian Grand Prix,OCO,13.0,2.0,HARD,12.0,113.564,1,True
10,Belgian Grand Prix,OCO,14.0,2.0,HARD,13.0,113.35,1,True
10,Belgian Grand Prix,OCO,15.0,2.0,HARD,14.0,113.616,1,True
10,Belgian Grand Prix,OCO,16.0,2.0,HARD,15.0,118.022,1,False
10,Belgian Grand Prix,OCO,17.0,3.0,HARD,1.0,127.396,1,False
10,Belgian Grand Prix,OCO,18.0,3.0,HARD,2.0,124.358,167,False
10,Belgian Grand Prix,OCO,19.0,3.0,HARD,3.0,111.966,1,True
10,Belgian Grand Prix,OCO,20.0,3.0,HARD,4.0,140.353,167,False
10,Belgian Grand Prix,OCO,21.0,3.0,HARD,5.0,112.368,1,True
10,Belgian Grand Prix,OCO,22.0,3.0,HARD,6.0,111.955,1,True
10,Belgian Grand Prix,OCO,23.0,3.0,HARD,7.0,112.366,1,True
10,Belgian Grand Prix,OCO,24.0,3.0,HARD,8.0,112.886,1,True
10,Belgian Grand Prix,OCO,25.0,3.0,HARD,9.0,112.434,1,True
10,Belgian Grand Prix,OCO,26.0,3.0,HARD,10.0,112.308,1,True
10,Belgian Grand Prix,OCO,27.0,3.0,HARD,11.0,112.335,1,True
10,Belgian Grand Prix,OCO,28.0,3.0,HARD,12.0,112.13,1,True
10,Belgian Grand Prix,OCO,29.0,3.0,HARD,13.0,112.068,1,True
10,Belgian Grand Prix,OCO,30.0,3.0,HARD,14.0,112.175,1,True
10,Belgian Grand Prix,OCO,31.0,3.0,HARD,15.0,112.442,1,True
10,Belgian Grand Prix,OCO,32.0,3.0,HARD,16.0,112.15,1,True
10,Belgian Grand Prix,OCO,33.0,3.0,HARD,17.0,112.333,1,True
10,Belgian Grand Prix,OCO,34.0,3.0,HARD,18.0,112.017,1,True
10,Belgian Grand Prix,OCO,35.0,3.0,HARD,19.0,112.454,1,True
10,Belgian Grand Prix,OCO,36.0,3.0,HARD,20.0,112.004,1,True
10,Belgian Grand Prix,OCO,37.0,3.0,HARD,21.0,112.898,1,True
10,Belgian Grand Prix,OCO,38.0,3.0,HARD,22.0,112.679,1,True
10,Belgian Grand Prix,OCO,39.0,3.0,HARD,23.0,112.13,1,True
10,Belgian Grand Prix,OCO,40.0,3.0,HARD,24.0,112.195,1,True
10,Belgian Grand Prix,OCO,41.0,3.0,HARD,25.0,112.487,1,True
10,Belgian Grand Prix,OCO,42.0,3.0,HARD,26.0,112.479,1,True
10,Belgian Grand Prix,OCO,43.0,3.0,HARD,27.0,112.643,1,True
10,Belgian Grand Prix,OCO,44.0,3.0,HARD,28.0,111.9,1,True
10,Belgian Grand Prix,BOT,1.0,1.0,SOFT,1.0,158.877,124,False
10,Belgian Grand Prix,BOT,2.0,2.0,HARD,1.0,,4,False
10,Belgian Grand Prix,BOT,3.0,2.0,HARD,2.0,,4,False
10,Belgian Grand Prix,BOT,4.0,2.0,HARD,3.0,149.688,41,False
10,Belgian Grand Prix,BOT,5.0,2.0,HARD,4.0,116.851,1,True
10,Belgian Grand Prix,BOT,6.0,2.0,HARD,5.0,116.213,1,True
10,Belgian Grand Prix,BOT,7.0,2.0,HARD,6.0,114.664,1,True
10,Belgian Grand Prix,BOT,8.0,2.0,HARD,7.0,115.121,12,False
10,Belgian Grand Prix,BOT,9.0,2.0,HARD,8.0,113.471,1,True
10,Belgian Grand Prix,BOT,10.0,2.0,HARD,9.0,113.559,1,True
10,Belgian Grand Prix,BOT,11.0,2.0,HARD,10.0,113.471,1,True
10,Belgian Grand Prix,BOT,12.0,2.0,HARD,11.0,114.668,1,True
10,Belgian Grand Prix,BOT,13.0,2.0,HARD,12.0,114.966,1,True
10,Belgian Grand Prix,BOT,14.0,2.0,HARD,13.0,114.785,1,True
10,Belgian Grand Prix,BOT,15.0,2.0,HARD,14.0,114.892,1,True
10,Belgian Grand Prix,BOT,16.0,2.0,HARD,15.0,114.317,1,True
10,Belgian Grand Prix,BOT,17.0,2.0,HARD,16.0,114.137,1,True
10,Belgian Grand Prix,BOT,18.0,2.0,HARD,17.0,127.044,167,False
10,Belgian Grand Prix,BOT,19.0,2.0,HARD,18.0,114.718,1,True
10,Belgian Grand Prix,BOT,20.0,2.0,HARD,19.0,140.536,167,False
10,Belgian Grand Prix,BOT,21.0,2.0,HARD,20.0,116.047,1,True
10,Belgian Grand Prix,BOT,22.0,2.0,HARD,21.0,114.435,1,True
10,Belgian Grand Prix,BOT,23.0,2.0,HARD,22.0,114.719,1,True
10,Belgian Grand Prix,BOT,24.0,2.0,HARD,23.0,114.445,1,True
10,Belgian Grand Prix,BOT,25.0,2.0,HARD,24.0,115.031,1,True
10,Belgian Grand Prix,BOT,26.0,2.0,HARD,25.0,114.834,1,True
10,Belgian Grand Prix,BOT,27.0,2.0,HARD,26.0,114.859,1,True
10,Belgian Grand Prix,BOT,28.0,2.0,HARD,27.0,114.774,1,True
10,Belgian Grand Prix,BOT,29.0,2.0,HARD,28.0,114.4,1,True
10,Belgian Grand Prix,BOT,30.0,2.0,HARD,29.0,114.949,1,True
10,Belgian Grand Prix,BOT,31.0,2.0,HARD,30.0,115.161,1,True
10,Belgian Grand Prix,BOT,32.0,2.0,HARD,31.0,121.245,1,False
10,Belgian Grand Prix,BOT,33.0,3.0,SOFT,1.0,130.677,1,False
10,Belgian Grand Prix,BOT,34.0,3.0,SOFT,2.0,113.52,1,True
10,Belgian Grand Prix,BOT,35.0,3.0,SOFT,3.0,112.011,1,True
10,Belgian Grand Prix,BOT,36.0,3.0,SOFT,4.0,112.787,1,True
10,Belgian Grand Prix,BOT,37.0,3.0,SOFT,5.0,113.0,1,True
10,Belgian Grand Prix,BOT,38.0,3.0,SOFT,6.0,116.262,1,True
10,Belgian Grand Prix,BOT,39.0,3.0,SOFT,7.0,112.418,1,True
10,Belgian Grand Prix,BOT,40.0,3.0,SOFT,8.0,112.541,1,True
10,Belgian Grand Prix,BOT,41.0,3.0,SOFT,9.0,112.654,1,True
10,Belgian Grand Prix,BOT,42.0,3.0,SOFT,10.0,112.651,1,True
10,Belgian Grand Prix,BOT,43.0,3.0,SOFT,11.0,112.796,1,True
10,Belgian Grand Prix,ALO,1.0,1.0,HARD,1.0,155.038,124,False
10,Belgian Grand Prix,ALO,2.0,1.0,HARD,2.0,,4,False
10,Belgian Grand Prix,ALO,3.0,1.0,HARD,3.0,,4,False
10,Belgian Grand Prix,ALO,4.0,1.0,HARD,4.0,,41,False
10,Belgian Grand Prix,ALO,5.0,1.0,HARD,5.0,118.326,1,True
10,Belgian Grand Prix,ALO,6.0,1.0,HARD,6.0,116.743,1,True
10,Belgian Grand Prix,ALO,7.0,1.0,HARD,7.0,116.248,1,True
10,Belgian Grand Prix,ALO,8.0,1.0,HARD,8.0,117.005,12,False
10,Belgian Grand Prix,ALO,9.0,1.0,HARD,9.0,114.934,1,True
10,Belgian Grand Prix,ALO,10.0,1.0,HARD,10.0,115.304,1,True
10,Belgian Grand Prix,ALO,11.0,1.0,HARD,11.0,115.81,1,True
10,Belgian Grand Prix,ALO,12.0,1.0,HARD,12.0,115.837,1,True
10,Belgian Grand Prix,ALO,13.0,1.0,HARD,13.0,115.659,1,True
10,Belgian Grand Prix,ALO,14.0,1.0,HARD,14.0,116.178,1,True
10,Belgian Grand Prix,ALO,15.0,1.0,HARD,15.0,116.427,1,True
10,Belgian Grand Prix,ALO,16.0,1.0,HARD,16.0,115.319,1,True
10,Belgian Grand Prix,ALO,17.0,1.0,HARD,17.0,119.748,16,False
10,Belgian Grand Prix,ALO,18.0,1.0,HARD,18.0,123.266,671,False
10,Belgian Grand Prix,ALO,19.0,1.0,HARD,19.0,122.62,16,False
10,Belgian Grand Prix,ALO,20.0,2.0,SOFT,1.0,145.178,671,False
10,Belgian Grand Prix,ALO,21.0,2.0,SOFT,2.0,113.677,1,True
10,Belgian Grand Prix,ALO,22.0,2.0,SOFT,3.0,114.165,1,True
10,Belgian Grand Prix,ALO,23.0,2.0,SOFT,4.0,114.459,1,True
10,Belgian Grand Prix,ALO,24.0,2.0,SOFT,5.0,114.755,1,True
10,Belgian Grand Prix,ALO,25.0,2.0,SOFT,6.0,114.288,1,True
10,Belgian Grand Prix,ALO,26.0,2.0,SOFT,7.0,114.557,1,True
10,Belgian Grand Prix,ALO,27.0,2.0,SOFT,8.0,116.078,1,True
10,Belgian Grand Prix,ALO,28.0,2.0,SOFT,9.0,118.746,1,True
10,Belgian Grand Prix,ALO,29.0,2.0,SOFT,10.0,122.041,1,True
10,Belgian Grand Prix,ALO,30.0,2.0,SOFT,11.0,116.871,1,True
10,Belgian Grand Prix,ALO,31.0,2.0,SOFT,12.0,124.124,1,False
10,Belgian Grand Prix,ALO,32.0,3.0,HARD,1.0,133.039,1,False
10,Belgian Grand Prix,ALO,33.0,3.0,HARD,2.0,115.801,1,True
10,Belgian Grand Prix,ALO,34.0,3.0,HARD,3.0,112.948,1,True
10,Belgian Grand Prix,ALO,35.0,3.0,HARD,4.0,117.903,1,True
10,Belgian Grand Prix,ALO,36.0,3.0,HARD,5.0,113.231,1,True
10,Belgian Grand Prix,ALO,37.0,3.0,HARD,6.0,115.408,1,True
10,Belgian Grand Prix,ALO,38.0,3.0,HARD,7.0,116.811,1,True
10,Belgian Grand Prix,ALO,39.0,3.0,HARD,8.0,115.78,1,True
10,Belgian Grand Prix,ALO,40.0,3.0,HARD,9.0,118.026,1,True
10,Belgian Grand Prix,ALO,41.0,3.0,HARD,10.0,117.347,1,True
10,Belgian Grand Prix,ALO,42.0,3.0,HARD,11.0,117.116,1,True
10,Belgian Grand Prix,STR,1.0,1.0,HARD,1.0,156.53,124,False
10,Belgian Grand Prix,STR,2.0,1.0,HARD,2.0,,4,False
10,Belgian Grand Prix,STR,3.0,1.0,HARD,3.0,,4,False
10,Belgian Grand Prix,STR,4.0,1.0,HARD,4.0,,41,False
10,Belgian Grand Prix,STR,5.0,1.0,HARD,5.0,116.927,1,True
10,Belgian Grand Prix,STR,6.0,1.0,HARD,6.0,116.552,1,True
10,Belgian Grand Prix,STR,7.0,1.0,HARD,7.0,115.724,1,True
10,Belgian Grand Prix,STR,8.0,1.0,HARD,8.0,117.955,12,False
10,Belgian Grand Prix,STR,9.0,1.0,HARD,9.0,116.404,1,True
10,Belgian Grand Prix,STR,10.0,1.0,HARD,10.0,115.557,1,True
10,Belgian Grand Prix,STR,11.0,1.0,HARD,11.0,115.603,1,True
10,Belgian Grand Prix,STR,12.0,1.0,HARD,12.0,116.027,1,True
10,Belgian Grand Prix,STR,13.0,1.0,HARD,13.0,116.03,1,True
10,Belgian Grand Prix,STR,14.0,1.0,HARD,14.0,116.285,1,True
10,Belgian Grand Prix,STR,15.0,1.0,HARD,15.0,116.762,1,True
10,Belgian Grand Prix,STR,16.0,1.0,HARD,16.0,116.295,1,True
10,Belgian Grand Prix,STR,17.0,1.0,HARD,17.0,121.724,16,False
10,Belgian Grand Prix,STR,18.0,2.0,SOFT,1.0,136.82,671,False
10,Belgian Grand Prix,STR,19.0,2.0,SOFT,2.0,122.29,16,False
10,Belgian Grand Prix,STR,20.0,2.0,SOFT,3.0,133.727,671,False
10,Belgian Grand Prix,STR,21.0,2.0,SOFT,4.0,113.98,1,True
10,Belgian Grand Prix,STR,22.0,2.0,SOFT,5.0,114.372,1,True
10,Belgian Grand Prix,STR,23.0,2.0,SOFT,6.0,114.785,1,True
10,Belgian Grand Prix,STR,24.0,2.0,SOFT,7.0,114.631,1,True
10,Belgian Grand Prix,STR,25.0,2.0,SOFT,8.0,129.921,1,False
10,Belgian Grand Prix,PER,1.0,1.0,HARD,1.0,155.709,124,False
10,Belgian Grand Prix,PER,2.0,2.0,SOFT,1.0,,4,False
10,Belgian Grand Prix,PER,3.0,2.0,SOFT,2.0,,4,False
10,Belgian Grand Prix,PER,4.0,2.0,SOFT,3.0,,41,False
10,Belgian Grand Prix,PER,5.0,2.0,SOFT,4.0,117.076,1,True
10,Belgian Grand Prix,PER,6.0,2.0,SOFT,5.0,114.506,1,True
10,Belgian Grand Prix,PER,7.0,2.0,SOFT,6.0,114.992,1,True
10,Belgian Grand Prix,PER,8.0,2.0,SOFT,7.0,113.975,12,False
10,Belgian Grand Prix,PER,9.0,2.0,SOFT,8.0,113.477,1,True
10,Belgian Grand Prix,PER,10.0,2.0,SOFT,9.0,113.52,1,True
10,Belgian Grand Prix,PER,11.0,2.0,SOFT,10.0,113.578,1,True
10,Belgian Grand Prix,PER,12.0,2.0,SOFT,11.0,129.156,1,False
10,Belgian Grand Prix,PER,13.0,3.0,HARD,2.0,,1,False
10,Belgian Grand Prix,RUS,1.0,1.0,MEDIUM,1.0,,124,False
11,Hungarian Grand Prix,NOR,1.0,1.0,MEDIUM,1.0,91.211,1,False
11,Hungarian Grand Prix,NOR,2.0,1.0,MEDIUM,2.0,86.103,1,False
11,Hungarian Grand Prix,NOR,3.0,1.0,MEDIUM,3.0,85.307,1,True
11,Hungarian Grand Prix,NOR,4.0,1.0,MEDIUM,4.0,85.184,1,True
11,Hungarian Grand Prix,NOR,5.0,1.0,MEDIUM,5.0,85.223,1,True
11,Hungarian Grand Prix,NOR,6.0,1.0,MEDIUM,6.0,85.091,1,True
11,Hungarian Grand Prix,NOR,7.0,1.0,MEDIUM,7.0,85.36,1,True
11,Hungarian Grand Prix,NOR,8.0,1.0,MEDIUM,8.0,85.53,1,True
11,Hungarian Grand Prix,NOR,9.0,1.0,MEDIUM,9.0,85.194,1,True
11,Hungarian Grand Prix,NOR,10.0,1.0,MEDIUM,10.0,85.269,1,True
11,Hungarian Grand Prix,NOR,11.0,1.0,MEDIUM,11.0,85.335,1,True
11,Hungarian Grand Prix,NOR,12.0,1.0,MEDIUM,12.0,85.719,1,True
11,Hungarian Grand Prix,NOR,13.0,1.0,MEDIUM,13.0,85.845,1,True
11,Hungarian Grand Prix,NOR,14.0,1.0,MEDIUM,14.0,85.579,1,True
11,Hungarian Grand Prix,NOR,15.0,1.0,MEDIUM,15.0,85.613,1,True
11,Hungarian Grand Prix,NOR,16.0,1.0,MEDIUM,16.0,85.878,1,True
11,Hungarian Grand Prix,NOR,17.0,1.0,MEDIUM,17.0,87.912,1,False
11,Hungarian Grand Prix,NOR,18.0,2.0,HARD,1.0,105.312,1,False
11,Hungarian Grand Prix,NOR,19.0,2.0,HARD,2.0,85.351,1,True
11,Hungarian Grand Prix,NOR,20.0,2.0,HARD,3.0,84.374,1,True
11,Hungarian Grand Prix,NOR,21.0,2.0,HARD,4.0,84.349,1,True
11,Hungarian Grand Prix,NOR,22.0,2.0,HARD,5.0,84.689,1,True
11,Hungarian Grand Prix,NOR,23.0,2.0,HARD,6.0,84.405,1,True
11,Hungarian Grand Prix,NOR,24.0,2.0,HARD,7.0,84.496,1,True
11,Hungarian Grand Prix,NOR,25.0,2.0,HARD,8.0,84.973,1,True
11,Hungarian Grand Prix,NOR,26.0,2.0,HARD,9.0,85.464,1,True
11,Hungarian Grand Prix,NOR,27.0,2.0,HARD,10.0,85.532,1,True
11,Hungarian Grand Prix,NOR,28.0,2.0,HARD,11.0,85.071,1,True
11,Hungarian Grand Prix,NOR,29.0,2.0,HARD,12.0,86.546,1,True
11,Hungarian Grand Prix,NOR,30.0,2.0,HARD,13.0,85.241,1,True
11,Hungarian Grand Prix,NOR,31.0,2.0,HARD,14.0,85.577,1,True
11,Hungarian Grand Prix,NOR,32.0,2.0,HARD,15.0,85.882,1,True
11,Hungarian Grand Prix,NOR,33.0,2.0,HARD,16.0,85.414,1,True
11,Hungarian Grand Prix,NOR,34.0,2.0,HARD,17.0,84.624,1,True
11,Hungarian Grand Prix,NOR,35.0,2.0,HARD,18.0,84.668,1,True
11,Hungarian Grand Prix,NOR,36.0,2.0,HARD,19.0,84.736,1,True
11,Hungarian Grand Prix,NOR,37.0,2.0,HARD,20.0,84.461,1,True
11,Hungarian Grand Prix,NOR,38.0,2.0,HARD,21.0,84.507,1,True
11,Hungarian Grand Prix,NOR,39.0,2.0,HARD,22.0,87.437,12,False
11,Hungarian Grand Prix,NOR,40.0,3.0,HARD,1.0,102.596,1,False
11,Hungarian Grand Prix,NOR,41.0,3.0,HARD,2.0,82.718,1,True
11,Hungarian Grand Prix,NOR,42.0,3.0,HARD,3.0,83.051,1,True
11,Hungarian Grand Prix,NOR,43.0,3.0,HARD,4.0,83.162,1,True
11,Hungarian Grand Prix,NOR,44.0,3.0,HARD,5.0,83.392,1,True
11,Hungarian Grand Prix,NOR,45.0,3.0,HARD,6.0,84.546,1,True
11,Hungarian Grand Prix,NOR,46.0,3.0,HARD,7.0,83.423,1,True
11,Hungarian Grand Prix,NOR,47.0,3.0,HARD,8.0,83.369,1,True
11,Hungarian Grand Prix,NOR,48.0,3.0,HARD,9.0,84.421,1,True
11,Hungarian Grand Prix,NOR,49.0,3.0,HARD,10.0,83.977,1,True
11,Hungarian Grand Prix,NOR,50.0,3.0,HARD,11.0,83.783,12,False
11,Hungarian Grand Prix,NOR,51.0,3.0,HARD,12.0,83.78,1,True
11,Hungarian Grand Prix,NOR,52.0,3.0,HARD,13.0,84.12,1,True
11,Hungarian Grand Prix,NOR,53.0,3.0,HARD,14.0,83.943,1,True
11,Hungarian Grand Prix,NOR,54.0,3.0,HARD,15.0,84.437,1,True
11,Hungarian Grand Prix,NOR,55.0,3.0,HARD,16.0,84.147,1,True
11,Hungarian Grand Prix,NOR,56.0,3.0,HARD,17.0,92.344,126,False
11,Hungarian Grand Prix,NOR,57.0,4.0,SOFT,4.0,111.054,671,False
11,Hungarian Grand Prix,NOR,58.0,4.0,SOFT,5.0,82.928,1,True
11,Hungarian Grand Prix,NOR,59.0,4.0,SOFT,6.0,83.671,1,True
11,Hungarian Grand Prix,NOR,60.0,4.0,SOFT,7.0,83.616,1,True
11,Hungarian Grand Prix,NOR,61.0,4.0,SOFT,8.0,82.562,1,True
11,Hungarian Grand Prix,NOR,62.0,4.0,SOFT,9.0,82.659,1,True
11,Hungarian Grand Prix,NOR,63.0,4.0,SOFT,10.0,82.722,1,True
11,Hungarian Grand Prix,NOR,64.0,4.0,SOFT,11.0,82.491,1,True
11,Hungarian Grand Prix,NOR,65.0,4.0,SOFT,12.0,83.104,1,True
11,Hungarian Grand Prix,NOR,66.0,4.0,SOFT,13.0,82.901,1,True
11,Hungarian Grand Prix,NOR,67.0,4.0,SOFT,14.0,83.016,1,True
11,Hungarian Grand Prix,NOR,68.0,4.0,SOFT,15.0,82.796,1,True
11,Hungarian Grand Prix,NOR,69.0,4.0,SOFT,16.0,83.364,1,True
11,Hungarian Grand Prix,NOR,70.0,4.0,SOFT,17.0,83.625,1,True
11,Hungarian Grand Prix,GAS,1.0,1.0,MEDIUM,1.0,96.301,1,False
11,Hungarian Grand Prix,GAS,2.0,1.0,MEDIUM,2.0,88.584,1,False
11,Hungarian Grand Prix,GAS,3.0,1.0,MEDIUM,3.0,87.125,1,True
11,Hungarian Grand Prix,GAS,4.0,1.0,MEDIUM,4.0,87.581,1,True
11,Hungarian Grand Prix,GAS,5.0,1.0,MEDIUM,5.0,87.127,1,True
11,Hungarian Grand Prix,GAS,6.0,1.0,MEDIUM,6.0,87.415,1,True
11,Hungarian Grand Prix,GAS,7.0,1.0,MEDIUM,7.0,87.468,1,True
11,Hungarian Grand Prix,GAS,8.0,1.0,MEDIUM,8.0,87.215,1,True
11,Hungarian Grand Prix,GAS,9.0,1.0,MEDIUM,9.0,87.361,1,True
11,Hungarian Grand Prix,GAS,10.0,1.0,MEDIUM,10.0,87.485,1,True
11,Hungarian Grand Prix,GAS,11.0,1.0,MEDIUM,11.0,88.245,1,True
11,Hungarian Grand Prix,GAS,12.0,1.0,MEDIUM,12.0,89.116,1,True
11,Hungarian Grand Prix,GAS,13.0,1.0,MEDIUM,13.0,88.596,1,True
11,Hungarian Grand Prix,GAS,14.0,1.0,MEDIUM,14.0,87.522,1,True
11,Hungarian Grand Prix,GAS,15.0,1.0,MEDIUM,15.0,88.083,1,True
11,Hungarian Grand Prix,GAS,16.0,1.0,MEDIUM,16.0,91.103,1,False
11,Hungarian Grand Prix,GAS,17.0,2.0,HARD,1.0,105.148,1,False
11,Hungarian Grand Prix,GAS,18.0,2.0,HARD,2.0,86.756,1,True
11,Hungarian Grand Prix,GAS,19.0,2.0,HARD,3.0,85.638,1,True
11,Hungarian Grand Prix,GAS,20.0,2.0,HARD,4.0,85.992,1,True
11,Hungarian Grand Prix,GAS,21.0,2.0,HARD,5.0,86.389,1,True
11,Hungarian Grand Prix,GAS,22.0,2.0,HARD,6.0,86.352,1,True
11,Hungarian Grand Prix,GAS,23.0,2.0,HARD,7.0,86.628,1,True
11,Hungarian Grand Prix,GAS,24.0,2.0,HARD,8.0,86.636,1,True
11,Hungarian Grand Prix,GAS,25.0,2.0,HARD,9.0,86.811,1,True
11,Hungarian Grand Prix,GAS,26.0,2.0,HARD,10.0,87.338,1,True
11,Hungarian Grand Prix,GAS,27.0,2.0,HARD,11.0,86.736,1,True
11,Hungarian Grand Prix,GAS,28.0,2.0,HARD,12.0,87.407,1,True
11,Hungarian Grand Prix,GAS,29.0,2.0,HARD,13.0,87.138,1,True
11,Hungarian Grand Prix,GAS,30.0,2.0,HARD,14.0,86.768,1,True
11,Hungarian Grand Prix,GAS,31.0,2.0,HARD,15.0,86.57,1,True
11,Hungarian Grand Prix,GAS,32.0,2.0,HARD,16.0,86.907,1,True
11,Hungarian Grand Prix,GAS,33.0,2.0,HARD,17.0,86.882,1,True
11,Hungarian Grand Prix,GAS,34.0,2.0,HARD,18.0,86.888,1,True
11,Hungarian Grand Prix,GAS,35.0,2.0,HARD,19.0,87.02,1,True
11,Hungarian Grand Prix,GAS,36.0,2.0,HARD,20.0,87.538,1,True
11,Hungarian Grand Prix,GAS,37.0,2.0,HARD,21.0,88.088,1,True
11,Hungarian Grand Prix,GAS,38.0,2.0,HARD,22.0,89.252,12,False
11,Hungarian Grand Prix,GAS,39.0,2.0,HARD,23.0,90.776,1,False
11,Hungarian Grand Prix,GAS,40.0,3.0,HARD,1.0,108.555,1,False
11,Hungarian Grand Prix,GAS,41.0,3.0,HARD,2.0,85.344,1,True
11,Hungarian Grand Prix,GAS,42.0,3.0,HARD,3.0,84.863,1,True
11,Hungarian Grand Prix,GAS,43.0,3.0,HARD,4.0,85.364,1,True
11,Hungarian Grand Prix,GAS,44.0,3.0,HARD,5.0,85.026,1,True
11,Hungarian Grand Prix,GAS,45.0,3.0,HARD,6.0,85.321,1,True
11,Hungarian Grand Prix,GAS,46.0,3.0,HARD,7.0,85.235,1,True
11,Hungarian Grand Prix,GAS,47.0,3.0,HARD,8.0,89.233,1,True
11,Hungarian Grand Prix,GAS,48.0,3.0,HARD,9.0,86.043,1,True
11,Hungarian Grand Prix,GAS,49.0,3.0,HARD,10.0,85.83,12,False
11,Hungarian Grand Prix,GAS,50.0,3.0,HARD,11.0,85.629,1,True
11,Hungarian Grand Prix,GAS,51.0,3.0,HARD,12.0,85.585,1,True
11,Hungarian Grand Prix,GAS,52.0,3.0,HARD,13.0,85.521,1,True
11,Hungarian Grand Prix,GAS,53.0,3.0,HARD,14.0,86.2,1,True
11,Hungarian Grand Prix,GAS,54.0,3.0,HARD,15.0,85.597,1,True
11,Hungarian Grand Prix,GAS,55.0,3.0,HARD,16.0,102.183,126,False
11,Hungarian Grand Prix,GAS,56.0,4.0,SOFT,1.0,102.873,671,False
11,Hungarian Grand Prix,GAS,57.0,4.0,SOFT,2.0,82.871,1,True
11,Hungarian Grand Prix,GAS,58.0,4.0,SOFT,3.0,83.347,1,True
11,Hungarian Grand Prix,GAS,59.0,4.0,SOFT,4.0,83.622,1,True
11,Hungarian Grand Prix,GAS,60.0,4.0,SOFT,5.0,84.835,1,True
11,Hungarian Grand Prix,GAS,61.0,4.0,SOFT,6.0,84.242,1,True
11,Hungarian Grand Prix,GAS,62.0,4.0,SOFT,7.0,84.58,1,True
11,Hungarian Grand Prix,GAS,63.0,4.0,SOFT,8.0,84.744,1,True
11,Hungarian Grand Prix,GAS,64.0,4.0,SOFT,9.0,84.12,1,True
11,Hungarian Grand Prix,GAS,65.0,4.0,SOFT,10.0,84.388,1,True
11,Hungarian Grand Prix,GAS,66.0,4.0,SOFT,11.0,84.833,1,True
11,Hungarian Grand Prix,GAS,67.0,4.0,SOFT,12.0,84.869,1,True
11,Hungarian Grand Prix,GAS,68.0,4.0,SOFT,13.0,85.069,1,True
11,Hungarian Grand Prix,GAS,69.0,4.0,SOFT,14.0,85.702,1,True
11,Hungarian Grand Prix,PER,1.0,1.0,MEDIUM,1.0,101.266,1,False
11,Hungarian Grand Prix,PER,2.0,1.0,MEDIUM,2.0,90.496,1,False
11,Hungarian Grand Prix,PER,3.0,1.0,MEDIUM,3.0,89.025,1,True
11,Hungarian Grand Prix,PER,4.0,1.0,MEDIUM,4.0,88.623,1,True
11,Hungarian Grand Prix,PER,5.0,1.0,MEDIUM,5.0,88.785,1,True
11,Hungarian Grand Prix,PER,6.0,1.0,MEDIUM,6.0,89.083,1,True
11,Hungarian Grand Prix,PER,7.0,1.0,MEDIUM,7.0,89.245,1,True
11,Hungarian Grand Prix,PER,8.0,1.0,MEDIUM,8.0,89.208,1,True
11,Hungarian Grand Prix,PER,9.0,1.0,MEDIUM,9.0,89.295,1,True
11,Hungarian Grand Prix,PER,10.0,1.0,MEDIUM,10.0,89.627,1,True
11,Hungarian Grand Prix,PER,11.0,1.0,MEDIUM,11.0,89.549,1,True
11,Hungarian Grand Prix,PER,12.0,1.0,MEDIUM,12.0,89.694,1,True
11,Hungarian Grand Prix,PER,13.0,1.0,MEDIUM,13.0,89.371,1,True
11,Hungarian Grand Prix,PER,14.0,1.0,MEDIUM,14.0,89.342,1,True
11,Hungarian Grand Prix,PER,15.0,1.0,MEDIUM,15.0,89.719,1,True
11,Hungarian Grand Prix,PER,16.0,1.0,MEDIUM,16.0,91.287,1,True
11,Hungarian Grand Prix,PER,17.0,1.0,MEDIUM,17.0,90.207,1,True
11,Hungarian Grand Prix,PER,18.0,1.0,MEDIUM,18.0,89.556,1,True
11,Hungarian Grand Prix,PER,19.0,1.0,MEDIUM,19.0,89.923,1,True
11,Hungarian Grand Prix,PER,20.0,1.0,MEDIUM,20.0,89.335,1,True
11,Hungarian Grand Prix,PER,21.0,1.0,MEDIUM,21.0,92.338,1,False
11,Hungarian Grand Prix,PER,22.0,2.0,None,,108.751,1,False
11,Hungarian Grand Prix,PER,23.0,2.0,None,,86.342,1,True
11,Hungarian Grand Prix,PER,24.0,2.0,None,,87.359,1,True
11,Hungarian Grand Prix,PER,25.0,2.0,None,,87.246,1,True
11,Hungarian Grand Prix,PER,26.0,2.0,None,,87.857,1,True
11,Hungarian Grand Prix,PER,27.0,2.0,None,,87.733,1,True
11,Hungarian Grand Prix,PER,28.0,2.0,None,,87.358,1,True
11,Hungarian Grand Prix,PER,29.0,2.0,None,,89.58,1,True
11,Hungarian Grand Prix,PER,30.0,2.0,None,,87.721,1,True
11,Hungarian Grand Prix,PER,31.0,2.0,None,,87.599,1,True
11,Hungarian Grand Prix,PER,32.0,2.0,None,,87.492,1,True
11,Hungarian Grand Prix,PER,33.0,2.0,None,,89.501,1,True
11,Hungarian Grand Prix,PER,34.0,2.0,None,,87.993,1,True
11,Hungarian Grand Prix,PER,35.0,2.0,None,,87.703,1,True
11,Hungarian Grand Prix,PER,36.0,2.0,None,,87.85,1,True
11,Hungarian Grand Prix,PER,37.0,2.0,None,,87.748,12,False
11,Hungarian Grand Prix,PER,38.0,2.0,None,,87.837,21,False
11,Hungarian Grand Prix,PER,39.0,2.0,None,,87.768,1,True
11,Hungarian Grand Prix,PER,40.0,2.0,None,,88.497,1,True
11,Hungarian Grand Prix,PER,41.0,2.0,None,,93.534,1,True
11,Hungarian Grand Prix,PER,42.0,2.0,None,,88.516,1,True
11,Hungarian Grand Prix,PER,43.0,2.0,None,,90.096,1,True
11,Hungarian Grand Prix,PER,44.0,2.0,None,,88.629,1,True
11,Hungarian Grand Prix,PER,45.0,2.0,None,,89.729,1,True
11,Hungarian Grand Prix,PER,46.0,2.0,None,,94.111,1,False
11,Hungarian Grand Prix,PER,47.0,3.0,SOFT,1.0,111.42,1,False
11,Hungarian Grand Prix,PER,48.0,3.0,SOFT,2.0,139.998,12,False
11,Hungarian Grand Prix,ANT,1.0,1.0,MEDIUM,1.0,93.893,1,False
11,Hungarian Grand Prix,ANT,2.0,1.0,MEDIUM,2.0,85.919,1,False
11,Hungarian Grand Prix,ANT,3.0,1.0,MEDIUM,3.0,85.93,1,True
11,Hungarian Grand Prix,ANT,4.0,1.0,MEDIUM,4.0,85.64,1,True
11,Hungarian Grand Prix,ANT,5.0,1.0,MEDIUM,5.0,85.817,1,True
11,Hungarian Grand Prix,ANT,6.0,1.0,MEDIUM,6.0,85.636,1,True
11,Hungarian Grand Prix,ANT,7.0,1.0,MEDIUM,7.0,85.751,1,True
11,Hungarian Grand Prix,ANT,8.0,1.0,MEDIUM,8.0,85.733,1,True
11,Hungarian Grand Prix,ANT,9.0,1.0,MEDIUM,9.0,85.491,1,True
11,Hungarian Grand Prix,ANT,10.0,1.0,MEDIUM,10.0,85.502,1,True
11,Hungarian Grand Prix,ANT,11.0,1.0,MEDIUM,11.0,85.972,1,True
11,Hungarian Grand Prix,ANT,12.0,1.0,MEDIUM,12.0,86.066,1,True
11,Hungarian Grand Prix,ANT,13.0,1.0,MEDIUM,13.0,86.163,1,True
11,Hungarian Grand Prix,ANT,14.0,1.0,MEDIUM,14.0,86.08,1,True
11,Hungarian Grand Prix,ANT,15.0,1.0,MEDIUM,15.0,86.052,1,True
11,Hungarian Grand Prix,ANT,16.0,1.0,MEDIUM,16.0,85.974,1,True
11,Hungarian Grand Prix,ANT,17.0,1.0,MEDIUM,17.0,85.77,1,True
11,Hungarian Grand Prix,ANT,18.0,1.0,MEDIUM,18.0,85.554,1,True
11,Hungarian Grand Prix,ANT,19.0,1.0,MEDIUM,19.0,85.632,1,True
11,Hungarian Grand Prix,ANT,20.0,1.0,MEDIUM,20.0,85.51,1,True
11,Hungarian Grand Prix,ANT,21.0,1.0,MEDIUM,21.0,85.702,1,True
11,Hungarian Grand Prix,ANT,22.0,1.0,MEDIUM,22.0,88.51,1,False
11,Hungarian Grand Prix,ANT,23.0,2.0,HARD,1.0,104.538,1,False
11,Hungarian Grand Prix,ANT,24.0,2.0,HARD,2.0,84.119,1,True
11,Hungarian Grand Prix,ANT,25.0,2.0,HARD,3.0,84.444,1,True
11,Hungarian Grand Prix,ANT,26.0,2.0,HARD,4.0,84.498,1,True
11,Hungarian Grand Prix,ANT,27.0,2.0,HARD,5.0,85.295,1,True
11,Hungarian Grand Prix,ANT,28.0,2.0,HARD,6.0,84.85,1,True
11,Hungarian Grand Prix,ANT,29.0,2.0,HARD,7.0,85.213,1,True
11,Hungarian Grand Prix,ANT,30.0,2.0,HARD,8.0,85.261,1,True
11,Hungarian Grand Prix,ANT,31.0,2.0,HARD,9.0,85.139,1,True
11,Hungarian Grand Prix,ANT,32.0,2.0,HARD,10.0,85.207,1,True
11,Hungarian Grand Prix,ANT,33.0,2.0,HARD,11.0,85.548,1,True
11,Hungarian Grand Prix,ANT,34.0,2.0,HARD,12.0,86.092,1,True
11,Hungarian Grand Prix,ANT,35.0,2.0,HARD,13.0,86.265,1,True
11,Hungarian Grand Prix,ANT,36.0,2.0,HARD,14.0,85.849,1,True
11,Hungarian Grand Prix,ANT,37.0,2.0,HARD,15.0,84.732,1,True
11,Hungarian Grand Prix,ANT,38.0,2.0,HARD,16.0,84.954,1,True
11,Hungarian Grand Prix,ANT,39.0,2.0,HARD,17.0,84.937,12,False
11,Hungarian Grand Prix,ANT,40.0,2.0,HARD,18.0,84.792,1,True
11,Hungarian Grand Prix,ANT,41.0,2.0,HARD,19.0,84.709,1,True
11,Hungarian Grand Prix,ANT,42.0,2.0,HARD,20.0,84.752,1,True
11,Hungarian Grand Prix,ANT,43.0,2.0,HARD,21.0,84.815,1,True
11,Hungarian Grand Prix,ANT,44.0,2.0,HARD,22.0,84.639,1,True
11,Hungarian Grand Prix,ANT,45.0,2.0,HARD,23.0,84.563,1,True
11,Hungarian Grand Prix,ANT,46.0,2.0,HARD,24.0,86.304,1,True
11,Hungarian Grand Prix,ANT,47.0,2.0,HARD,25.0,84.835,1,True
11,Hungarian Grand Prix,ANT,48.0,2.0,HARD,26.0,84.673,1,True
11,Hungarian Grand Prix,ANT,49.0,2.0,HARD,27.0,84.882,1,True
11,Hungarian Grand Prix,ANT,50.0,2.0,HARD,28.0,84.837,12,False
11,Hungarian Grand Prix,ANT,51.0,2.0,HARD,29.0,84.827,1,True
11,Hungarian Grand Prix,ANT,52.0,2.0,HARD,30.0,84.817,1,True
11,Hungarian Grand Prix,ANT,53.0,2.0,HARD,31.0,87.057,1,False
11,Hungarian Grand Prix,ANT,54.0,3.0,HARD,1.0,102.02,1,False
11,Hungarian Grand Prix,ANT,55.0,3.0,HARD,2.0,82.508,1,True
11,Hungarian Grand Prix,ANT,56.0,3.0,HARD,3.0,99.702,126,False
11,Hungarian Grand Prix,ANT,57.0,3.0,HARD,4.0,92.221,671,False
11,Hungarian Grand Prix,ANT,58.0,3.0,HARD,5.0,82.415,1,True
11,Hungarian Grand Prix,ANT,59.0,3.0,HARD,6.0,82.427,1,True
11,Hungarian Grand Prix,ANT,60.0,3.0,HARD,7.0,82.679,1,True
11,Hungarian Grand Prix,ANT,61.0,3.0,HARD,8.0,82.764,1,True
11,Hungarian Grand Prix,ANT,62.0,3.0,HARD,9.0,84.749,1,True
11,Hungarian Grand Prix,ANT,63.0,3.0,HARD,10.0,85.064,1,True
11,Hungarian Grand Prix,ANT,64.0,3.0,HARD,11.0,83.913,1,True
11,Hungarian Grand Prix,ANT,65.0,3.0,HARD,12.0,82.967,1,True
11,Hungarian Grand Prix,ANT,66.0,3.0,HARD,13.0,83.062,1,True
11,Hungarian Grand Prix,ANT,67.0,3.0,HARD,14.0,82.941,1,True
11,Hungarian Grand Prix,ANT,68.0,3.0,HARD,15.0,83.05,1,True
11,Hungarian Grand Prix,ANT,69.0,3.0,HARD,16.0,83.214,1,True
11,Hungarian Grand Prix,ANT,70.0,3.0,HARD,17.0,83.472,1,True
11,Hungarian Grand Prix,ALO,1.0,1.0,SOFT,1.0,98.187,1,False
11,Hungarian Grand Prix,ALO,2.0,1.0,SOFT,2.0,88.901,1,False
11,Hungarian Grand Prix,ALO,3.0,1.0,SOFT,3.0,87.883,1,True
11,Hungarian Grand Prix,ALO,4.0,1.0,SOFT,4.0,88.021,1,True
11,Hungarian Grand Prix,ALO,5.0,1.0,SOFT,5.0,89.29,1,True
11,Hungarian Grand Prix,ALO,6.0,1.0,SOFT,6.0,87.262,1,True
11,Hungarian Grand Prix,ALO,7.0,1.0,SOFT,7.0,87.495,1,True
11,Hungarian Grand Prix,ALO,8.0,1.0,SOFT,8.0,87.678,1,True
11,Hungarian Grand Prix,ALO,9.0,1.0,SOFT,9.0,88.149,1,True
11,Hungarian Grand Prix,ALO,10.0,1.0,SOFT,10.0,87.887,1,True
11,Hungarian Grand Prix,ALO,11.0,1.0,SOFT,11.0,88.208,1,True
11,Hungarian Grand Prix,ALO,12.0,1.0,SOFT,12.0,88.216,1,True
11,Hungarian Grand Prix,ALO,13.0,1.0,SOFT,13.0,88.327,1,True
11,Hungarian Grand Prix,ALO,14.0,1.0,SOFT,14.0,88.777,1,True
11,Hungarian Grand Prix,ALO,15.0,1.0,SOFT,15.0,88.534,1,True
11,Hungarian Grand Prix,ALO,16.0,1.0,SOFT,16.0,87.683,1,True
11,Hungarian Grand Prix,ALO,17.0,1.0,SOFT,17.0,87.856,1,True
11,Hungarian Grand Prix,ALO,18.0,1.0,SOFT,18.0,87.186,1,True
11,Hungarian Grand Prix,ALO,19.0,1.0,SOFT,19.0,87.535,1,True
11,Hungarian Grand Prix,ALO,20.0,1.0,SOFT,20.0,87.515,1,True
11,Hungarian Grand Prix,ALO,21.0,1.0,SOFT,21.0,87.559,1,True
11,Hungarian Grand Prix,ALO,22.0,1.0,SOFT,22.0,87.363,1,True
11,Hungarian Grand Prix,ALO,23.0,1.0,SOFT,23.0,87.547,1,True
11,Hungarian Grand Prix,ALO,24.0,1.0,SOFT,24.0,88.587,1,True
11,Hungarian Grand Prix,ALO,25.0,1.0,SOFT,25.0,89.121,1,True
11,Hungarian Grand Prix,ALO,26.0,1.0,SOFT,26.0,89.776,1,True
11,Hungarian Grand Prix,ALO,27.0,1.0,SOFT,27.0,87.963,1,True
11,Hungarian Grand Prix,ALO,28.0,1.0,SOFT,28.0,88.125,1,True
11,Hungarian Grand Prix,ALO,29.0,1.0,SOFT,29.0,88.267,1,True
11,Hungarian Grand Prix,ALO,30.0,1.0,SOFT,30.0,88.182,1,True
11,Hungarian Grand Prix,ALO,31.0,1.0,SOFT,31.0,88.26,1,True
11,Hungarian Grand Prix,ALO,32.0,1.0,SOFT,32.0,88.259,1,True
11,Hungarian Grand Prix,ALO,33.0,1.0,SOFT,33.0,88.984,1,True
11,Hungarian Grand Prix,ALO,34.0,1.0,SOFT,34.0,91.532,1,False
11,Hungarian Grand Prix,ALO,35.0,2.0,MEDIUM,1.0,105.31,1,False
11,Hungarian Grand Prix,ALO,36.0,2.0,MEDIUM,2.0,87.261,1,True
11,Hungarian Grand Prix,ALO,37.0,2.0,MEDIUM,3.0,85.503,1,True
11,Hungarian Grand Prix,ALO,38.0,2.0,MEDIUM,4.0,87.067,12,False
11,Hungarian Grand Prix,ALO,39.0,2.0,MEDIUM,5.0,87.044,1,True
11,Hungarian Grand Prix,ALO,40.0,2.0,MEDIUM,6.0,85.593,1,True
11,Hungarian Grand Prix,ALO,41.0,2.0,MEDIUM,7.0,85.653,1,True
11,Hungarian Grand Prix,ALO,42.0,2.0,MEDIUM,8.0,85.766,1,True
11,Hungarian Grand Prix,ALO,43.0,2.0,MEDIUM,9.0,86.557,1,True
11,Hungarian Grand Prix,ALO,44.0,2.0,MEDIUM,10.0,88.209,1,True
11,Hungarian Grand Prix,ALO,45.0,2.0,MEDIUM,11.0,85.793,1,True
11,Hungarian Grand Prix,ALO,46.0,2.0,MEDIUM,12.0,85.727,1,True
11,Hungarian Grand Prix,ALO,47.0,2.0,MEDIUM,13.0,86.111,1,True
11,Hungarian Grand Prix,ALO,48.0,2.0,MEDIUM,14.0,85.928,1,True
11,Hungarian Grand Prix,ALO,49.0,2.0,MEDIUM,15.0,86.169,12,False
11,Hungarian Grand Prix,ALO,50.0,2.0,MEDIUM,16.0,85.497,1,True
11,Hungarian Grand Prix,ALO,51.0,2.0,MEDIUM,17.0,85.7,1,True
11,Hungarian Grand Prix,ALO,52.0,2.0,MEDIUM,18.0,85.821,1,True
11,Hungarian Grand Prix,ALO,53.0,2.0,MEDIUM,19.0,86.144,1,True
11,Hungarian Grand Prix,ALO,54.0,2.0,MEDIUM,20.0,86.405,1,True
11,Hungarian Grand Prix,ALO,55.0,2.0,MEDIUM,21.0,105.78,1267,False
11,Hungarian Grand Prix,ALO,56.0,3.0,SOFT,4.0,104.109,71,False
11,Hungarian Grand Prix,ALO,57.0,3.0,SOFT,5.0,83.679,1,True
11,Hungarian Grand Prix,ALO,58.0,3.0,SOFT,6.0,83.711,1,True
11,Hungarian Grand Prix,ALO,59.0,3.0,SOFT,7.0,84.748,1,True
11,Hungarian Grand Prix,ALO,60.0,3.0,SOFT,8.0,84.079,1,True
11,Hungarian Grand Prix,ALO,61.0,3.0,SOFT,9.0,84.456,1,True
11,Hungarian Grand Prix,ALO,62.0,3.0,SOFT,10.0,85.047,1,True
11,Hungarian Grand Prix,ALO,63.0,3.0,SOFT,11.0,86.2,1,True
11,Hungarian Grand Prix,ALO,64.0,3.0,SOFT,12.0,84.033,1,True
11,Hungarian Grand Prix,ALO,65.0,3.0,SOFT,13.0,84.682,1,True
11,Hungarian Grand Prix,ALO,66.0,3.0,SOFT,14.0,84.289,1,True
11,Hungarian Grand Prix,ALO,67.0,3.0,SOFT,15.0,84.684,1,True
11,Hungarian Grand Prix,ALO,68.0,3.0,SOFT,16.0,84.649,1,True
11,Hungarian Grand Prix,ALO,69.0,3.0,SOFT,17.0,84.713,1,True
11,Hungarian Grand Prix,LEC,1.0,1.0,SOFT,4.0,93.063,1,False
11,Hungarian Grand Prix,LEC,2.0,1.0,SOFT,5.0,85.916,1,False
11,Hungarian Grand Prix,LEC,3.0,1.0,SOFT,6.0,85.679,1,True
11,Hungarian Grand Prix,LEC,4.0,1.0,SOFT,7.0,85.701,1,True
11,Hungarian Grand Prix,LEC,5.0,1.0,SOFT,8.0,85.811,1,True
11,Hungarian Grand Prix,LEC,6.0,1.0,SOFT,9.0,85.434,1,True
11,Hungarian Grand Prix,LEC,7.0,1.0,SOFT,10.0,85.468,1,True
11,Hungarian Grand Prix,LEC,8.0,1.0,SOFT,11.0,85.435,1,True
11,Hungarian Grand Prix,LEC,9.0,1.0,SOFT,12.0,85.532,1,True
11,Hungarian Grand Prix,LEC,10.0,1.0,SOFT,13.0,85.797,1,True
11,Hungarian Grand Prix,LEC,11.0,1.0,SOFT,14.0,85.824,1,True
11,Hungarian Grand Prix,LEC,12.0,1.0,SOFT,15.0,86.055,1,True
11,Hungarian Grand Prix,LEC,13.0,1.0,SOFT,16.0,86.069,1,True
11,Hungarian Grand Prix,LEC,14.0,1.0,SOFT,17.0,86.049,1,True
11,Hungarian Grand Prix,LEC,15.0,1.0,SOFT,18.0,86.066,1,True
11,Hungarian Grand Prix,LEC,16.0,1.0,SOFT,19.0,88.909,1,False
11,Hungarian Grand Prix,LEC,17.0,2.0,HARD,1.0,104.646,1,False
11,Hungarian Grand Prix,LEC,18.0,2.0,HARD,2.0,84.536,1,True
11,Hungarian Grand Prix,LEC,19.0,2.0,HARD,3.0,84.876,1,True
11,Hungarian Grand Prix,LEC,20.0,2.0,HARD,4.0,85.034,1,True
11,Hungarian Grand Prix,LEC,21.0,2.0,HARD,5.0,84.871,1,True
11,Hungarian Grand Prix,LEC,22.0,2.0,HARD,6.0,84.869,1,True
11,Hungarian Grand Prix,LEC,23.0,2.0,HARD,7.0,84.944,1,True
11,Hungarian Grand Prix,LEC,24.0,2.0,HARD,8.0,84.989,1,True
11,Hungarian Grand Prix,LEC,25.0,2.0,HARD,9.0,85.074,1,True
11,Hungarian Grand Prix,LEC,26.0,2.0,HARD,10.0,85.75,1,True
11,Hungarian Grand Prix,LEC,27.0,2.0,HARD,11.0,85.974,1,True
11,Hungarian Grand Prix,LEC,28.0,2.0,HARD,12.0,85.156,1,True
11,Hungarian Grand Prix,LEC,29.0,2.0,HARD,13.0,85.633,1,True
11,Hungarian Grand Prix,LEC,30.0,2.0,HARD,14.0,85.781,1,True
11,Hungarian Grand Prix,LEC,31.0,2.0,HARD,15.0,85.357,1,True
11,Hungarian Grand Prix,LEC,32.0,2.0,HARD,16.0,85.531,1,True
11,Hungarian Grand Prix,LEC,33.0,2.0,HARD,17.0,85.782,1,True
11,Hungarian Grand Prix,LEC,34.0,2.0,HARD,18.0,86.27,1,True
11,Hungarian Grand Prix,LEC,35.0,2.0,HARD,19.0,86.394,1,True
11,Hungarian Grand Prix,LEC,36.0,2.0,HARD,20.0,88.451,1,False
11,Hungarian Grand Prix,LEC,37.0,3.0,HARD,1.0,104.285,1,False
11,Hungarian Grand Prix,LEC,38.0,3.0,HARD,2.0,84.77,1,True
11,Hungarian Grand Prix,LEC,39.0,3.0,HARD,3.0,84.108,12,False
11,Hungarian Grand Prix,LEC,40.0,3.0,HARD,4.0,84.198,1,True
11,Hungarian Grand Prix,LEC,41.0,3.0,HARD,5.0,83.789,1,True
11,Hungarian Grand Prix,LEC,42.0,3.0,HARD,6.0,85.41,1,True
11,Hungarian Grand Prix,LEC,43.0,3.0,HARD,7.0,84.266,1,True
11,Hungarian Grand Prix,LEC,44.0,3.0,HARD,8.0,84.421,1,True
11,Hungarian Grand Prix,LEC,45.0,3.0,HARD,9.0,84.141,1,True
11,Hungarian Grand Prix,LEC,46.0,3.0,HARD,10.0,84.611,1,True
11,Hungarian Grand Prix,LEC,47.0,3.0,HARD,11.0,84.174,1,True
11,Hungarian Grand Prix,LEC,48.0,3.0,HARD,12.0,84.95,1,True
11,Hungarian Grand Prix,LEC,49.0,3.0,HARD,13.0,84.92,1,True
11,Hungarian Grand Prix,LEC,50.0,3.0,HARD,14.0,84.662,12,False
11,Hungarian Grand Prix,LEC,51.0,3.0,HARD,15.0,84.365,1,True
11,Hungarian Grand Prix,LEC,52.0,3.0,HARD,16.0,84.693,1,True
11,Hungarian Grand Prix,LEC,53.0,3.0,HARD,17.0,84.873,1,True
11,Hungarian Grand Prix,LEC,54.0,3.0,HARD,18.0,84.648,1,True
11,Hungarian Grand Prix,LEC,55.0,3.0,HARD,19.0,84.738,1,True
11,Hungarian Grand Prix,LEC,56.0,3.0,HARD,20.0,100.087,126,False
11,Hungarian Grand Prix,LEC,57.0,4.0,SOFT,4.0,102.194,671,False
11,Hungarian Grand Prix,LEC,58.0,4.0,SOFT,5.0,82.0,1,True
11,Hungarian Grand Prix,LEC,59.0,4.0,SOFT,6.0,82.383,1,True
11,Hungarian Grand Prix,LEC,60.0,4.0,SOFT,7.0,82.34,1,True
11,Hungarian Grand Prix,LEC,61.0,4.0,SOFT,8.0,82.318,1,True
11,Hungarian Grand Prix,LEC,62.0,4.0,SOFT,9.0,82.661,1,True
11,Hungarian Grand Prix,LEC,63.0,4.0,SOFT,10.0,84.106,1,True
11,Hungarian Grand Prix,LEC,64.0,4.0,SOFT,11.0,84.57,1,True
11,Hungarian Grand Prix,LEC,65.0,4.0,SOFT,12.0,83.363,1,True
11,Hungarian Grand Prix,LEC,66.0,4.0,SOFT,13.0,82.927,1,True
11,Hungarian Grand Prix,LEC,67.0,4.0,SOFT,14.0,83.295,1,True
11,Hungarian Grand Prix,LEC,68.0,4.0,SOFT,15.0,82.927,1,True
11,Hungarian Grand Prix,LEC,69.0,4.0,SOFT,16.0,83.003,1,True
11,Hungarian Grand Prix,LEC,70.0,4.0,SOFT,17.0,83.098,1,True
11,Hungarian Grand Prix,STR,1.0,1.0,SOFT,1.0,100.293,1,False
11,Hungarian Grand Prix,STR,2.0,1.0,SOFT,2.0,90.751,1,False
11,Hungarian Grand Prix,STR,3.0,1.0,SOFT,3.0,87.739,1,True
11,Hungarian Grand Prix,STR,4.0,1.0,SOFT,4.0,88.366,1,True
11,Hungarian Grand Prix,STR,5.0,1.0,SOFT,5.0,87.685,1,True
11,Hungarian Grand Prix,STR,6.0,1.0,SOFT,6.0,88.365,1,True
11,Hungarian Grand Prix,STR,7.0,1.0,SOFT,7.0,88.362,1,True
11,Hungarian Grand Prix,STR,8.0,1.0,SOFT,8.0,91.065,1,False
11,Hungarian Grand Prix,STR,9.0,2.0,MEDIUM,1.0,104.057,1,False
11,Hungarian Grand Prix,STR,10.0,2.0,MEDIUM,2.0,86.397,1,True
11,Hungarian Grand Prix,STR,11.0,2.0,MEDIUM,3.0,87.235,1,True
11,Hungarian Grand Prix,STR,12.0,2.0,MEDIUM,4.0,87.803,1,True
11,Hungarian Grand Prix,STR,13.0,2.0,MEDIUM,5.0,87.528,1,True
11,Hungarian Grand Prix,STR,14.0,2.0,MEDIUM,6.0,88.174,1,True
11,Hungarian Grand Prix,STR,15.0,2.0,MEDIUM,7.0,88.619,1,True
11,Hungarian Grand Prix,STR,16.0,2.0,MEDIUM,8.0,87.72,1,True
11,Hungarian Grand Prix,STR,17.0,2.0,MEDIUM,9.0,86.999,1,True
11,Hungarian Grand Prix,STR,18.0,2.0,MEDIUM,10.0,86.951,1,True
11,Hungarian Grand Prix,STR,19.0,2.0,MEDIUM,11.0,87.229,1,True
11,Hungarian Grand Prix,STR,20.0,2.0,MEDIUM,12.0,87.3,1,True
11,Hungarian Grand Prix,STR,21.0,2.0,MEDIUM,13.0,87.556,1,True
11,Hungarian Grand Prix,STR,22.0,2.0,MEDIUM,14.0,87.15,1,True
11,Hungarian Grand Prix,STR,23.0,2.0,MEDIUM,15.0,88.019,1,True
11,Hungarian Grand Prix,STR,24.0,2.0,MEDIUM,16.0,88.086,1,True
11,Hungarian Grand Prix,STR,25.0,2.0,MEDIUM,17.0,86.862,1,True
11,Hungarian Grand Prix,STR,26.0,2.0,MEDIUM,18.0,87.172,1,True
11,Hungarian Grand Prix,STR,27.0,2.0,MEDIUM,19.0,86.837,1,True
11,Hungarian Grand Prix,STR,28.0,2.0,MEDIUM,20.0,87.302,1,True
11,Hungarian Grand Prix,STR,29.0,2.0,MEDIUM,21.0,87.274,1,True
11,Hungarian Grand Prix,STR,30.0,2.0,MEDIUM,22.0,87.296,1,True
11,Hungarian Grand Prix,STR,31.0,2.0,MEDIUM,23.0,87.175,1,True
11,Hungarian Grand Prix,STR,32.0,2.0,MEDIUM,24.0,86.847,1,True
11,Hungarian Grand Prix,STR,33.0,2.0,MEDIUM,25.0,86.822,1,True
11,Hungarian Grand Prix,STR,34.0,2.0,MEDIUM,26.0,87.17,1,True
11,Hungarian Grand Prix,STR,35.0,2.0,MEDIUM,27.0,86.887,1,True
11,Hungarian Grand Prix,STR,36.0,2.0,MEDIUM,28.0,89.001,1,True
11,Hungarian Grand Prix,STR,37.0,2.0,MEDIUM,29.0,90.469,1,False
11,Hungarian Grand Prix,STR,38.0,3.0,SOFT,1.0,105.698,12,False
11,Hungarian Grand Prix,STR,39.0,3.0,SOFT,2.0,85.147,1,True
11,Hungarian Grand Prix,STR,40.0,3.0,SOFT,3.0,84.989,1,True
11,Hungarian Grand Prix,STR,41.0,3.0,SOFT,4.0,88.108,1,True
11,Hungarian Grand Prix,STR,42.0,3.0,SOFT,5.0,85.438,1,True
11,Hungarian Grand Prix,STR,43.0,3.0,SOFT,6.0,85.811,1,True
11,Hungarian Grand Prix,STR,44.0,3.0,SOFT,7.0,85.47,1,True
11,Hungarian Grand Prix,STR,45.0,3.0,SOFT,8.0,85.673,1,True
11,Hungarian Grand Prix,STR,46.0,3.0,SOFT,9.0,85.218,1,True
11,Hungarian Grand Prix,STR,47.0,3.0,SOFT,10.0,85.627,1,True
11,Hungarian Grand Prix,STR,48.0,3.0,SOFT,11.0,86.628,1,True
11,Hungarian Grand Prix,STR,49.0,3.0,SOFT,12.0,86.005,12,False
11,Hungarian Grand Prix,STR,50.0,3.0,SOFT,13.0,85.191,1,True
11,Hungarian Grand Prix,STR,51.0,3.0,SOFT,14.0,85.529,1,True
11,Hungarian Grand Prix,STR,52.0,3.0,SOFT,15.0,85.342,1,True
11,Hungarian Grand Prix,STR,53.0,3.0,SOFT,16.0,85.589,1,True
11,Hungarian Grand Prix,STR,54.0,3.0,SOFT,17.0,85.805,1,True
11,Hungarian Grand Prix,STR,55.0,3.0,SOFT,18.0,103.984,1267,False
11,Hungarian Grand Prix,STR,56.0,3.0,SOFT,19.0,88.654,71,False
11,Hungarian Grand Prix,STR,57.0,3.0,SOFT,20.0,84.718,1,True
11,Hungarian Grand Prix,STR,58.0,3.0,SOFT,21.0,84.91,1,True
11,Hungarian Grand Prix,STR,59.0,3.0,SOFT,22.0,85.07,1,True
11,Hungarian Grand Prix,STR,60.0,3.0,SOFT,23.0,85.408,1,True
11,Hungarian Grand Prix,STR,61.0,3.0,SOFT,24.0,86.4,1,True
11,Hungarian Grand Prix,STR,62.0,3.0,SOFT,25.0,85.493,1,True
11,Hungarian Grand Prix,STR,63.0,3.0,SOFT,26.0,85.404,1,True
11,Hungarian Grand Prix,STR,64.0,3.0,SOFT,27.0,85.132,1,True
11,Hungarian Grand Prix,STR,65.0,3.0,SOFT,28.0,87.497,1,True
11,Hungarian Grand Prix,STR,66.0,3.0,SOFT,29.0,85.361,1,True
11,Hungarian Grand Prix,STR,67.0,3.0,SOFT,30.0,86.989,1,True
11,Hungarian Grand Prix,STR,68.0,3.0,SOFT,31.0,85.407,1,True
11,Hungarian Grand Prix,STR,69.0,3.0,SOFT,32.0,85.75,1,True
11,Hungarian Grand Prix,ALB,1.0,1.0,MEDIUM,1.0,99.948,1,False
11,Hungarian Grand Prix,ALB,2.0,1.0,MEDIUM,2.0,89.851,1,False
11,Hungarian Grand Prix,ALB,3.0,1.0,MEDIUM,3.0,88.63,1,True
11,Hungarian Grand Prix,ALB,4.0,1.0,MEDIUM,4.0,88.479,1,True
11,Hungarian Grand Prix,ALB,5.0,1.0,MEDIUM,5.0,89.269,1,True
11,Hungarian Grand Prix,ALB,6.0,1.0,MEDIUM,6.0,88.665,1,True
11,Hungarian Grand Prix,ALB,7.0,1.0,MEDIUM,7.0,88.616,1,True
11,Hungarian Grand Prix,ALB,8.0,1.0,MEDIUM,8.0,88.46,1,True
11,Hungarian Grand Prix,ALB,9.0,1.0,MEDIUM,9.0,87.831,1,True
11,Hungarian Grand Prix,ALB,10.0,1.0,MEDIUM,10.0,88.497,1,True
11,Hungarian Grand Prix,ALB,11.0,1.0,MEDIUM,11.0,88.411,1,True
11,Hungarian Grand Prix,ALB,12.0,1.0,MEDIUM,12.0,91.197,1,True
11,Hungarian Grand Prix,ALB,13.0,1.0,MEDIUM,13.0,88.837,1,True
11,Hungarian Grand Prix,ALB,14.0,1.0,MEDIUM,14.0,88.248,1,True
11,Hungarian Grand Prix,ALB,15.0,1.0,MEDIUM,15.0,88.5,1,True
11,Hungarian Grand Prix,ALB,16.0,1.0,MEDIUM,16.0,88.309,1,True
11,Hungarian Grand Prix,ALB,17.0,1.0,MEDIUM,17.0,87.976,1,True
11,Hungarian Grand Prix,ALB,18.0,1.0,MEDIUM,18.0,88.214,1,True
11,Hungarian Grand Prix,ALB,19.0,1.0,MEDIUM,19.0,89.114,1,True
11,Hungarian Grand Prix,ALB,20.0,1.0,MEDIUM,20.0,88.621,1,True
11,Hungarian Grand Prix,ALB,21.0,1.0,MEDIUM,21.0,88.38,1,True
11,Hungarian Grand Prix,ALB,22.0,1.0,MEDIUM,22.0,88.341,1,True
11,Hungarian Grand Prix,ALB,23.0,1.0,MEDIUM,23.0,88.522,1,True
11,Hungarian Grand Prix,ALB,24.0,1.0,MEDIUM,24.0,88.227,1,True
11,Hungarian Grand Prix,ALB,25.0,1.0,MEDIUM,25.0,89.862,1,True
11,Hungarian Grand Prix,ALB,26.0,1.0,MEDIUM,26.0,91.997,1,False
11,Hungarian Grand Prix,ALB,27.0,2.0,HARD,1.0,108.303,1,False
11,Hungarian Grand Prix,ALB,28.0,2.0,HARD,2.0,86.44,1,True
11,Hungarian Grand Prix,ALB,29.0,2.0,HARD,3.0,86.54,1,True
11,Hungarian Grand Prix,ALB,30.0,2.0,HARD,4.0,87.067,1,True
11,Hungarian Grand Prix,ALB,31.0,2.0,HARD,5.0,87.04,1,True
11,Hungarian Grand Prix,ALB,32.0,2.0,HARD,6.0,86.949,1,True
11,Hungarian Grand Prix,ALB,33.0,2.0,HARD,7.0,88.193,1,True
11,Hungarian Grand Prix,ALB,34.0,2.0,HARD,8.0,88.019,1,True
11,Hungarian Grand Prix,ALB,35.0,2.0,HARD,9.0,87.007,1,True
11,Hungarian Grand Prix,ALB,36.0,2.0,HARD,10.0,87.404,1,True
11,Hungarian Grand Prix,ALB,37.0,2.0,HARD,11.0,87.576,1,True
11,Hungarian Grand Prix,ALB,38.0,2.0,HARD,12.0,90.378,12,False
11,Hungarian Grand Prix,ALB,39.0,2.0,HARD,13.0,90.084,1,True
11,Hungarian Grand Prix,ALB,40.0,2.0,HARD,14.0,87.699,1,True
11,Hungarian Grand Prix,ALB,41.0,2.0,HARD,15.0,87.863,1,True
11,Hungarian Grand Prix,ALB,42.0,2.0,HARD,16.0,87.796,1,True
11,Hungarian Grand Prix,ALB,43.0,2.0,HARD,17.0,87.666,1,True
11,Hungarian Grand Prix,ALB,44.0,2.0,HARD,18.0,87.155,1,True
11,Hungarian Grand Prix,ALB,45.0,2.0,HARD,19.0,87.117,1,True
11,Hungarian Grand Prix,ALB,46.0,2.0,HARD,20.0,88.224,1,True
11,Hungarian Grand Prix,ALB,47.0,2.0,HARD,21.0,87.559,1,True
11,Hungarian Grand Prix,ALB,48.0,2.0,HARD,22.0,87.462,1,True
11,Hungarian Grand Prix,ALB,49.0,2.0,HARD,23.0,87.265,12,False
11,Hungarian Grand Prix,ALB,50.0,2.0,HARD,24.0,87.205,1,True
11,Hungarian Grand Prix,ALB,51.0,2.0,HARD,25.0,87.191,1,True
11,Hungarian Grand Prix,ALB,52.0,2.0,HARD,26.0,87.378,1,True
11,Hungarian Grand Prix,ALB,53.0,2.0,HARD,27.0,87.047,1,True
11,Hungarian Grand Prix,ALB,54.0,2.0,HARD,28.0,92.938,126,False
11,Hungarian Grand Prix,ALB,55.0,3.0,SOFT,1.0,115.515,671,False
11,Hungarian Grand Prix,ALB,56.0,3.0,SOFT,2.0,86.109,1,True
11,Hungarian Grand Prix,ALB,57.0,3.0,SOFT,3.0,85.403,1,True
11,Hungarian Grand Prix,ALB,58.0,3.0,SOFT,4.0,86.21,1,True
11,Hungarian Grand Prix,ALB,59.0,3.0,SOFT,5.0,87.302,1,True
11,Hungarian Grand Prix,ALB,60.0,3.0,SOFT,6.0,86.88,1,True
11,Hungarian Grand Prix,ALB,61.0,3.0,SOFT,7.0,88.621,1,True
11,Hungarian Grand Prix,ALB,62.0,3.0,SOFT,8.0,87.195,1,True
11,Hungarian Grand Prix,ALB,63.0,3.0,SOFT,9.0,87.27,1,True
11,Hungarian Grand Prix,ALB,64.0,3.0,SOFT,10.0,87.094,1,True
11,Hungarian Grand Prix,ALB,65.0,3.0,SOFT,11.0,87.159,1,True
11,Hungarian Grand Prix,ALB,66.0,3.0,SOFT,12.0,87.7,1,True
11,Hungarian Grand Prix,ALB,67.0,3.0,SOFT,13.0,87.881,1,True
11,Hungarian Grand Prix,ALB,68.0,3.0,SOFT,14.0,89.003,1,True
11,Hungarian Grand Prix,HUL,1.0,1.0,MEDIUM,1.0,95.853,1,False
11,Hungarian Grand Prix,HUL,2.0,1.0,MEDIUM,2.0,88.356,1,False
11,Hungarian Grand Prix,HUL,3.0,1.0,MEDIUM,3.0,86.963,1,True
11,Hungarian Grand Prix,HUL,4.0,1.0,MEDIUM,4.0,87.4,1,True
11,Hungarian Grand Prix,HUL,5.0,1.0,MEDIUM,5.0,86.895,1,True
11,Hungarian Grand Prix,HUL,6.0,1.0,MEDIUM,6.0,86.842,1,True
11,Hungarian Grand Prix,HUL,7.0,1.0,MEDIUM,7.0,87.058,1,True
11,Hungarian Grand Prix,HUL,8.0,1.0,MEDIUM,8.0,86.943,1,True
11,Hungarian Grand Prix,HUL,9.0,1.0,MEDIUM,9.0,87.121,1,True
11,Hungarian Grand Prix,HUL,10.0,1.0,MEDIUM,10.0,87.206,1,True
11,Hungarian Grand Prix,HUL,11.0,1.0,MEDIUM,11.0,87.447,1,True
11,Hungarian Grand Prix,HUL,12.0,1.0,MEDIUM,12.0,87.325,1,True
11,Hungarian Grand Prix,HUL,13.0,1.0,MEDIUM,13.0,87.136,1,True
11,Hungarian Grand Prix,HUL,14.0,1.0,MEDIUM,14.0,87.745,1,True
11,Hungarian Grand Prix,HUL,15.0,1.0,MEDIUM,15.0,87.489,1,True
11,Hungarian Grand Prix,HUL,16.0,1.0,MEDIUM,16.0,87.626,1,True
11,Hungarian Grand Prix,HUL,17.0,1.0,MEDIUM,17.0,88.471,1,True
11,Hungarian Grand Prix,HUL,18.0,1.0,MEDIUM,18.0,87.673,1,True
11,Hungarian Grand Prix,HUL,19.0,1.0,MEDIUM,19.0,90.376,1,False
11,Hungarian Grand Prix,HUL,20.0,2.0,HARD,1.0,104.492,1,False
11,Hungarian Grand Prix,HUL,21.0,2.0,HARD,2.0,85.814,1,True
11,Hungarian Grand Prix,HUL,22.0,2.0,HARD,3.0,87.78,1,True
11,Hungarian Grand Prix,HUL,23.0,2.0,HARD,4.0,87.049,1,True
11,Hungarian Grand Prix,HUL,24.0,2.0,HARD,5.0,86.979,1,True
11,Hungarian Grand Prix,HUL,25.0,2.0,HARD,6.0,87.158,1,True
11,Hungarian Grand Prix,HUL,26.0,2.0,HARD,7.0,86.034,1,True
11,Hungarian Grand Prix,HUL,27.0,2.0,HARD,8.0,86.443,1,True
11,Hungarian Grand Prix,HUL,28.0,2.0,HARD,9.0,86.395,1,True
11,Hungarian Grand Prix,HUL,29.0,2.0,HARD,10.0,86.517,1,True
11,Hungarian Grand Prix,HUL,30.0,2.0,HARD,11.0,86.394,1,True
11,Hungarian Grand Prix,HUL,31.0,2.0,HARD,12.0,86.403,1,True
11,Hungarian Grand Prix,HUL,32.0,2.0,HARD,13.0,86.514,1,True
11,Hungarian Grand Prix,HUL,33.0,2.0,HARD,14.0,86.19,1,True
11,Hungarian Grand Prix,HUL,34.0,2.0,HARD,15.0,86.149,1,True
11,Hungarian Grand Prix,HUL,35.0,2.0,HARD,16.0,86.229,1,True
11,Hungarian Grand Prix,HUL,36.0,2.0,HARD,17.0,86.251,1,True
11,Hungarian Grand Prix,HUL,37.0,2.0,HARD,18.0,86.159,1,True
11,Hungarian Grand Prix,HUL,38.0,2.0,HARD,19.0,86.62,12,False
11,Hungarian Grand Prix,HUL,39.0,2.0,HARD,20.0,88.815,1,False
11,Hungarian Grand Prix,HUL,40.0,3.0,SOFT,4.0,103.396,1,False
11,Hungarian Grand Prix,HUL,41.0,3.0,SOFT,5.0,85.249,1,True
11,Hungarian Grand Prix,HUL,42.0,3.0,SOFT,6.0,84.588,1,True
11,Hungarian Grand Prix,HUL,43.0,3.0,SOFT,7.0,84.824,1,True
11,Hungarian Grand Prix,HUL,44.0,3.0,SOFT,8.0,85.283,1,True
11,Hungarian Grand Prix,HUL,45.0,3.0,SOFT,9.0,85.203,1,True
11,Hungarian Grand Prix,HUL,46.0,3.0,SOFT,10.0,85.365,1,True
11,Hungarian Grand Prix,HUL,47.0,3.0,SOFT,11.0,86.149,1,True
11,Hungarian Grand Prix,HUL,48.0,3.0,SOFT,12.0,85.623,1,True
11,Hungarian Grand Prix,HUL,49.0,3.0,SOFT,13.0,87.042,12,False
11,Hungarian Grand Prix,HUL,50.0,3.0,SOFT,14.0,84.942,1,True
11,Hungarian Grand Prix,HUL,51.0,3.0,SOFT,15.0,84.322,1,True
11,Hungarian Grand Prix,HUL,52.0,3.0,SOFT,16.0,84.953,1,True
11,Hungarian Grand Prix,HUL,53.0,3.0,SOFT,17.0,85.455,1,True
11,Hungarian Grand Prix,HUL,54.0,3.0,SOFT,18.0,85.439,1,True
11,Hungarian Grand Prix,HUL,55.0,3.0,SOFT,19.0,94.339,126,False
11,Hungarian Grand Prix,HUL,56.0,3.0,SOFT,20.0,98.422,671,False
11,Hungarian Grand Prix,HUL,57.0,3.0,SOFT,21.0,84.876,1,True
11,Hungarian Grand Prix,HUL,58.0,3.0,SOFT,22.0,85.367,1,True
11,Hungarian Grand Prix,HUL,59.0,3.0,SOFT,23.0,86.089,1,True
11,Hungarian Grand Prix,HUL,60.0,3.0,SOFT,24.0,85.188,1,True
11,Hungarian Grand Prix,HUL,61.0,3.0,SOFT,25.0,87.937,1,True
11,Hungarian Grand Prix,HUL,62.0,3.0,SOFT,26.0,87.15,1,True
11,Hungarian Grand Prix,HUL,63.0,3.0,SOFT,27.0,86.307,1,True
11,Hungarian Grand Prix,HUL,64.0,3.0,SOFT,28.0,86.245,1,True
11,Hungarian Grand Prix,HUL,65.0,3.0,SOFT,29.0,84.506,1,True
11,Hungarian Grand Prix,HUL,66.0,3.0,SOFT,30.0,86.472,1,True
11,Hungarian Grand Prix,HUL,67.0,3.0,SOFT,31.0,83.964,1,True
11,Hungarian Grand Prix,HUL,68.0,3.0,SOFT,32.0,84.258,1,True
11,Hungarian Grand Prix,HUL,69.0,3.0,SOFT,33.0,85.299,1,True
11,Hungarian Grand Prix,VER,1.0,1.0,MEDIUM,1.0,92.03,1,False
11,Hungarian Grand Prix,VER,2.0,1.0,MEDIUM,2.0,85.958,1,False
11,Hungarian Grand Prix,VER,3.0,1.0,MEDIUM,3.0,85.597,1,True
11,Hungarian Grand Prix,VER,4.0,1.0,MEDIUM,4.0,85.359,1,True
11,Hungarian Grand Prix,VER,5.0,1.0,MEDIUM,5.0,85.743,1,True
11,Hungarian Grand Prix,VER,6.0,1.0,MEDIUM,6.0,85.396,1,True
11,Hungarian Grand Prix,VER,7.0,1.0,MEDIUM,7.0,85.388,1,True
11,Hungarian Grand Prix,VER,8.0,1.0,MEDIUM,8.0,85.474,1,True
11,Hungarian Grand Prix,VER,9.0,1.0,MEDIUM,9.0,85.635,1,True
11,Hungarian Grand Prix,VER,10.0,1.0,MEDIUM,10.0,85.622,1,True
11,Hungarian Grand Prix,VER,11.0,1.0,MEDIUM,11.0,85.627,1,True
11,Hungarian Grand Prix,VER,12.0,1.0,MEDIUM,12.0,85.733,1,True
11,Hungarian Grand Prix,VER,13.0,1.0,MEDIUM,13.0,85.957,1,True
11,Hungarian Grand Prix,VER,14.0,1.0,MEDIUM,14.0,88.509,1,False
11,Hungarian Grand Prix,VER,15.0,2.0,HARD,1.0,103.352,1,False
11,Hungarian Grand Prix,VER,16.0,2.0,HARD,2.0,84.985,1,True
11,Hungarian Grand Prix,VER,17.0,2.0,HARD,3.0,84.969,1,True
11,Hungarian Grand Prix,VER,18.0,2.0,HARD,4.0,85.979,1,True
11,Hungarian Grand Prix,VER,19.0,2.0,HARD,5.0,85.648,1,True
11,Hungarian Grand Prix,VER,20.0,2.0,HARD,6.0,84.965,1,True
11,Hungarian Grand Prix,VER,21.0,2.0,HARD,7.0,85.211,1,True
11,Hungarian Grand Prix,VER,22.0,2.0,HARD,8.0,85.317,1,True
11,Hungarian Grand Prix,VER,23.0,2.0,HARD,9.0,85.073,1,True
11,Hungarian Grand Prix,VER,24.0,2.0,HARD,10.0,85.027,1,True
11,Hungarian Grand Prix,VER,25.0,2.0,HARD,11.0,85.172,1,True
11,Hungarian Grand Prix,VER,26.0,2.0,HARD,12.0,85.446,1,True
11,Hungarian Grand Prix,VER,27.0,2.0,HARD,13.0,85.47,1,True
11,Hungarian Grand Prix,VER,28.0,2.0,HARD,14.0,85.114,1,True
11,Hungarian Grand Prix,VER,29.0,2.0,HARD,15.0,85.496,1,True
11,Hungarian Grand Prix,VER,30.0,2.0,HARD,16.0,85.064,1,True
11,Hungarian Grand Prix,VER,31.0,2.0,HARD,17.0,85.398,1,True
11,Hungarian Grand Prix,VER,32.0,2.0,HARD,18.0,85.494,1,True
11,Hungarian Grand Prix,VER,33.0,2.0,HARD,19.0,85.772,1,True
11,Hungarian Grand Prix,VER,34.0,2.0,HARD,20.0,85.394,1,True
11,Hungarian Grand Prix,VER,35.0,2.0,HARD,21.0,85.763,1,True
11,Hungarian Grand Prix,VER,36.0,2.0,HARD,22.0,85.424,1,True
11,Hungarian Grand Prix,VER,37.0,2.0,HARD,23.0,86.041,1,True
11,Hungarian Grand Prix,VER,38.0,2.0,HARD,24.0,85.724,1,True
11,Hungarian Grand Prix,VER,39.0,2.0,HARD,25.0,85.712,12,False
11,Hungarian Grand Prix,VER,40.0,2.0,HARD,26.0,85.63,1,True
11,Hungarian Grand Prix,VER,41.0,2.0,HARD,27.0,88.414,1,False
11,Hungarian Grand Prix,VER,42.0,3.0,SOFT,4.0,103.103,1,False
11,Hungarian Grand Prix,VER,43.0,3.0,SOFT,5.0,84.373,1,True
11,Hungarian Grand Prix,VER,44.0,3.0,SOFT,6.0,84.514,1,True
11,Hungarian Grand Prix,VER,45.0,3.0,SOFT,7.0,83.97,1,True
11,Hungarian Grand Prix,VER,46.0,3.0,SOFT,8.0,84.094,1,True
11,Hungarian Grand Prix,VER,47.0,3.0,SOFT,9.0,83.922,1,True
11,Hungarian Grand Prix,VER,48.0,3.0,SOFT,10.0,83.783,1,True
11,Hungarian Grand Prix,VER,49.0,3.0,SOFT,11.0,83.978,1,True
11,Hungarian Grand Prix,VER,50.0,3.0,SOFT,12.0,83.888,12,False
11,Hungarian Grand Prix,VER,51.0,3.0,SOFT,13.0,83.86,1,True
11,Hungarian Grand Prix,VER,52.0,3.0,SOFT,14.0,83.925,1,True
11,Hungarian Grand Prix,VER,53.0,3.0,SOFT,15.0,83.925,1,True
11,Hungarian Grand Prix,VER,54.0,3.0,SOFT,16.0,83.954,1,True
11,Hungarian Grand Prix,VER,55.0,3.0,SOFT,17.0,83.884,1,True
11,Hungarian Grand Prix,VER,56.0,3.0,SOFT,18.0,97.468,126,False
11,Hungarian Grand Prix,VER,57.0,3.0,SOFT,19.0,94.468,671,False
11,Hungarian Grand Prix,VER,58.0,3.0,SOFT,20.0,83.652,1,True
11,Hungarian Grand Prix,VER,59.0,3.0,SOFT,21.0,83.483,1,True
11,Hungarian Grand Prix,VER,60.0,3.0,SOFT,22.0,83.995,1,True
11,Hungarian Grand Prix,VER,61.0,3.0,SOFT,23.0,84.073,1,True
11,Hungarian Grand Prix,VER,62.0,3.0,SOFT,24.0,84.262,1,True
11,Hungarian Grand Prix,VER,63.0,3.0,SOFT,25.0,84.066,1,True
11,Hungarian Grand Prix,VER,64.0,3.0,SOFT,26.0,83.587,1,True
11,Hungarian Grand Prix,VER,65.0,3.0,SOFT,27.0,83.445,1,True
11,Hungarian Grand Prix,VER,66.0,3.0,SOFT,28.0,83.433,1,True
11,Hungarian Grand Prix,VER,67.0,3.0,SOFT,29.0,83.667,1,True
11,Hungarian Grand Prix,VER,68.0,3.0,SOFT,30.0,83.477,1,True
11,Hungarian Grand Prix,VER,69.0,3.0,SOFT,31.0,83.709,1,True
11,Hungarian Grand Prix,VER,70.0,3.0,SOFT,32.0,84.22,1,True
11,Hungarian Grand Prix,LAW,1.0,1.0,MEDIUM,1.0,95.009,1,False
11,Hungarian Grand Prix,LAW,2.0,1.0,MEDIUM,2.0,87.163,1,False
11,Hungarian Grand Prix,LAW,3.0,1.0,MEDIUM,3.0,86.38,1,True
11,Hungarian Grand Prix,LAW,4.0,1.0,MEDIUM,4.0,86.605,1,True
11,Hungarian Grand Prix,LAW,5.0,1.0,MEDIUM,5.0,86.739,1,True
11,Hungarian Grand Prix,LAW,6.0,1.0,MEDIUM,6.0,86.82,1,True
11,Hungarian Grand Prix,LAW,7.0,1.0,MEDIUM,7.0,86.841,1,True
11,Hungarian Grand Prix,LAW,8.0,1.0,MEDIUM,8.0,86.608,1,True
11,Hungarian Grand Prix,LAW,9.0,1.0,MEDIUM,9.0,86.612,1,True
11,Hungarian Grand Prix,LAW,10.0,1.0,MEDIUM,10.0,86.939,1,True
11,Hungarian Grand Prix,LAW,11.0,1.0,MEDIUM,11.0,86.861,1,True
11,Hungarian Grand Prix,LAW,12.0,1.0,MEDIUM,12.0,87.095,1,True
11,Hungarian Grand Prix,LAW,13.0,1.0,MEDIUM,13.0,86.918,1,True
11,Hungarian Grand Prix,LAW,14.0,1.0,MEDIUM,14.0,87.111,1,True
11,Hungarian Grand Prix,LAW,15.0,1.0,MEDIUM,15.0,87.54,1,True
11,Hungarian Grand Prix,LAW,16.0,1.0,MEDIUM,16.0,88.845,1,True
11,Hungarian Grand Prix,LAW,17.0,1.0,MEDIUM,17.0,87.906,1,True
11,Hungarian Grand Prix,LAW,18.0,1.0,MEDIUM,18.0,87.701,1,True
11,Hungarian Grand Prix,LAW,19.0,1.0,MEDIUM,19.0,87.559,1,True
11,Hungarian Grand Prix,LAW,20.0,1.0,MEDIUM,20.0,87.683,1,True
11,Hungarian Grand Prix,LAW,21.0,1.0,MEDIUM,21.0,90.678,1,False
11,Hungarian Grand Prix,LAW,22.0,2.0,HARD,1.0,105.587,1,False
11,Hungarian Grand Prix,LAW,23.0,2.0,HARD,2.0,86.344,1,True
11,Hungarian Grand Prix,LAW,24.0,2.0,HARD,3.0,85.714,1,True
11,Hungarian Grand Prix,LAW,25.0,2.0,HARD,4.0,86.149,1,True
11,Hungarian Grand Prix,LAW,26.0,2.0,HARD,5.0,85.847,1,True
11,Hungarian Grand Prix,LAW,27.0,2.0,HARD,6.0,86.09,1,True
11,Hungarian Grand Prix,LAW,28.0,2.0,HARD,7.0,87.8,1,True
11,Hungarian Grand Prix,LAW,29.0,2.0,HARD,8.0,86.521,1,True
11,Hungarian Grand Prix,LAW,30.0,2.0,HARD,9.0,86.374,1,True
11,Hungarian Grand Prix,LAW,31.0,2.0,HARD,10.0,86.09,1,True
11,Hungarian Grand Prix,LAW,32.0,2.0,HARD,11.0,86.1,1,True
11,Hungarian Grand Prix,LAW,33.0,2.0,HARD,12.0,86.267,1,True
11,Hungarian Grand Prix,LAW,34.0,2.0,HARD,13.0,86.113,1,True
11,Hungarian Grand Prix,LAW,35.0,2.0,HARD,14.0,86.273,1,True
11,Hungarian Grand Prix,LAW,36.0,2.0,HARD,15.0,86.206,1,True
11,Hungarian Grand Prix,LAW,37.0,2.0,HARD,16.0,85.966,1,True
11,Hungarian Grand Prix,LAW,38.0,2.0,HARD,17.0,86.453,12,False
11,Hungarian Grand Prix,LAW,39.0,2.0,HARD,18.0,86.46,1,True
11,Hungarian Grand Prix,LAW,40.0,2.0,HARD,19.0,86.674,1,True
11,Hungarian Grand Prix,LAW,41.0,2.0,HARD,20.0,86.529,1,True
11,Hungarian Grand Prix,LAW,42.0,2.0,HARD,21.0,88.645,1,False
11,Hungarian Grand Prix,LAW,43.0,3.0,SOFT,1.0,103.497,1,False
11,Hungarian Grand Prix,LAW,44.0,3.0,SOFT,2.0,84.855,1,True
11,Hungarian Grand Prix,LAW,45.0,3.0,SOFT,3.0,85.023,1,True
11,Hungarian Grand Prix,LAW,46.0,3.0,SOFT,4.0,85.527,1,True
11,Hungarian Grand Prix,LAW,47.0,3.0,SOFT,5.0,85.276,1,True
11,Hungarian Grand Prix,LAW,48.0,3.0,SOFT,6.0,85.165,1,True
11,Hungarian Grand Prix,LAW,49.0,3.0,SOFT,7.0,85.209,12,False
11,Hungarian Grand Prix,LAW,50.0,3.0,SOFT,8.0,85.066,1,True
11,Hungarian Grand Prix,LAW,51.0,3.0,SOFT,9.0,87.413,1,True
11,Hungarian Grand Prix,LAW,52.0,3.0,SOFT,10.0,85.041,1,True
11,Hungarian Grand Prix,LAW,53.0,3.0,SOFT,11.0,86.116,1,True
11,Hungarian Grand Prix,LAW,54.0,3.0,SOFT,12.0,85.17,1,True
11,Hungarian Grand Prix,LAW,55.0,3.0,SOFT,13.0,94.166,126,False
11,Hungarian Grand Prix,LAW,56.0,3.0,SOFT,14.0,98.51,671,False
11,Hungarian Grand Prix,LAW,57.0,3.0,SOFT,15.0,85.011,1,True
11,Hungarian Grand Prix,LAW,58.0,3.0,SOFT,16.0,85.537,1,True
11,Hungarian Grand Prix,LAW,59.0,3.0,SOFT,17.0,85.955,1,True
11,Hungarian Grand Prix,LAW,60.0,3.0,SOFT,18.0,85.439,1,True
11,Hungarian Grand Prix,LAW,61.0,3.0,SOFT,19.0,87.178,1,True
11,Hungarian Grand Prix,LAW,62.0,3.0,SOFT,20.0,87.396,1,True
11,Hungarian Grand Prix,LAW,63.0,3.0,SOFT,21.0,85.422,1,True
11,Hungarian Grand Prix,LAW,64.0,3.0,SOFT,22.0,83.9,1,True
11,Hungarian Grand Prix,LAW,65.0,3.0,SOFT,23.0,86.929,1,True
11,Hungarian Grand Prix,LAW,66.0,3.0,SOFT,24.0,84.409,1,True
11,Hungarian Grand Prix,LAW,67.0,3.0,SOFT,25.0,86.07,1,True
11,Hungarian Grand Prix,LAW,68.0,3.0,SOFT,26.0,84.445,1,True
11,Hungarian Grand Prix,LAW,69.0,3.0,SOFT,27.0,84.673,1,True
11,Hungarian Grand Prix,OCO,1.0,1.0,MEDIUM,1.0,96.871,1,False
11,Hungarian Grand Prix,OCO,2.0,1.0,MEDIUM,2.0,88.696,1,False
11,Hungarian Grand Prix,OCO,3.0,1.0,MEDIUM,3.0,87.489,1,True
11,Hungarian Grand Prix,OCO,4.0,1.0,MEDIUM,4.0,87.649,1,True
11,Hungarian Grand Prix,OCO,5.0,1.0,MEDIUM,5.0,87.493,1,True
11,Hungarian Grand Prix,OCO,6.0,1.0,MEDIUM,6.0,87.68,1,True
11,Hungarian Grand Prix,OCO,7.0,1.0,MEDIUM,7.0,87.684,1,True
11,Hungarian Grand Prix,OCO,8.0,1.0,MEDIUM,8.0,87.924,1,True
11,Hungarian Grand Prix,OCO,9.0,1.0,MEDIUM,9.0,88.719,1,True
11,Hungarian Grand Prix,OCO,10.0,1.0,MEDIUM,10.0,87.806,1,True
11,Hungarian Grand Prix,OCO,11.0,1.0,MEDIUM,11.0,88.194,1,True
11,Hungarian Grand Prix,OCO,12.0,1.0,MEDIUM,12.0,88.685,1,True
11,Hungarian Grand Prix,OCO,13.0,1.0,MEDIUM,13.0,88.311,1,True
11,Hungarian Grand Prix,OCO,14.0,1.0,MEDIUM,14.0,89.762,1,True
11,Hungarian Grand Prix,OCO,15.0,1.0,MEDIUM,15.0,88.193,1,True
11,Hungarian Grand Prix,OCO,16.0,1.0,MEDIUM,16.0,88.293,1,True
11,Hungarian Grand Prix,OCO,17.0,1.0,MEDIUM,17.0,90.958,1,False
11,Hungarian Grand Prix,OCO,18.0,2.0,HARD,1.0,106.962,1,False
11,Hungarian Grand Prix,OCO,19.0,2.0,HARD,2.0,86.962,1,True
11,Hungarian Grand Prix,OCO,20.0,2.0,HARD,3.0,86.969,1,True
11,Hungarian Grand Prix,OCO,21.0,2.0,HARD,4.0,87.405,1,True
11,Hungarian Grand Prix,OCO,22.0,2.0,HARD,5.0,87.081,1,True
11,Hungarian Grand Prix,OCO,23.0,2.0,HARD,6.0,87.428,1,True
11,Hungarian Grand Prix,OCO,24.0,2.0,HARD,7.0,87.713,1,True
11,Hungarian Grand Prix,OCO,25.0,2.0,HARD,8.0,88.689,1,True
11,Hungarian Grand Prix,OCO,26.0,2.0,HARD,9.0,89.084,1,True
11,Hungarian Grand Prix,OCO,27.0,2.0,HARD,10.0,87.112,1,True
11,Hungarian Grand Prix,OCO,28.0,2.0,HARD,11.0,87.555,1,True
11,Hungarian Grand Prix,OCO,29.0,2.0,HARD,12.0,87.057,1,True
11,Hungarian Grand Prix,OCO,30.0,2.0,HARD,13.0,87.361,1,True
11,Hungarian Grand Prix,OCO,31.0,2.0,HARD,14.0,87.608,1,True
11,Hungarian Grand Prix,OCO,32.0,2.0,HARD,15.0,87.337,1,True
11,Hungarian Grand Prix,OCO,33.0,2.0,HARD,16.0,88.298,1,True
11,Hungarian Grand Prix,OCO,34.0,2.0,HARD,17.0,88.845,1,True
11,Hungarian Grand Prix,OCO,35.0,2.0,HARD,18.0,89.788,1,False
11,Hungarian Grand Prix,OCO,36.0,3.0,HARD,1.0,108.386,1,False
11,Hungarian Grand Prix,OCO,37.0,3.0,HARD,2.0,86.882,1,True
11,Hungarian Grand Prix,OCO,38.0,3.0,HARD,3.0,87.291,12,False
11,Hungarian Grand Prix,OCO,39.0,3.0,HARD,4.0,87.19,1,True
11,Hungarian Grand Prix,OCO,40.0,3.0,HARD,5.0,87.773,1,True
11,Hungarian Grand Prix,OCO,41.0,3.0,HARD,6.0,87.462,1,True
11,Hungarian Grand Prix,OCO,42.0,3.0,HARD,7.0,86.345,1,True
11,Hungarian Grand Prix,OCO,43.0,3.0,HARD,8.0,86.119,1,True
11,Hungarian Grand Prix,OCO,44.0,3.0,HARD,9.0,85.965,1,True
11,Hungarian Grand Prix,OCO,45.0,3.0,HARD,10.0,86.247,1,True
11,Hungarian Grand Prix,OCO,46.0,3.0,HARD,11.0,86.2,1,True
11,Hungarian Grand Prix,OCO,47.0,3.0,HARD,12.0,86.331,1,True
11,Hungarian Grand Prix,OCO,48.0,3.0,HARD,13.0,86.604,1,True
11,Hungarian Grand Prix,OCO,49.0,3.0,HARD,14.0,88.334,12,False
11,Hungarian Grand Prix,OCO,50.0,3.0,HARD,15.0,86.042,1,True
11,Hungarian Grand Prix,OCO,51.0,3.0,HARD,16.0,86.148,1,True
11,Hungarian Grand Prix,OCO,52.0,3.0,HARD,17.0,86.216,1,True
11,Hungarian Grand Prix,OCO,53.0,3.0,HARD,18.0,86.657,1,True
11,Hungarian Grand Prix,OCO,54.0,3.0,HARD,19.0,86.512,126,False
11,Hungarian Grand Prix,OCO,55.0,3.0,HARD,20.0,106.932,671,False
11,Hungarian Grand Prix,OCO,56.0,3.0,HARD,21.0,87.893,1,True
11,Hungarian Grand Prix,OCO,57.0,3.0,HARD,22.0,86.012,1,True
11,Hungarian Grand Prix,OCO,58.0,3.0,HARD,23.0,86.082,1,True
11,Hungarian Grand Prix,OCO,59.0,3.0,HARD,24.0,86.328,1,True
11,Hungarian Grand Prix,OCO,60.0,3.0,HARD,25.0,86.392,1,True
11,Hungarian Grand Prix,OCO,61.0,3.0,HARD,26.0,86.254,1,True
11,Hungarian Grand Prix,OCO,62.0,3.0,HARD,27.0,85.889,1,True
11,Hungarian Grand Prix,OCO,63.0,3.0,HARD,28.0,86.14,1,True
11,Hungarian Grand Prix,OCO,64.0,3.0,HARD,29.0,86.065,1,True
11,Hungarian Grand Prix,OCO,65.0,3.0,HARD,30.0,87.916,1,True
11,Hungarian Grand Prix,OCO,66.0,3.0,HARD,31.0,86.17,1,True
11,Hungarian Grand Prix,OCO,67.0,3.0,HARD,32.0,86.194,1,True
11,Hungarian Grand Prix,OCO,68.0,3.0,HARD,33.0,86.407,1,True
11,Hungarian Grand Prix,LIN,1.0,1.0,MEDIUM,1.0,95.383,1,False
11,Hungarian Grand Prix,LIN,2.0,1.0,MEDIUM,2.0,88.085,1,False
11,Hungarian Grand Prix,LIN,3.0,1.0,MEDIUM,3.0,87.001,1,True
11,Hungarian Grand Prix,LIN,4.0,1.0,MEDIUM,4.0,87.24,1,True
11,Hungarian Grand Prix,LIN,5.0,1.0,MEDIUM,5.0,86.822,1,True
11,Hungarian Grand Prix,LIN,6.0,1.0,MEDIUM,6.0,86.83,1,True
11,Hungarian Grand Prix,LIN,7.0,1.0,MEDIUM,7.0,86.902,1,True
11,Hungarian Grand Prix,LIN,8.0,1.0,MEDIUM,8.0,86.748,1,True
11,Hungarian Grand Prix,LIN,9.0,1.0,MEDIUM,9.0,87.044,1,True
11,Hungarian Grand Prix,LIN,10.0,1.0,MEDIUM,10.0,87.091,1,True
11,Hungarian Grand Prix,LIN,11.0,1.0,MEDIUM,11.0,87.056,1,True
11,Hungarian Grand Prix,LIN,12.0,1.0,MEDIUM,12.0,87.425,1,True
11,Hungarian Grand Prix,LIN,13.0,1.0,MEDIUM,13.0,87.268,1,True
11,Hungarian Grand Prix,LIN,14.0,1.0,MEDIUM,14.0,88.124,1,True
11,Hungarian Grand Prix,LIN,15.0,1.0,MEDIUM,15.0,87.494,1,True
11,Hungarian Grand Prix,LIN,16.0,1.0,MEDIUM,16.0,87.506,1,True
11,Hungarian Grand Prix,LIN,17.0,1.0,MEDIUM,17.0,87.76,1,True
11,Hungarian Grand Prix,LIN,18.0,1.0,MEDIUM,18.0,88.488,1,True
11,Hungarian Grand Prix,LIN,19.0,1.0,MEDIUM,19.0,87.365,1,True
11,Hungarian Grand Prix,LIN,20.0,1.0,MEDIUM,20.0,89.434,1,False
11,Hungarian Grand Prix,LIN,21.0,2.0,HARD,1.0,104.243,1,False
11,Hungarian Grand Prix,LIN,22.0,2.0,HARD,2.0,86.841,1,True
11,Hungarian Grand Prix,LIN,23.0,2.0,HARD,3.0,86.402,1,True
11,Hungarian Grand Prix,LIN,24.0,2.0,HARD,4.0,87.463,1,True
11,Hungarian Grand Prix,LIN,25.0,2.0,HARD,5.0,86.696,1,True
11,Hungarian Grand Prix,LIN,26.0,2.0,HARD,6.0,86.37,1,True
11,Hungarian Grand Prix,LIN,27.0,2.0,HARD,7.0,86.228,1,True
11,Hungarian Grand Prix,LIN,28.0,2.0,HARD,8.0,86.406,1,True
11,Hungarian Grand Prix,LIN,29.0,2.0,HARD,9.0,86.715,1,True
11,Hungarian Grand Prix,LIN,30.0,2.0,HARD,10.0,86.615,1,True
11,Hungarian Grand Prix,LIN,31.0,2.0,HARD,11.0,86.425,1,True
11,Hungarian Grand Prix,LIN,32.0,2.0,HARD,12.0,86.246,1,True
11,Hungarian Grand Prix,LIN,33.0,2.0,HARD,13.0,86.333,1,True
11,Hungarian Grand Prix,LIN,34.0,2.0,HARD,14.0,86.262,1,True
11,Hungarian Grand Prix,LIN,35.0,2.0,HARD,15.0,86.244,1,True
11,Hungarian Grand Prix,LIN,36.0,2.0,HARD,16.0,86.253,1,True
11,Hungarian Grand Prix,LIN,37.0,2.0,HARD,17.0,86.272,1,True
11,Hungarian Grand Prix,LIN,38.0,2.0,HARD,18.0,86.405,12,False
11,Hungarian Grand Prix,LIN,39.0,2.0,HARD,19.0,86.386,1,True
11,Hungarian Grand Prix,LIN,40.0,2.0,HARD,20.0,86.642,1,True
11,Hungarian Grand Prix,LIN,41.0,2.0,HARD,21.0,86.504,1,True
11,Hungarian Grand Prix,LIN,42.0,2.0,HARD,22.0,86.696,1,True
11,Hungarian Grand Prix,LIN,43.0,2.0,HARD,23.0,86.136,1,True
11,Hungarian Grand Prix,LIN,44.0,2.0,HARD,24.0,86.182,1,True
11,Hungarian Grand Prix,LIN,45.0,2.0,HARD,25.0,86.087,1,True
11,Hungarian Grand Prix,LIN,46.0,2.0,HARD,26.0,86.296,1,True
11,Hungarian Grand Prix,LIN,47.0,2.0,HARD,27.0,85.931,1,True
11,Hungarian Grand Prix,LIN,48.0,2.0,HARD,28.0,86.001,1,True
11,Hungarian Grand Prix,LIN,49.0,2.0,HARD,29.0,86.062,12,False
11,Hungarian Grand Prix,LIN,50.0,2.0,HARD,30.0,86.337,21,False
11,Hungarian Grand Prix,LIN,51.0,2.0,HARD,31.0,85.985,1,True
11,Hungarian Grand Prix,LIN,52.0,2.0,HARD,32.0,86.236,1,True
11,Hungarian Grand Prix,LIN,53.0,2.0,HARD,33.0,86.152,1,True
11,Hungarian Grand Prix,LIN,54.0,2.0,HARD,34.0,86.318,1,True
11,Hungarian Grand Prix,LIN,55.0,2.0,HARD,35.0,94.569,126,False
11,Hungarian Grand Prix,LIN,56.0,2.0,HARD,36.0,100.849,671,False
11,Hungarian Grand Prix,LIN,57.0,2.0,HARD,37.0,86.468,1,True
11,Hungarian Grand Prix,LIN,58.0,2.0,HARD,38.0,86.305,1,True
11,Hungarian Grand Prix,LIN,59.0,2.0,HARD,39.0,86.23,1,True
11,Hungarian Grand Prix,LIN,60.0,2.0,HARD,40.0,87.412,1,True
11,Hungarian Grand Prix,LIN,61.0,2.0,HARD,41.0,87.387,1,True
11,Hungarian Grand Prix,LIN,62.0,2.0,HARD,42.0,88.699,1,True
11,Hungarian Grand Prix,LIN,63.0,2.0,HARD,43.0,90.36,1,True
11,Hungarian Grand Prix,LIN,64.0,2.0,HARD,44.0,88.09,1,True
11,Hungarian Grand Prix,LIN,65.0,2.0,HARD,45.0,87.304,1,True
11,Hungarian Grand Prix,LIN,66.0,2.0,HARD,46.0,87.48,1,True
11,Hungarian Grand Prix,LIN,67.0,2.0,HARD,47.0,87.716,1,True
11,Hungarian Grand Prix,LIN,68.0,2.0,HARD,48.0,88.089,1,True
11,Hungarian Grand Prix,LIN,69.0,2.0,HARD,49.0,88.836,1,True
11,Hungarian Grand Prix,COL,1.0,1.0,MEDIUM,1.0,97.708,1,False
11,Hungarian Grand Prix,COL,2.0,1.0,MEDIUM,2.0,88.763,1,False
11,Hungarian Grand Prix,COL,3.0,1.0,MEDIUM,3.0,88.069,1,True
11,Hungarian Grand Prix,COL,4.0,1.0,MEDIUM,4.0,87.801,1,True
11,Hungarian Grand Prix,COL,5.0,1.0,MEDIUM,5.0,88.168,1,True
11,Hungarian Grand Prix,COL,6.0,1.0,MEDIUM,6.0,88.29,1,True
11,Hungarian Grand Prix,COL,7.0,1.0,MEDIUM,7.0,87.505,1,True
11,Hungarian Grand Prix,COL,8.0,1.0,MEDIUM,8.0,87.888,1,True
11,Hungarian Grand Prix,COL,9.0,1.0,MEDIUM,9.0,88.032,1,True
11,Hungarian Grand Prix,COL,10.0,1.0,MEDIUM,10.0,88.107,1,True
11,Hungarian Grand Prix,COL,11.0,1.0,MEDIUM,11.0,87.978,1,True
11,Hungarian Grand Prix,COL,12.0,1.0,MEDIUM,12.0,88.27,1,True
11,Hungarian Grand Prix,COL,13.0,1.0,MEDIUM,13.0,88.351,1,True
11,Hungarian Grand Prix,COL,14.0,1.0,MEDIUM,14.0,89.139,1,True
11,Hungarian Grand Prix,COL,15.0,1.0,MEDIUM,15.0,90.993,1,False
11,Hungarian Grand Prix,COL,16.0,2.0,HARD,1.0,107.212,1,False
11,Hungarian Grand Prix,COL,17.0,2.0,HARD,2.0,86.011,1,True
11,Hungarian Grand Prix,COL,18.0,2.0,HARD,3.0,86.559,1,True
11,Hungarian Grand Prix,COL,19.0,2.0,HARD,4.0,87.255,1,True
11,Hungarian Grand Prix,COL,20.0,2.0,HARD,5.0,87.245,1,True
11,Hungarian Grand Prix,COL,21.0,2.0,HARD,6.0,87.607,1,True
11,Hungarian Grand Prix,COL,22.0,2.0,HARD,7.0,87.103,1,True
11,Hungarian Grand Prix,COL,23.0,2.0,HARD,8.0,88.139,1,True
11,Hungarian Grand Prix,COL,24.0,2.0,HARD,9.0,88.095,1,True
11,Hungarian Grand Prix,COL,25.0,2.0,HARD,10.0,88.963,1,True
11,Hungarian Grand Prix,COL,26.0,2.0,HARD,11.0,87.096,1,True
11,Hungarian Grand Prix,COL,27.0,2.0,HARD,12.0,87.138,1,True
11,Hungarian Grand Prix,COL,28.0,2.0,HARD,13.0,88.224,1,True
11,Hungarian Grand Prix,COL,29.0,2.0,HARD,14.0,87.1,1,True
11,Hungarian Grand Prix,COL,30.0,2.0,HARD,15.0,87.347,1,True
11,Hungarian Grand Prix,COL,31.0,2.0,HARD,16.0,87.411,1,True
11,Hungarian Grand Prix,COL,32.0,2.0,HARD,17.0,87.092,1,True
11,Hungarian Grand Prix,COL,33.0,2.0,HARD,18.0,86.926,1,True
11,Hungarian Grand Prix,COL,34.0,2.0,HARD,19.0,88.936,1,True
11,Hungarian Grand Prix,COL,35.0,2.0,HARD,20.0,88.116,1,True
11,Hungarian Grand Prix,COL,36.0,2.0,HARD,21.0,87.416,1,True
11,Hungarian Grand Prix,COL,37.0,2.0,HARD,22.0,89.389,1,False
11,Hungarian Grand Prix,COL,38.0,3.0,HARD,1.0,107.418,12,False
11,Hungarian Grand Prix,COL,39.0,3.0,HARD,2.0,84.932,1,True
11,Hungarian Grand Prix,COL,40.0,3.0,HARD,3.0,84.624,1,True
11,Hungarian Grand Prix,COL,41.0,3.0,HARD,4.0,85.664,1,True
11,Hungarian Grand Prix,COL,42.0,3.0,HARD,5.0,85.631,1,True
11,Hungarian Grand Prix,COL,43.0,3.0,HARD,6.0,86.2,1,True
11,Hungarian Grand Prix,COL,44.0,3.0,HARD,7.0,85.577,1,True
11,Hungarian Grand Prix,COL,45.0,3.0,HARD,8.0,85.96,1,True
11,Hungarian Grand Prix,COL,46.0,3.0,HARD,9.0,85.745,1,True
11,Hungarian Grand Prix,COL,47.0,3.0,HARD,10.0,85.996,1,True
11,Hungarian Grand Prix,COL,48.0,3.0,HARD,11.0,86.055,1,True
11,Hungarian Grand Prix,COL,49.0,3.0,HARD,12.0,86.283,12,False
11,Hungarian Grand Prix,COL,50.0,3.0,HARD,13.0,85.707,1,True
11,Hungarian Grand Prix,COL,51.0,3.0,HARD,14.0,85.744,1,True
11,Hungarian Grand Prix,COL,52.0,3.0,HARD,15.0,88.475,1,True
11,Hungarian Grand Prix,COL,53.0,3.0,HARD,16.0,86.112,1,True
11,Hungarian Grand Prix,COL,54.0,3.0,HARD,17.0,86.049,12,False
11,Hungarian Grand Prix,COL,55.0,3.0,HARD,18.0,106.018,2671,False
11,Hungarian Grand Prix,COL,56.0,3.0,HARD,19.0,87.719,1,True
11,Hungarian Grand Prix,COL,57.0,3.0,HARD,20.0,86.316,1,True
11,Hungarian Grand Prix,COL,58.0,3.0,HARD,21.0,85.784,1,True
11,Hungarian Grand Prix,COL,59.0,3.0,HARD,22.0,85.672,1,True
11,Hungarian Grand Prix,COL,60.0,3.0,HARD,23.0,88.504,1,True
11,Hungarian Grand Prix,COL,61.0,3.0,HARD,24.0,86.582,1,True
11,Hungarian Grand Prix,COL,62.0,3.0,HARD,25.0,86.25,1,True
11,Hungarian Grand Prix,COL,63.0,3.0,HARD,26.0,85.935,1,True
11,Hungarian Grand Prix,COL,64.0,3.0,HARD,27.0,86.311,1,True
11,Hungarian Grand Prix,COL,65.0,3.0,HARD,28.0,86.552,1,True
11,Hungarian Grand Prix,COL,66.0,3.0,HARD,29.0,87.441,1,True
11,Hungarian Grand Prix,COL,67.0,3.0,HARD,30.0,88.562,1,True
11,Hungarian Grand Prix,COL,68.0,3.0,HARD,31.0,88.796,1,True
11,Hungarian Grand Prix,HAM,1.0,1.0,SOFT,1.0,92.42,1,False
11,Hungarian Grand Prix,HAM,2.0,1.0,SOFT,2.0,85.911,1,False
11,Hungarian Grand Prix,HAM,3.0,1.0,SOFT,3.0,85.598,1,True
11,Hungarian Grand Prix,HAM,4.0,1.0,SOFT,4.0,85.616,1,True
11,Hungarian Grand Prix,HAM,5.0,1.0,SOFT,5.0,85.806,1,True
11,Hungarian Grand Prix,HAM,6.0,1.0,SOFT,6.0,85.228,1,True
11,Hungarian Grand Prix,HAM,7.0,1.0,SOFT,7.0,85.474,1,True
11,Hungarian Grand Prix,HAM,8.0,1.0,SOFT,8.0,85.369,1,True
11,Hungarian Grand Prix,HAM,9.0,1.0,SOFT,9.0,85.91,1,True
11,Hungarian Grand Prix,HAM,10.0,1.0,SOFT,10.0,85.401,1,True
11,Hungarian Grand Prix,HAM,11.0,1.0,SOFT,11.0,85.732,1,True
11,Hungarian Grand Prix,HAM,12.0,1.0,SOFT,12.0,85.803,1,True
11,Hungarian Grand Prix,HAM,13.0,1.0,SOFT,13.0,88.64,1,False
11,Hungarian Grand Prix,HAM,14.0,2.0,HARD,1.0,103.085,1,False
11,Hungarian Grand Prix,HAM,15.0,2.0,HARD,2.0,84.937,1,True
11,Hungarian Grand Prix,HAM,16.0,2.0,HARD,3.0,86.092,1,True
11,Hungarian Grand Prix,HAM,17.0,2.0,HARD,4.0,85.064,1,True
11,Hungarian Grand Prix,HAM,18.0,2.0,HARD,5.0,85.654,1,True
11,Hungarian Grand Prix,HAM,19.0,2.0,HARD,6.0,86.384,1,True
11,Hungarian Grand Prix,HAM,20.0,2.0,HARD,7.0,85.255,1,True
11,Hungarian Grand Prix,HAM,21.0,2.0,HARD,8.0,85.207,1,True
11,Hungarian Grand Prix,HAM,22.0,2.0,HARD,9.0,85.231,1,True
11,Hungarian Grand Prix,HAM,23.0,2.0,HARD,10.0,85.575,1,True
11,Hungarian Grand Prix,HAM,24.0,2.0,HARD,11.0,85.25,1,True
11,Hungarian Grand Prix,HAM,25.0,2.0,HARD,12.0,85.153,1,True
11,Hungarian Grand Prix,HAM,26.0,2.0,HARD,13.0,85.54,1,True
11,Hungarian Grand Prix,HAM,27.0,2.0,HARD,14.0,85.926,1,True
11,Hungarian Grand Prix,HAM,28.0,2.0,HARD,15.0,85.511,1,True
11,Hungarian Grand Prix,HAM,29.0,2.0,HARD,16.0,85.619,1,True
11,Hungarian Grand Prix,HAM,30.0,2.0,HARD,17.0,88.24,1,False
11,Hungarian Grand Prix,HAM,31.0,3.0,HARD,1.0,103.95,1,False
11,Hungarian Grand Prix,HAM,32.0,3.0,HARD,2.0,83.671,1,True
11,Hungarian Grand Prix,HAM,33.0,3.0,HARD,3.0,84.184,1,True
11,Hungarian Grand Prix,HAM,34.0,3.0,HARD,4.0,84.224,1,True
11,Hungarian Grand Prix,HAM,35.0,3.0,HARD,5.0,84.27,1,True
11,Hungarian Grand Prix,HAM,36.0,3.0,HARD,6.0,84.239,1,True
11,Hungarian Grand Prix,HAM,37.0,3.0,HARD,7.0,84.789,1,True
11,Hungarian Grand Prix,HAM,38.0,3.0,HARD,8.0,85.685,1,True
11,Hungarian Grand Prix,HAM,39.0,3.0,HARD,9.0,84.42,12,False
11,Hungarian Grand Prix,HAM,40.0,3.0,HARD,10.0,84.617,1,True
11,Hungarian Grand Prix,HAM,41.0,3.0,HARD,11.0,84.748,1,True
11,Hungarian Grand Prix,HAM,42.0,3.0,HARD,12.0,84.743,1,True
11,Hungarian Grand Prix,HAM,43.0,3.0,HARD,13.0,84.697,1,True
11,Hungarian Grand Prix,HAM,44.0,3.0,HARD,14.0,84.445,1,True
11,Hungarian Grand Prix,HAM,45.0,3.0,HARD,15.0,84.665,1,True
11,Hungarian Grand Prix,HAM,46.0,3.0,HARD,16.0,84.536,1,True
11,Hungarian Grand Prix,HAM,47.0,3.0,HARD,17.0,84.049,1,True
11,Hungarian Grand Prix,HAM,48.0,3.0,HARD,18.0,84.404,1,True
11,Hungarian Grand Prix,HAM,49.0,3.0,HARD,19.0,84.786,1,True
11,Hungarian Grand Prix,HAM,50.0,3.0,HARD,20.0,84.311,12,False
11,Hungarian Grand Prix,HAM,51.0,3.0,HARD,21.0,84.214,1,True
11,Hungarian Grand Prix,HAM,52.0,3.0,HARD,22.0,84.407,1,True
11,Hungarian Grand Prix,HAM,53.0,3.0,HARD,23.0,84.295,1,True
11,Hungarian Grand Prix,HAM,54.0,3.0,HARD,24.0,84.59,1,True
11,Hungarian Grand Prix,HAM,55.0,3.0,HARD,25.0,84.403,1,True
11,Hungarian Grand Prix,HAM,56.0,3.0,HARD,26.0,96.308,126,False
11,Hungarian Grand Prix,HAM,57.0,4.0,SOFT,4.0,106.522,671,False
11,Hungarian Grand Prix,HAM,58.0,4.0,SOFT,5.0,84.461,1,True
11,Hungarian Grand Prix,HAM,59.0,4.0,SOFT,6.0,82.3,1,True
11,Hungarian Grand Prix,HAM,60.0,4.0,SOFT,7.0,83.832,1,True
11,Hungarian Grand Prix,HAM,61.0,4.0,SOFT,8.0,83.088,1,True
11,Hungarian Grand Prix,HAM,62.0,4.0,SOFT,9.0,83.291,1,True
11,Hungarian Grand Prix,HAM,63.0,4.0,SOFT,10.0,85.078,1,True
11,Hungarian Grand Prix,HAM,64.0,4.0,SOFT,11.0,83.842,1,True
11,Hungarian Grand Prix,HAM,65.0,4.0,SOFT,12.0,83.031,1,True
11,Hungarian Grand Prix,HAM,66.0,4.0,SOFT,13.0,83.401,1,True
11,Hungarian Grand Prix,HAM,67.0,4.0,SOFT,14.0,83.257,1,True
11,Hungarian Grand Prix,HAM,68.0,4.0,SOFT,15.0,83.128,1,True
11,Hungarian Grand Prix,HAM,69.0,4.0,SOFT,16.0,83.178,1,True
11,Hungarian Grand Prix,HAM,70.0,4.0,SOFT,17.0,83.03,1,True
11,Hungarian Grand Prix,BOR,1.0,1.0,SOFT,1.0,97.037,1,False
11,Hungarian Grand Prix,BOR,2.0,1.0,SOFT,2.0,88.743,1,False
11,Hungarian Grand Prix,BOR,3.0,1.0,SOFT,3.0,87.634,1,True
11,Hungarian Grand Prix,BOR,4.0,1.0,SOFT,4.0,87.566,1,True
11,Hungarian Grand Prix,BOR,5.0,1.0,SOFT,5.0,87.675,1,True
11,Hungarian Grand Prix,BOR,6.0,1.0,SOFT,6.0,87.668,1,True
11,Hungarian Grand Prix,BOR,7.0,1.0,SOFT,7.0,87.777,1,True
11,Hungarian Grand Prix,BOR,8.0,1.0,SOFT,8.0,88.395,1,True
11,Hungarian Grand Prix,BOR,9.0,1.0,SOFT,9.0,88.201,1,True
11,Hungarian Grand Prix,BOR,10.0,1.0,SOFT,10.0,87.953,1,True
11,Hungarian Grand Prix,BOR,11.0,1.0,SOFT,11.0,88.014,1,True
11,Hungarian Grand Prix,BOR,12.0,1.0,SOFT,12.0,88.717,1,True
11,Hungarian Grand Prix,BOR,13.0,1.0,SOFT,13.0,88.381,1,True
11,Hungarian Grand Prix,BOR,14.0,1.0,SOFT,14.0,88.119,1,True
11,Hungarian Grand Prix,BOR,15.0,1.0,SOFT,15.0,87.184,1,True
11,Hungarian Grand Prix,BOR,16.0,1.0,SOFT,16.0,87.128,1,True
11,Hungarian Grand Prix,BOR,17.0,1.0,SOFT,17.0,87.33,1,True
11,Hungarian Grand Prix,BOR,18.0,1.0,SOFT,18.0,86.797,1,True
11,Hungarian Grand Prix,BOR,19.0,1.0,SOFT,19.0,86.927,1,True
11,Hungarian Grand Prix,BOR,20.0,1.0,SOFT,20.0,87.548,1,True
11,Hungarian Grand Prix,BOR,21.0,1.0,SOFT,21.0,86.823,1,True
11,Hungarian Grand Prix,BOR,22.0,1.0,SOFT,22.0,86.79,1,True
11,Hungarian Grand Prix,BOR,23.0,1.0,SOFT,23.0,87.145,1,True
11,Hungarian Grand Prix,BOR,24.0,1.0,SOFT,24.0,87.27,1,True
11,Hungarian Grand Prix,BOR,25.0,1.0,SOFT,25.0,86.893,1,True
11,Hungarian Grand Prix,BOR,26.0,1.0,SOFT,26.0,87.243,1,True
11,Hungarian Grand Prix,BOR,27.0,1.0,SOFT,27.0,87.136,1,True
11,Hungarian Grand Prix,BOR,28.0,1.0,SOFT,28.0,87.68,1,True
11,Hungarian Grand Prix,BOR,29.0,1.0,SOFT,29.0,91.099,1,False
11,Hungarian Grand Prix,BOR,30.0,2.0,HARD,1.0,104.949,1,False
11,Hungarian Grand Prix,BOR,31.0,2.0,HARD,2.0,84.915,1,True
11,Hungarian Grand Prix,BOR,32.0,2.0,HARD,3.0,87.019,1,True
11,Hungarian Grand Prix,BOR,33.0,2.0,HARD,4.0,84.783,1,True
11,Hungarian Grand Prix,BOR,34.0,2.0,HARD,5.0,85.182,1,True
11,Hungarian Grand Prix,BOR,35.0,2.0,HARD,6.0,85.238,1,True
11,Hungarian Grand Prix,BOR,36.0,2.0,HARD,7.0,85.388,1,True
11,Hungarian Grand Prix,BOR,37.0,2.0,HARD,8.0,87.928,1,True
11,Hungarian Grand Prix,BOR,38.0,2.0,HARD,9.0,85.89,12,False
11,Hungarian Grand Prix,BOR,39.0,2.0,HARD,10.0,85.238,1,True
11,Hungarian Grand Prix,BOR,40.0,2.0,HARD,11.0,84.991,1,True
11,Hungarian Grand Prix,BOR,41.0,2.0,HARD,12.0,85.137,1,True
11,Hungarian Grand Prix,BOR,42.0,2.0,HARD,13.0,85.202,1,True
11,Hungarian Grand Prix,BOR,43.0,2.0,HARD,14.0,85.312,1,True
11,Hungarian Grand Prix,BOR,44.0,2.0,HARD,15.0,85.923,1,True
11,Hungarian Grand Prix,BOR,45.0,2.0,HARD,16.0,85.561,1,True
11,Hungarian Grand Prix,BOR,46.0,2.0,HARD,17.0,85.704,1,True
11,Hungarian Grand Prix,BOR,47.0,2.0,HARD,18.0,85.68,1,True
11,Hungarian Grand Prix,BOR,48.0,2.0,HARD,19.0,85.778,1,True
11,Hungarian Grand Prix,BOR,49.0,2.0,HARD,20.0,85.842,12,False
11,Hungarian Grand Prix,BOR,50.0,2.0,HARD,21.0,85.846,1,True
11,Hungarian Grand Prix,BOR,51.0,2.0,HARD,22.0,85.824,1,True
11,Hungarian Grand Prix,BOR,52.0,2.0,HARD,23.0,86.146,1,True
11,Hungarian Grand Prix,BOR,53.0,2.0,HARD,24.0,86.341,1,True
11,Hungarian Grand Prix,BOR,54.0,2.0,HARD,25.0,87.402,1,True
11,Hungarian Grand Prix,BOR,55.0,2.0,HARD,26.0,94.363,126,False
11,Hungarian Grand Prix,BOR,56.0,2.0,HARD,27.0,99.502,671,False
11,Hungarian Grand Prix,BOR,57.0,2.0,HARD,28.0,85.875,1,True
11,Hungarian Grand Prix,BOR,58.0,2.0,HARD,29.0,86.203,1,True
11,Hungarian Grand Prix,BOR,59.0,2.0,HARD,30.0,89.088,1,True
11,Hungarian Grand Prix,BOR,60.0,2.0,HARD,31.0,87.683,1,True
11,Hungarian Grand Prix,BOR,61.0,2.0,HARD,32.0,86.888,1,True
11,Hungarian Grand Prix,BOR,62.0,2.0,HARD,33.0,88.338,1,True
11,Hungarian Grand Prix,BOR,63.0,2.0,HARD,34.0,86.775,1,True
11,Hungarian Grand Prix,BOR,64.0,2.0,HARD,35.0,88.153,1,True
11,Hungarian Grand Prix,BOR,65.0,2.0,HARD,36.0,87.011,1,True
11,Hungarian Grand Prix,BOR,66.0,2.0,HARD,37.0,87.343,1,True
11,Hungarian Grand Prix,BOR,67.0,2.0,HARD,38.0,87.685,1,True
11,Hungarian Grand Prix,BOR,68.0,2.0,HARD,39.0,88.023,1,True
11,Hungarian Grand Prix,BOR,69.0,2.0,HARD,40.0,89.186,1,True
11,Hungarian Grand Prix,SAI,1.0,1.0,SOFT,1.0,99.271,1,False
11,Hungarian Grand Prix,SAI,2.0,1.0,SOFT,2.0,89.017,1,False
11,Hungarian Grand Prix,SAI,3.0,1.0,SOFT,3.0,89.138,1,True
11,Hungarian Grand Prix,SAI,4.0,1.0,SOFT,4.0,88.343,1,True
11,Hungarian Grand Prix,SAI,5.0,1.0,SOFT,5.0,88.488,1,True
11,Hungarian Grand Prix,SAI,6.0,1.0,SOFT,6.0,88.472,1,True
11,Hungarian Grand Prix,SAI,7.0,1.0,SOFT,7.0,88.328,1,True
11,Hungarian Grand Prix,SAI,8.0,1.0,SOFT,8.0,88.354,1,True
11,Hungarian Grand Prix,SAI,9.0,1.0,SOFT,9.0,88.193,1,True
11,Hungarian Grand Prix,SAI,10.0,1.0,SOFT,10.0,88.12,1,True
11,Hungarian Grand Prix,SAI,11.0,1.0,SOFT,11.0,87.946,1,True
11,Hungarian Grand Prix,SAI,12.0,1.0,SOFT,12.0,88.121,1,True
11,Hungarian Grand Prix,SAI,13.0,1.0,SOFT,13.0,88.374,1,True
11,Hungarian Grand Prix,SAI,14.0,1.0,SOFT,14.0,88.551,1,True
11,Hungarian Grand Prix,SAI,15.0,1.0,SOFT,15.0,88.658,1,True
11,Hungarian Grand Prix,SAI,16.0,1.0,SOFT,16.0,88.154,1,True
11,Hungarian Grand Prix,SAI,17.0,1.0,SOFT,17.0,88.082,1,True
11,Hungarian Grand Prix,SAI,18.0,1.0,SOFT,18.0,90.214,1,False
11,Hungarian Grand Prix,SAI,19.0,2.0,MEDIUM,1.0,104.718,1,False
11,Hungarian Grand Prix,SAI,20.0,2.0,MEDIUM,2.0,86.93,1,True
11,Hungarian Grand Prix,SAI,21.0,2.0,MEDIUM,3.0,86.948,1,True
11,Hungarian Grand Prix,SAI,22.0,2.0,MEDIUM,4.0,87.248,1,True
11,Hungarian Grand Prix,SAI,23.0,2.0,MEDIUM,5.0,87.563,1,True
11,Hungarian Grand Prix,SAI,24.0,2.0,MEDIUM,6.0,87.042,1,True
11,Hungarian Grand Prix,SAI,25.0,2.0,MEDIUM,7.0,87.484,1,True
11,Hungarian Grand Prix,SAI,26.0,2.0,MEDIUM,8.0,88.007,1,True
11,Hungarian Grand Prix,SAI,27.0,2.0,MEDIUM,9.0,87.684,1,True
11,Hungarian Grand Prix,SAI,28.0,2.0,MEDIUM,10.0,87.874,1,True
11,Hungarian Grand Prix,SAI,29.0,2.0,MEDIUM,11.0,87.271,1,True
11,Hungarian Grand Prix,SAI,30.0,2.0,MEDIUM,12.0,87.623,1,True
11,Hungarian Grand Prix,SAI,31.0,2.0,MEDIUM,13.0,89.766,1,True
11,Hungarian Grand Prix,SAI,32.0,2.0,MEDIUM,14.0,88.98,1,True
11,Hungarian Grand Prix,SAI,33.0,2.0,MEDIUM,15.0,87.529,1,True
11,Hungarian Grand Prix,SAI,34.0,2.0,MEDIUM,16.0,89.763,1,True
11,Hungarian Grand Prix,SAI,35.0,2.0,MEDIUM,17.0,88.412,1,True
11,Hungarian Grand Prix,SAI,36.0,2.0,MEDIUM,18.0,87.676,1,True
11,Hungarian Grand Prix,SAI,37.0,2.0,MEDIUM,19.0,91.701,1,True
11,Hungarian Grand Prix,SAI,38.0,2.0,MEDIUM,20.0,87.27,12,False
11,Hungarian Grand Prix,SAI,39.0,2.0,MEDIUM,21.0,88.473,1,True
11,Hungarian Grand Prix,SAI,40.0,2.0,MEDIUM,22.0,88.286,1,True
11,Hungarian Grand Prix,SAI,41.0,2.0,MEDIUM,23.0,88.622,1,True
11,Hungarian Grand Prix,SAI,42.0,2.0,MEDIUM,24.0,87.53,1,True
11,Hungarian Grand Prix,SAI,43.0,2.0,MEDIUM,25.0,90.441,1,False
11,Hungarian Grand Prix,SAI,44.0,3.0,SOFT,4.0,112.387,1,False
11,Hungarian Grand Prix,SAI,45.0,3.0,SOFT,5.0,86.384,1,True
11,Hungarian Grand Prix,SAI,46.0,3.0,SOFT,6.0,85.932,1,True
11,Hungarian Grand Prix,SAI,47.0,3.0,SOFT,7.0,86.285,1,True
11,Hungarian Grand Prix,SAI,48.0,3.0,SOFT,8.0,86.315,12,False
11,Hungarian Grand Prix,SAI,49.0,3.0,SOFT,9.0,86.285,21,False
11,Hungarian Grand Prix,SAI,50.0,3.0,SOFT,10.0,86.194,1,True
11,Hungarian Grand Prix,SAI,51.0,3.0,SOFT,11.0,86.243,1,True
11,Hungarian Grand Prix,SAI,52.0,3.0,SOFT,12.0,86.258,1,True
11,Hungarian Grand Prix,SAI,53.0,3.0,SOFT,13.0,87.332,1,True
11,Hungarian Grand Prix,SAI,54.0,3.0,SOFT,14.0,94.129,126,False
11,Hungarian Grand Prix,SAI,55.0,4.0,SOFT,4.0,111.75,671,False
11,Hungarian Grand Prix,SAI,56.0,4.0,SOFT,5.0,84.864,1,True
11,Hungarian Grand Prix,SAI,57.0,4.0,SOFT,6.0,86.311,1,True
11,Hungarian Grand Prix,SAI,58.0,4.0,SOFT,7.0,84.926,1,True
11,Hungarian Grand Prix,SAI,59.0,4.0,SOFT,8.0,85.194,1,True
11,Hungarian Grand Prix,SAI,60.0,4.0,SOFT,9.0,88.39,1,True
11,Hungarian Grand Prix,SAI,61.0,4.0,SOFT,10.0,87.539,1,True
11,Hungarian Grand Prix,SAI,62.0,4.0,SOFT,11.0,86.451,1,True
11,Hungarian Grand Prix,SAI,63.0,4.0,SOFT,12.0,86.504,1,True
11,Hungarian Grand Prix,SAI,64.0,4.0,SOFT,13.0,87.361,1,True
11,Hungarian Grand Prix,SAI,65.0,4.0,SOFT,14.0,87.185,1,True
11,Hungarian Grand Prix,SAI,66.0,4.0,SOFT,15.0,87.394,1,True
11,Hungarian Grand Prix,SAI,67.0,4.0,SOFT,16.0,88.185,1,True
11,Hungarian Grand Prix,SAI,68.0,4.0,SOFT,17.0,88.69,1,True
11,Hungarian Grand Prix,HAD,1.0,1.0,MEDIUM,1.0,94.347,1,False
11,Hungarian Grand Prix,HAD,2.0,1.0,MEDIUM,2.0,86.269,1,False
11,Hungarian Grand Prix,HAD,3.0,1.0,MEDIUM,3.0,85.893,1,True
11,Hungarian Grand Prix,HAD,4.0,1.0,MEDIUM,4.0,85.808,1,True
11,Hungarian Grand Prix,HAD,5.0,1.0,MEDIUM,5.0,86.077,1,True
11,Hungarian Grand Prix,HAD,6.0,1.0,MEDIUM,6.0,86.567,1,True
11,Hungarian Grand Prix,HAD,7.0,1.0,MEDIUM,7.0,86.478,1,True
11,Hungarian Grand Prix,HAD,8.0,1.0,MEDIUM,8.0,86.73,1,True
11,Hungarian Grand Prix,HAD,9.0,1.0,MEDIUM,9.0,86.256,1,True
11,Hungarian Grand Prix,HAD,10.0,1.0,MEDIUM,10.0,86.39,1,True
11,Hungarian Grand Prix,HAD,11.0,1.0,MEDIUM,11.0,86.781,1,True
11,Hungarian Grand Prix,HAD,12.0,1.0,MEDIUM,12.0,86.788,1,True
11,Hungarian Grand Prix,HAD,13.0,1.0,MEDIUM,13.0,86.844,1,True
11,Hungarian Grand Prix,HAD,14.0,1.0,MEDIUM,14.0,86.995,1,True
11,Hungarian Grand Prix,HAD,15.0,1.0,MEDIUM,15.0,86.758,1,True
11,Hungarian Grand Prix,HAD,16.0,1.0,MEDIUM,16.0,86.879,1,True
11,Hungarian Grand Prix,HAD,17.0,1.0,MEDIUM,17.0,87.317,1,True
11,Hungarian Grand Prix,HAD,18.0,1.0,MEDIUM,18.0,86.939,1,True
11,Hungarian Grand Prix,HAD,19.0,1.0,MEDIUM,19.0,91.582,1,False
11,Hungarian Grand Prix,HAD,20.0,2.0,HARD,1.0,104.672,1,False
11,Hungarian Grand Prix,HAD,21.0,2.0,HARD,2.0,84.643,1,True
11,Hungarian Grand Prix,HAD,22.0,2.0,HARD,3.0,84.783,1,True
11,Hungarian Grand Prix,HAD,23.0,2.0,HARD,4.0,84.908,1,True
11,Hungarian Grand Prix,HAD,24.0,2.0,HARD,5.0,84.942,1,True
11,Hungarian Grand Prix,HAD,25.0,2.0,HARD,6.0,85.133,1,True
11,Hungarian Grand Prix,HAD,26.0,2.0,HARD,7.0,85.546,1,True
11,Hungarian Grand Prix,HAD,27.0,2.0,HARD,8.0,85.748,1,True
11,Hungarian Grand Prix,HAD,28.0,2.0,HARD,9.0,85.569,1,True
11,Hungarian Grand Prix,HAD,29.0,2.0,HARD,10.0,85.443,1,True
11,Hungarian Grand Prix,HAD,30.0,2.0,HARD,11.0,85.566,1,True
11,Hungarian Grand Prix,HAD,31.0,2.0,HARD,12.0,85.838,1,True
11,Hungarian Grand Prix,HAD,32.0,2.0,HARD,13.0,86.388,1,True
11,Hungarian Grand Prix,HAD,33.0,2.0,HARD,14.0,85.487,1,True
11,Hungarian Grand Prix,HAD,34.0,2.0,HARD,15.0,85.493,1,True
11,Hungarian Grand Prix,HAD,35.0,2.0,HARD,16.0,85.495,1,True
11,Hungarian Grand Prix,HAD,36.0,2.0,HARD,17.0,85.648,1,True
11,Hungarian Grand Prix,HAD,37.0,2.0,HARD,18.0,87.797,1,True
11,Hungarian Grand Prix,HAD,38.0,2.0,HARD,19.0,86.934,1,True
11,Hungarian Grand Prix,HAD,39.0,2.0,HARD,20.0,87.532,12,False
11,Hungarian Grand Prix,HAD,40.0,2.0,HARD,21.0,87.587,1,True
11,Hungarian Grand Prix,HAD,41.0,2.0,HARD,22.0,86.07,1,True
11,Hungarian Grand Prix,HAD,42.0,2.0,HARD,23.0,87.928,1,False
11,Hungarian Grand Prix,HAD,43.0,3.0,HARD,1.0,103.421,1,False
11,Hungarian Grand Prix,HAD,44.0,3.0,HARD,2.0,83.63,1,True
11,Hungarian Grand Prix,HAD,45.0,3.0,HARD,3.0,83.218,1,True
11,Hungarian Grand Prix,HAD,46.0,3.0,HARD,4.0,84.545,1,True
11,Hungarian Grand Prix,HAD,47.0,3.0,HARD,5.0,83.634,1,True
11,Hungarian Grand Prix,HAD,48.0,3.0,HARD,6.0,83.948,1,True
11,Hungarian Grand Prix,HAD,49.0,3.0,HARD,7.0,84.469,1,True
11,Hungarian Grand Prix,HAD,50.0,3.0,HARD,8.0,84.604,12,False
11,Hungarian Grand Prix,HAD,51.0,3.0,HARD,9.0,83.743,1,True
11,Hungarian Grand Prix,HAD,52.0,3.0,HARD,10.0,84.122,1,True
11,Hungarian Grand Prix,HAD,53.0,3.0,HARD,11.0,84.043,1,True
11,Hungarian Grand Prix,HAD,54.0,3.0,HARD,12.0,84.314,1,True
11,Hungarian Grand Prix,HAD,55.0,3.0,HARD,13.0,84.26,12,False
11,Hungarian Grand Prix,HAD,56.0,3.0,HARD,14.0,106.086,2671,False
11,Hungarian Grand Prix,HAD,57.0,3.0,HARD,15.0,85.35,1,True
11,Hungarian Grand Prix,HAD,58.0,3.0,HARD,16.0,83.887,1,True
11,Hungarian Grand Prix,HAD,59.0,3.0,HARD,17.0,83.886,1,True
11,Hungarian Grand Prix,HAD,60.0,3.0,HARD,18.0,83.886,1,True
11,Hungarian Grand Prix,HAD,61.0,3.0,HARD,19.0,84.214,1,True
11,Hungarian Grand Prix,HAD,62.0,3.0,HARD,20.0,84.35,1,True
11,Hungarian Grand Prix,HAD,63.0,3.0,HARD,21.0,84.704,1,True
11,Hungarian Grand Prix,HAD,64.0,3.0,HARD,22.0,84.986,1,True
11,Hungarian Grand Prix,HAD,65.0,3.0,HARD,23.0,84.509,1,True
11,Hungarian Grand Prix,HAD,66.0,3.0,HARD,24.0,84.524,1,True
11,Hungarian Grand Prix,HAD,67.0,3.0,HARD,25.0,84.21,1,True
11,Hungarian Grand Prix,HAD,68.0,3.0,HARD,26.0,84.123,1,True
11,Hungarian Grand Prix,HAD,69.0,3.0,HARD,27.0,84.032,1,True
11,Hungarian Grand Prix,HAD,70.0,3.0,HARD,28.0,84.122,1,True
11,Hungarian Grand Prix,RUS,1.0,1.0,MEDIUM,1.0,100.218,1,False
11,Hungarian Grand Prix,RUS,2.0,1.0,MEDIUM,2.0,88.386,1,False
11,Hungarian Grand Prix,RUS,3.0,1.0,MEDIUM,3.0,87.407,1,True
11,Hungarian Grand Prix,RUS,4.0,1.0,MEDIUM,4.0,87.264,1,True
11,Hungarian Grand Prix,RUS,5.0,1.0,MEDIUM,5.0,87.339,1,True
11,Hungarian Grand Prix,RUS,6.0,1.0,MEDIUM,6.0,86.556,1,True
11,Hungarian Grand Prix,RUS,7.0,1.0,MEDIUM,7.0,87.165,1,True
11,Hungarian Grand Prix,RUS,8.0,1.0,MEDIUM,8.0,87.348,1,True
11,Hungarian Grand Prix,RUS,9.0,1.0,MEDIUM,9.0,86.075,1,True
11,Hungarian Grand Prix,RUS,10.0,1.0,MEDIUM,10.0,86.683,1,True
11,Hungarian Grand Prix,RUS,11.0,1.0,MEDIUM,11.0,87.622,1,True
11,Hungarian Grand Prix,RUS,12.0,1.0,MEDIUM,12.0,86.685,1,True
11,Hungarian Grand Prix,RUS,13.0,1.0,MEDIUM,13.0,86.257,1,True
11,Hungarian Grand Prix,RUS,14.0,1.0,MEDIUM,14.0,86.597,1,True
11,Hungarian Grand Prix,RUS,15.0,1.0,MEDIUM,15.0,86.714,1,True
11,Hungarian Grand Prix,RUS,16.0,1.0,MEDIUM,16.0,87.232,1,True
11,Hungarian Grand Prix,RUS,17.0,1.0,MEDIUM,17.0,86.514,1,True
11,Hungarian Grand Prix,RUS,18.0,1.0,MEDIUM,18.0,86.082,1,True
11,Hungarian Grand Prix,RUS,19.0,1.0,MEDIUM,19.0,86.246,1,True
11,Hungarian Grand Prix,RUS,20.0,1.0,MEDIUM,20.0,86.703,1,True
11,Hungarian Grand Prix,RUS,21.0,1.0,MEDIUM,21.0,85.954,1,True
11,Hungarian Grand Prix,RUS,22.0,1.0,MEDIUM,22.0,85.609,1,True
11,Hungarian Grand Prix,RUS,23.0,1.0,MEDIUM,23.0,86.076,1,True
11,Hungarian Grand Prix,RUS,24.0,1.0,MEDIUM,24.0,86.206,1,True
11,Hungarian Grand Prix,RUS,25.0,1.0,MEDIUM,25.0,86.324,1,True
11,Hungarian Grand Prix,RUS,26.0,1.0,MEDIUM,26.0,86.737,1,True
11,Hungarian Grand Prix,RUS,27.0,1.0,MEDIUM,27.0,89.524,1,False
11,Hungarian Grand Prix,RUS,28.0,2.0,HARD,1.0,105.061,1,False
11,Hungarian Grand Prix,RUS,29.0,2.0,HARD,2.0,84.279,1,True
11,Hungarian Grand Prix,RUS,30.0,2.0,HARD,3.0,84.013,1,True
11,Hungarian Grand Prix,RUS,31.0,2.0,HARD,4.0,84.132,1,True
11,Hungarian Grand Prix,RUS,32.0,2.0,HARD,5.0,84.103,1,True
11,Hungarian Grand Prix,RUS,33.0,2.0,HARD,6.0,84.382,1,True
11,Hungarian Grand Prix,RUS,34.0,2.0,HARD,7.0,85.073,1,True
11,Hungarian Grand Prix,RUS,35.0,2.0,HARD,8.0,84.659,1,True
11,Hungarian Grand Prix,RUS,36.0,2.0,HARD,9.0,84.584,1,True
11,Hungarian Grand Prix,RUS,37.0,2.0,HARD,10.0,84.67,1,True
11,Hungarian Grand Prix,RUS,38.0,2.0,HARD,11.0,85.217,1,True
11,Hungarian Grand Prix,RUS,39.0,2.0,HARD,12.0,85.807,12,False
11,Hungarian Grand Prix,RUS,40.0,2.0,HARD,13.0,87.4,1,True
11,Hungarian Grand Prix,RUS,41.0,2.0,HARD,14.0,86.798,1,True
11,Hungarian Grand Prix,RUS,42.0,2.0,HARD,15.0,85.34,1,True
11,Hungarian Grand Prix,RUS,43.0,2.0,HARD,16.0,85.008,1,True
11,Hungarian Grand Prix,RUS,44.0,2.0,HARD,17.0,85.299,1,True
11,Hungarian Grand Prix,RUS,45.0,2.0,HARD,18.0,84.545,1,True
11,Hungarian Grand Prix,RUS,46.0,2.0,HARD,19.0,84.762,1,True
11,Hungarian Grand Prix,RUS,47.0,2.0,HARD,20.0,84.784,1,True
11,Hungarian Grand Prix,RUS,48.0,2.0,HARD,21.0,85.15,1,True
11,Hungarian Grand Prix,RUS,49.0,2.0,HARD,22.0,85.264,1,True
11,Hungarian Grand Prix,RUS,50.0,2.0,HARD,23.0,85.663,12,False
11,Hungarian Grand Prix,RUS,51.0,2.0,HARD,24.0,85.05,1,True
11,Hungarian Grand Prix,RUS,52.0,2.0,HARD,25.0,85.346,1,True
11,Hungarian Grand Prix,RUS,53.0,2.0,HARD,26.0,85.086,1,True
11,Hungarian Grand Prix,RUS,54.0,2.0,HARD,27.0,88.032,1,False
11,Hungarian Grand Prix,RUS,55.0,3.0,HARD,1.0,103.672,126,False
11,Hungarian Grand Prix,RUS,56.0,3.0,HARD,2.0,106.228,671,False
11,Hungarian Grand Prix,RUS,57.0,3.0,HARD,3.0,82.602,1,True
11,Hungarian Grand Prix,RUS,58.0,3.0,HARD,4.0,82.589,1,True
11,Hungarian Grand Prix,RUS,59.0,3.0,HARD,5.0,82.71,1,True
11,Hungarian Grand Prix,RUS,60.0,3.0,HARD,6.0,82.743,1,True
11,Hungarian Grand Prix,RUS,61.0,3.0,HARD,7.0,84.359,1,True
11,Hungarian Grand Prix,RUS,62.0,3.0,HARD,8.0,83.537,1,True
11,Hungarian Grand Prix,RUS,63.0,3.0,HARD,9.0,84.157,1,True
11,Hungarian Grand Prix,RUS,64.0,3.0,HARD,10.0,83.667,1,True
11,Hungarian Grand Prix,RUS,65.0,3.0,HARD,11.0,83.218,1,True
11,Hungarian Grand Prix,RUS,66.0,3.0,HARD,12.0,82.943,1,True
11,Hungarian Grand Prix,RUS,67.0,3.0,HARD,13.0,83.255,1,True
11,Hungarian Grand Prix,RUS,68.0,3.0,HARD,14.0,83.648,1,True
11,Hungarian Grand Prix,RUS,69.0,3.0,HARD,15.0,83.566,1,True
11,Hungarian Grand Prix,RUS,70.0,3.0,HARD,16.0,83.759,1,True
11,Hungarian Grand Prix,BOT,1.0,1.0,MEDIUM,1.0,100.812,1,False
11,Hungarian Grand Prix,BOT,2.0,1.0,MEDIUM,2.0,89.99,1,False
11,Hungarian Grand Prix,BOT,3.0,1.0,MEDIUM,3.0,89.155,1,True
11,Hungarian Grand Prix,BOT,4.0,1.0,MEDIUM,4.0,87.959,1,True
11,Hungarian Grand Prix,BOT,5.0,1.0,MEDIUM,5.0,89.154,1,True
11,Hungarian Grand Prix,BOT,6.0,1.0,MEDIUM,6.0,88.847,1,True
11,Hungarian Grand Prix,BOT,7.0,1.0,MEDIUM,7.0,88.764,1,True
11,Hungarian Grand Prix,BOT,8.0,1.0,MEDIUM,8.0,89.003,1,True
11,Hungarian Grand Prix,BOT,9.0,1.0,MEDIUM,9.0,88.802,1,True
11,Hungarian Grand Prix,BOT,10.0,1.0,MEDIUM,10.0,88.874,1,True
11,Hungarian Grand Prix,BOT,11.0,1.0,MEDIUM,11.0,88.935,1,True
11,Hungarian Grand Prix,BOT,12.0,1.0,MEDIUM,12.0,89.344,1,True
11,Hungarian Grand Prix,BOT,13.0,1.0,MEDIUM,13.0,89.621,1,True
11,Hungarian Grand Prix,BOT,14.0,1.0,MEDIUM,14.0,,1,False
11,Hungarian Grand Prix,PIA,1.0,1.0,MEDIUM,1.0,90.286,1,False
11,Hungarian Grand Prix,PIA,2.0,1.0,MEDIUM,2.0,86.06,1,False
11,Hungarian Grand Prix,PIA,3.0,1.0,MEDIUM,3.0,85.272,1,True
11,Hungarian Grand Prix,PIA,4.0,1.0,MEDIUM,4.0,85.154,1,True
11,Hungarian Grand Prix,PIA,5.0,1.0,MEDIUM,5.0,85.095,1,True
11,Hungarian Grand Prix,PIA,6.0,1.0,MEDIUM,6.0,85.03,1,True
11,Hungarian Grand Prix,PIA,7.0,1.0,MEDIUM,7.0,84.84,1,True
11,Hungarian Grand Prix,PIA,8.0,1.0,MEDIUM,8.0,85.339,1,True
11,Hungarian Grand Prix,PIA,9.0,1.0,MEDIUM,9.0,85.389,1,True
11,Hungarian Grand Prix,PIA,10.0,1.0,MEDIUM,10.0,85.666,1,True
11,Hungarian Grand Prix,PIA,11.0,1.0,MEDIUM,11.0,85.418,1,True
11,Hungarian Grand Prix,PIA,12.0,1.0,MEDIUM,12.0,85.798,1,True
11,Hungarian Grand Prix,PIA,13.0,1.0,MEDIUM,13.0,85.925,1,True
11,Hungarian Grand Prix,PIA,14.0,1.0,MEDIUM,14.0,85.681,1,True
11,Hungarian Grand Prix,PIA,15.0,1.0,MEDIUM,15.0,85.643,1,True
11,Hungarian Grand Prix,PIA,16.0,1.0,MEDIUM,16.0,88.518,1,False
11,Hungarian Grand Prix,PIA,17.0,2.0,HARD,1.0,104.725,1,False
11,Hungarian Grand Prix,PIA,18.0,2.0,HARD,2.0,86.476,1,True
11,Hungarian Grand Prix,PIA,19.0,2.0,HARD,3.0,84.843,1,True
11,Hungarian Grand Prix,PIA,20.0,2.0,HARD,4.0,84.507,1,True
11,Hungarian Grand Prix,PIA,21.0,2.0,HARD,5.0,84.446,1,True
11,Hungarian Grand Prix,PIA,22.0,2.0,HARD,6.0,84.282,1,True
11,Hungarian Grand Prix,PIA,23.0,2.0,HARD,7.0,84.478,1,True
11,Hungarian Grand Prix,PIA,24.0,2.0,HARD,8.0,84.792,1,True
11,Hungarian Grand Prix,PIA,25.0,2.0,HARD,9.0,84.957,1,True
11,Hungarian Grand Prix,PIA,26.0,2.0,HARD,10.0,85.405,1,True
11,Hungarian Grand Prix,PIA,27.0,2.0,HARD,11.0,85.465,1,True
11,Hungarian Grand Prix,PIA,28.0,2.0,HARD,12.0,85.122,1,True
11,Hungarian Grand Prix,PIA,29.0,2.0,HARD,13.0,85.832,1,True
11,Hungarian Grand Prix,PIA,30.0,2.0,HARD,14.0,85.735,1,True
11,Hungarian Grand Prix,PIA,31.0,2.0,HARD,15.0,85.843,1,True
11,Hungarian Grand Prix,PIA,32.0,2.0,HARD,16.0,85.831,1,True
11,Hungarian Grand Prix,PIA,33.0,2.0,HARD,17.0,88.013,1,False
11,Hungarian Grand Prix,PIA,34.0,3.0,HARD,1.0,104.099,1,False
11,Hungarian Grand Prix,PIA,35.0,3.0,HARD,2.0,83.896,1,True
11,Hungarian Grand Prix,PIA,36.0,3.0,HARD,3.0,84.135,1,True
11,Hungarian Grand Prix,PIA,37.0,3.0,HARD,4.0,85.506,1,True
11,Hungarian Grand Prix,PIA,38.0,3.0,HARD,5.0,86.364,1,True
11,Hungarian Grand Prix,PIA,39.0,3.0,HARD,6.0,84.402,12,False
11,Hungarian Grand Prix,PIA,40.0,3.0,HARD,7.0,84.873,1,True
11,Hungarian Grand Prix,PIA,41.0,3.0,HARD,8.0,84.385,1,True
11,Hungarian Grand Prix,PIA,42.0,3.0,HARD,9.0,84.272,1,True
11,Hungarian Grand Prix,PIA,43.0,3.0,HARD,10.0,84.082,1,True
11,Hungarian Grand Prix,PIA,44.0,3.0,HARD,11.0,84.408,1,True
11,Hungarian Grand Prix,PIA,45.0,3.0,HARD,12.0,84.306,1,True
11,Hungarian Grand Prix,PIA,46.0,3.0,HARD,13.0,84.297,1,True
11,Hungarian Grand Prix,PIA,47.0,3.0,HARD,14.0,84.249,1,True
11,Hungarian Grand Prix,PIA,48.0,3.0,HARD,15.0,84.687,1,True
11,Hungarian Grand Prix,PIA,49.0,3.0,HARD,16.0,85.076,1,True
11,Hungarian Grand Prix,PIA,50.0,3.0,HARD,17.0,84.395,12,False
11,Hungarian Grand Prix,PIA,51.0,3.0,HARD,18.0,84.714,1,True
11,Hungarian Grand Prix,PIA,52.0,3.0,HARD,19.0,84.373,1,True
11,Hungarian Grand Prix,PIA,53.0,3.0,HARD,20.0,84.552,1,True
11,Hungarian Grand Prix,PIA,54.0,3.0,HARD,21.0,84.6,1,True
11,Hungarian Grand Prix,PIA,55.0,3.0,HARD,22.0,84.596,1,True
11,Hungarian Grand Prix,PIA,56.0,3.0,HARD,23.0,,1267,False
11,Hungarian Grand Prix,BEA,1.0,1.0,MEDIUM,1.0,98.777,1,False
11,Hungarian Grand Prix,BEA,2.0,1.0,MEDIUM,2.0,88.919,1,False
11,Hungarian Grand Prix,BEA,3.0,1.0,MEDIUM,3.0,88.008,1,True
11,Hungarian Grand Prix,BEA,4.0,1.0,MEDIUM,4.0,88.723,1,True
11,Hungarian Grand Prix,BEA,5.0,1.0,MEDIUM,5.0,88.462,1,True
11,Hungarian Grand Prix,BEA,6.0,1.0,MEDIUM,6.0,88.112,1,True
11,Hungarian Grand Prix,BEA,7.0,1.0,MEDIUM,7.0,88.182,1,True
11,Hungarian Grand Prix,BEA,8.0,1.0,MEDIUM,8.0,88.033,1,True
11,Hungarian Grand Prix,BEA,9.0,1.0,MEDIUM,9.0,88.085,1,True
11,Hungarian Grand Prix,BEA,10.0,1.0,MEDIUM,10.0,88.232,1,True
11,Hungarian Grand Prix,BEA,11.0,1.0,MEDIUM,11.0,88.129,1,True
11,Hungarian Grand Prix,BEA,12.0,1.0,MEDIUM,12.0,88.359,1,True
11,Hungarian Grand Prix,BEA,13.0,1.0,MEDIUM,13.0,88.612,1,True
11,Hungarian Grand Prix,BEA,14.0,1.0,MEDIUM,14.0,88.512,1,True
11,Hungarian Grand Prix,BEA,15.0,1.0,MEDIUM,15.0,88.489,1,True
11,Hungarian Grand Prix,BEA,16.0,1.0,MEDIUM,16.0,88.383,1,True
11,Hungarian Grand Prix,BEA,17.0,1.0,MEDIUM,17.0,88.363,1,True
11,Hungarian Grand Prix,BEA,18.0,1.0,MEDIUM,18.0,87.898,1,True
11,Hungarian Grand Prix,BEA,19.0,1.0,MEDIUM,19.0,88.083,1,True
11,Hungarian Grand Prix,BEA,20.0,1.0,MEDIUM,20.0,88.356,1,True
11,Hungarian Grand Prix,BEA,21.0,1.0,MEDIUM,21.0,89.195,1,True
11,Hungarian Grand Prix,BEA,22.0,1.0,MEDIUM,22.0,91.004,1,False
11,Hungarian Grand Prix,BEA,23.0,2.0,HARD,1.0,105.84,1,False
11,Hungarian Grand Prix,BEA,24.0,2.0,HARD,2.0,85.884,1,True
11,Hungarian Grand Prix,BEA,25.0,2.0,HARD,3.0,86.627,1,True
11,Hungarian Grand Prix,BEA,26.0,2.0,HARD,4.0,86.978,1,True
11,Hungarian Grand Prix,BEA,27.0,2.0,HARD,5.0,86.972,1,True
11,Hungarian Grand Prix,BEA,28.0,2.0,HARD,6.0,87.115,1,True
11,Hungarian Grand Prix,BEA,29.0,2.0,HARD,7.0,87.122,1,True
11,Hungarian Grand Prix,BEA,30.0,2.0,HARD,8.0,87.382,1,True
11,Hungarian Grand Prix,BEA,31.0,2.0,HARD,9.0,89.83,1,True
11,Hungarian Grand Prix,BEA,32.0,2.0,HARD,10.0,89.138,1,True
11,Hungarian Grand Prix,BEA,33.0,2.0,HARD,11.0,89.631,1,True
11,Hungarian Grand Prix,BEA,34.0,2.0,HARD,12.0,87.608,1,True
11,Hungarian Grand Prix,BEA,35.0,2.0,HARD,13.0,88.269,1,True
11,Hungarian Grand Prix,BEA,36.0,2.0,HARD,14.0,89.239,1,True
11,Hungarian Grand Prix,BEA,37.0,2.0,HARD,15.0,89.915,1,True
11,Hungarian Grand Prix,BEA,38.0,2.0,HARD,16.0,96.3,12,False
11,Hungarian Grand Prix,BEA,39.0,2.0,HARD,17.0,87.292,1,True
11,Hungarian Grand Prix,BEA,40.0,2.0,HARD,18.0,88.634,1,True
11,Hungarian Grand Prix,BEA,41.0,2.0,HARD,19.0,89.694,1,True
11,Hungarian Grand Prix,BEA,42.0,2.0,HARD,20.0,89.372,1,False
11,Hungarian Grand Prix,BEA,43.0,3.0,HARD,1.0,105.916,1,False
11,Hungarian Grand Prix,BEA,44.0,3.0,HARD,2.0,86.173,1,True
11,Hungarian Grand Prix,BEA,45.0,3.0,HARD,3.0,86.234,1,True
11,Hungarian Grand Prix,BEA,46.0,3.0,HARD,4.0,86.314,1,True
11,Hungarian Grand Prix,BEA,47.0,3.0,HARD,5.0,86.467,1,True
11,Hungarian Grand Prix,BEA,48.0,3.0,HARD,6.0,86.167,12,False
11,Hungarian Grand Prix,BEA,49.0,3.0,HARD,7.0,86.184,1,True
11,Hungarian Grand Prix,BEA,50.0,3.0,HARD,8.0,88.289,1,True
11,Hungarian Grand Prix,BEA,51.0,3.0,HARD,9.0,86.414,1,True
11,Hungarian Grand Prix,BEA,52.0,3.0,HARD,10.0,87.285,1,True
11,Hungarian Grand Prix,BEA,53.0,3.0,HARD,11.0,86.535,1,True
11,Hungarian Grand Prix,BEA,54.0,3.0,HARD,12.0,94.636,126,False
11,Hungarian Grand Prix,BEA,55.0,3.0,HARD,13.0,100.145,671,False
11,Hungarian Grand Prix,BEA,56.0,3.0,HARD,14.0,87.029,1,True
11,Hungarian Grand Prix,BEA,57.0,3.0,HARD,15.0,86.416,1,True
11,Hungarian Grand Prix,BEA,58.0,3.0,HARD,16.0,86.363,1,True
11,Hungarian Grand Prix,BEA,59.0,3.0,HARD,17.0,87.145,1,True
11,Hungarian Grand Prix,BEA,60.0,3.0,HARD,18.0,86.911,1,True
11,Hungarian Grand Prix,BEA,61.0,3.0,HARD,19.0,88.685,1,True
11,Hungarian Grand Prix,BEA,62.0,3.0,HARD,20.0,87.103,1,True
11,Hungarian Grand Prix,BEA,63.0,3.0,HARD,21.0,87.384,1,True
11,Hungarian Grand Prix,BEA,64.0,3.0,HARD,22.0,87.035,1,True
11,Hungarian Grand Prix,BEA,65.0,3.0,HARD,23.0,87.288,1,True
11,Hungarian Grand Prix,BEA,66.0,3.0,HARD,24.0,87.642,1,True
11,Hungarian Grand Prix,BEA,67.0,3.0,HARD,25.0,87.9,1,True
11,Hungarian Grand Prix,BEA,68.0,3.0,HARD,26.0,88.96,1,True
12,Dutch Grand Prix,NOR,1.0,1.0,MEDIUM,1.0,84.177,1,False
12,Dutch Grand Prix,NOR,2.0,1.0,MEDIUM,2.0,123.197,125,False
12,Dutch Grand Prix,NOR,3.0,2.0,SOFT,4.0,,1,False
12,Dutch Grand Prix,NOR,4.0,2.0,SOFT,5.0,,12,False
12,Dutch Grand Prix,NOR,5.0,2.0,SOFT,6.0,145.934,12,False
12,Dutch Grand Prix,NOR,6.0,2.0,SOFT,7.0,76.867,1,True
12,Dutch Grand Prix,NOR,7.0,2.0,SOFT,8.0,76.893,1,True
12,Dutch Grand Prix,NOR,8.0,2.0,SOFT,9.0,76.747,1,True
12,Dutch Grand Prix,NOR,9.0,2.0,SOFT,10.0,76.666,1,True
12,Dutch Grand Prix,NOR,10.0,2.0,SOFT,11.0,76.895,1,True
12,Dutch Grand Prix,NOR,11.0,2.0,SOFT,12.0,77.045,1,True
12,Dutch Grand Prix,NOR,12.0,2.0,SOFT,13.0,77.07,1,True
12,Dutch Grand Prix,NOR,13.0,2.0,SOFT,14.0,77.065,1,True
12,Dutch Grand Prix,NOR,14.0,2.0,SOFT,15.0,77.241,1,True
12,Dutch Grand Prix,NOR,15.0,2.0,SOFT,16.0,77.192,1,True
12,Dutch Grand Prix,NOR,16.0,2.0,SOFT,17.0,77.192,1,True
12,Dutch Grand Prix,NOR,17.0,2.0,SOFT,18.0,77.414,1,True
12,Dutch Grand Prix,NOR,18.0,2.0,SOFT,19.0,77.442,1,True
12,Dutch Grand Prix,NOR,19.0,2.0,SOFT,20.0,77.508,1,True
12,Dutch Grand Prix,NOR,20.0,2.0,SOFT,21.0,77.821,1,True
12,Dutch Grand Prix,NOR,21.0,2.0,SOFT,22.0,80.58,1,False
12,Dutch Grand Prix,NOR,22.0,3.0,HARD,1.0,93.27,1,False
12,Dutch Grand Prix,NOR,23.0,3.0,HARD,2.0,75.969,1,True
12,Dutch Grand Prix,NOR,24.0,3.0,HARD,3.0,76.266,1,True
12,Dutch Grand Prix,NOR,25.0,3.0,HARD,4.0,76.144,1,True
12,Dutch Grand Prix,NOR,26.0,3.0,HARD,5.0,76.242,1,True
12,Dutch Grand Prix,NOR,27.0,3.0,HARD,6.0,75.811,1,True
12,Dutch Grand Prix,NOR,28.0,3.0,HARD,7.0,75.877,1,True
12,Dutch Grand Prix,NOR,29.0,3.0,HARD,8.0,76.145,1,True
12,Dutch Grand Prix,NOR,30.0,3.0,HARD,9.0,76.221,1,True
12,Dutch Grand Prix,NOR,31.0,3.0,HARD,10.0,76.316,1,True
12,Dutch Grand Prix,NOR,32.0,3.0,HARD,11.0,76.398,1,True
12,Dutch Grand Prix,NOR,33.0,3.0,HARD,12.0,76.82,1,True
12,Dutch Grand Prix,NOR,34.0,3.0,HARD,13.0,76.47,1,True
12,Dutch Grand Prix,NOR,35.0,3.0,HARD,14.0,76.654,1,True
12,Dutch Grand Prix,NOR,36.0,3.0,HARD,15.0,78.048,1,True
12,Dutch Grand Prix,NOR,37.0,3.0,HARD,16.0,76.692,1,True
12,Dutch Grand Prix,NOR,38.0,3.0,HARD,17.0,76.333,1,True
12,Dutch Grand Prix,NOR,39.0,3.0,HARD,18.0,76.429,1,True
12,Dutch Grand Prix,NOR,40.0,3.0,HARD,19.0,76.982,1,True
12,Dutch Grand Prix,NOR,41.0,3.0,HARD,20.0,76.299,1,True
12,Dutch Grand Prix,NOR,42.0,3.0,HARD,21.0,76.595,1,True
12,Dutch Grand Prix,NOR,43.0,3.0,HARD,22.0,76.335,1,True
12,Dutch Grand Prix,NOR,44.0,3.0,HARD,23.0,77.116,1,True
12,Dutch Grand Prix,NOR,45.0,3.0,HARD,24.0,76.593,1,True
12,Dutch Grand Prix,NOR,46.0,3.0,HARD,25.0,76.72,1,True
12,Dutch Grand Prix,NOR,47.0,3.0,HARD,26.0,79.316,1,False
12,Dutch Grand Prix,NOR,48.0,4.0,HARD,1.0,91.669,1,False
12,Dutch Grand Prix,NOR,49.0,4.0,HARD,2.0,74.321,1,True
12,Dutch Grand Prix,NOR,50.0,4.0,HARD,3.0,74.365,1,True
12,Dutch Grand Prix,NOR,51.0,4.0,HARD,4.0,74.566,1,True
12,Dutch Grand Prix,NOR,52.0,4.0,HARD,5.0,75.385,1,True
12,Dutch Grand Prix,NOR,53.0,4.0,HARD,6.0,76.265,1,True
12,Dutch Grand Prix,NOR,54.0,4.0,HARD,7.0,76.302,12,False
12,Dutch Grand Prix,NOR,55.0,4.0,HARD,8.0,97.291,26,False
12,Dutch Grand Prix,NOR,56.0,4.0,HARD,9.0,101.659,6,False
12,Dutch Grand Prix,NOR,57.0,4.0,HARD,10.0,98.766,671,False
12,Dutch Grand Prix,NOR,58.0,4.0,HARD,11.0,74.71,1,True
12,Dutch Grand Prix,NOR,59.0,4.0,HARD,12.0,74.745,1,True
12,Dutch Grand Prix,NOR,60.0,4.0,HARD,13.0,74.484,1,True
12,Dutch Grand Prix,NOR,61.0,4.0,HARD,14.0,74.76,1,True
12,Dutch Grand Prix,NOR,62.0,4.0,HARD,15.0,74.869,1,True
12,Dutch Grand Prix,NOR,63.0,4.0,HARD,16.0,74.965,1,True
12,Dutch Grand Prix,NOR,64.0,4.0,HARD,17.0,75.088,1,True
12,Dutch Grand Prix,NOR,65.0,4.0,HARD,18.0,75.459,1,True
12,Dutch Grand Prix,NOR,66.0,4.0,HARD,19.0,76.117,1,True
12,Dutch Grand Prix,NOR,67.0,4.0,HARD,20.0,75.197,1,True
12,Dutch Grand Prix,NOR,68.0,4.0,HARD,21.0,75.183,1,True
12,Dutch Grand Prix,NOR,69.0,4.0,HARD,22.0,75.192,1,True
12,Dutch Grand Prix,NOR,70.0,4.0,HARD,23.0,93.43,167,False
12,Dutch Grand Prix,NOR,71.0,4.0,HARD,24.0,75.439,1,True
12,Dutch Grand Prix,NOR,72.0,4.0,HARD,25.0,75.265,1,True
12,Dutch Grand Prix,GAS,1.0,1.0,MEDIUM,1.0,92.536,12,False
12,Dutch Grand Prix,GAS,2.0,1.0,MEDIUM,2.0,140.222,25,False
12,Dutch Grand Prix,GAS,3.0,2.0,MEDIUM,4.0,,12,False
12,Dutch Grand Prix,GAS,4.0,2.0,MEDIUM,5.0,,1,False
12,Dutch Grand Prix,GAS,5.0,2.0,MEDIUM,6.0,84.358,12,False
12,Dutch Grand Prix,GAS,6.0,2.0,MEDIUM,7.0,78.678,1,True
12,Dutch Grand Prix,GAS,7.0,2.0,MEDIUM,8.0,78.536,1,True
12,Dutch Grand Prix,GAS,8.0,2.0,MEDIUM,9.0,78.348,1,True
12,Dutch Grand Prix,GAS,9.0,2.0,MEDIUM,10.0,78.725,1,True
12,Dutch Grand Prix,GAS,10.0,2.0,MEDIUM,11.0,78.439,1,True
12,Dutch Grand Prix,GAS,11.0,2.0,MEDIUM,12.0,78.953,1,True
12,Dutch Grand Prix,GAS,12.0,2.0,MEDIUM,13.0,78.588,1,True
12,Dutch Grand Prix,GAS,13.0,2.0,MEDIUM,14.0,78.553,1,True
12,Dutch Grand Prix,GAS,14.0,2.0,MEDIUM,15.0,78.581,1,True
12,Dutch Grand Prix,GAS,15.0,2.0,MEDIUM,16.0,78.998,1,True
12,Dutch Grand Prix,GAS,16.0,2.0,MEDIUM,17.0,78.816,1,True
12,Dutch Grand Prix,GAS,17.0,2.0,MEDIUM,18.0,78.944,1,True
12,Dutch Grand Prix,GAS,18.0,2.0,MEDIUM,19.0,82.272,1,False
12,Dutch Grand Prix,GAS,19.0,3.0,HARD,1.0,95.099,1,False
12,Dutch Grand Prix,GAS,20.0,3.0,HARD,2.0,78.285,1,True
12,Dutch Grand Prix,GAS,21.0,3.0,HARD,3.0,78.892,1,True
12,Dutch Grand Prix,GAS,22.0,3.0,HARD,4.0,78.836,1,True
12,Dutch Grand Prix,GAS,23.0,3.0,HARD,5.0,79.342,1,True
12,Dutch Grand Prix,GAS,24.0,3.0,HARD,6.0,79.392,1,True
12,Dutch Grand Prix,GAS,25.0,3.0,HARD,7.0,79.362,1,True
12,Dutch Grand Prix,GAS,26.0,3.0,HARD,8.0,80.684,1,True
12,Dutch Grand Prix,GAS,27.0,3.0,HARD,9.0,79.873,1,True
12,Dutch Grand Prix,GAS,28.0,3.0,HARD,10.0,80.832,1,True
12,Dutch Grand Prix,GAS,29.0,3.0,HARD,11.0,80.067,1,True
12,Dutch Grand Prix,GAS,30.0,3.0,HARD,12.0,79.848,1,True
12,Dutch Grand Prix,GAS,31.0,3.0,HARD,13.0,78.703,1,True
12,Dutch Grand Prix,GAS,32.0,3.0,HARD,14.0,79.056,1,True
12,Dutch Grand Prix,GAS,33.0,3.0,HARD,15.0,78.942,1,True
12,Dutch Grand Prix,GAS,34.0,3.0,HARD,16.0,78.961,1,True
12,Dutch Grand Prix,GAS,35.0,3.0,HARD,17.0,77.398,1,True
12,Dutch Grand Prix,GAS,36.0,3.0,HARD,18.0,77.634,1,True
12,Dutch Grand Prix,GAS,37.0,3.0,HARD,19.0,77.748,1,True
12,Dutch Grand Prix,GAS,38.0,3.0,HARD,20.0,77.645,1,True
12,Dutch Grand Prix,GAS,39.0,3.0,HARD,21.0,80.193,1,True
12,Dutch Grand Prix,GAS,40.0,3.0,HARD,22.0,78.112,1,True
12,Dutch Grand Prix,GAS,41.0,3.0,HARD,23.0,77.617,1,True
12,Dutch Grand Prix,GAS,42.0,3.0,HARD,24.0,77.5,1,True
12,Dutch Grand Prix,GAS,43.0,3.0,HARD,25.0,77.866,1,True
12,Dutch Grand Prix,GAS,44.0,3.0,HARD,26.0,78.551,1,True
12,Dutch Grand Prix,GAS,45.0,3.0,HARD,27.0,78.037,1,True
12,Dutch Grand Prix,GAS,46.0,3.0,HARD,28.0,80.672,1,False
12,Dutch Grand Prix,GAS,47.0,4.0,MEDIUM,3.0,93.576,1,False
12,Dutch Grand Prix,GAS,48.0,4.0,MEDIUM,4.0,76.568,1,True
12,Dutch Grand Prix,GAS,49.0,4.0,MEDIUM,5.0,76.39,1,True
12,Dutch Grand Prix,GAS,50.0,4.0,MEDIUM,6.0,76.588,1,True
12,Dutch Grand Prix,GAS,51.0,4.0,MEDIUM,7.0,76.809,1,True
12,Dutch Grand Prix,GAS,52.0,4.0,MEDIUM,8.0,77.098,1,True
12,Dutch Grand Prix,GAS,53.0,4.0,MEDIUM,9.0,76.972,12,False
12,Dutch Grand Prix,GAS,54.0,4.0,MEDIUM,10.0,102.028,26,False
12,Dutch Grand Prix,GAS,55.0,4.0,MEDIUM,11.0,104.065,6,False
12,Dutch Grand Prix,GAS,56.0,4.0,MEDIUM,12.0,91.339,671,False
12,Dutch Grand Prix,GAS,57.0,4.0,MEDIUM,13.0,76.448,1,True
12,Dutch Grand Prix,GAS,58.0,4.0,MEDIUM,14.0,76.22,1,True
12,Dutch Grand Prix,GAS,59.0,4.0,MEDIUM,15.0,76.477,1,True
12,Dutch Grand Prix,GAS,60.0,4.0,MEDIUM,16.0,76.722,1,True
12,Dutch Grand Prix,GAS,61.0,4.0,MEDIUM,17.0,76.719,1,True
12,Dutch Grand Prix,GAS,62.0,4.0,MEDIUM,18.0,77.129,1,True
12,Dutch Grand Prix,GAS,63.0,4.0,MEDIUM,19.0,78.217,1,True
12,Dutch Grand Prix,GAS,64.0,4.0,MEDIUM,20.0,77.172,1,True
12,Dutch Grand Prix,GAS,65.0,4.0,MEDIUM,21.0,77.401,1,True
12,Dutch Grand Prix,GAS,66.0,4.0,MEDIUM,22.0,77.301,1,True
12,Dutch Grand Prix,GAS,67.0,4.0,MEDIUM,23.0,77.142,1,True
12,Dutch Grand Prix,GAS,68.0,4.0,MEDIUM,24.0,88.98,16,False
12,Dutch Grand Prix,GAS,69.0,4.0,MEDIUM,25.0,82.474,671,False
12,Dutch Grand Prix,GAS,70.0,4.0,MEDIUM,26.0,77.141,1,True
12,Dutch Grand Prix,GAS,71.0,4.0,MEDIUM,27.0,77.747,1,True
12,Dutch Grand Prix,PER,1.0,1.0,SOFT,1.0,101.067,12,False
12,Dutch Grand Prix,PER,2.0,1.0,SOFT,2.0,,25,False
12,Dutch Grand Prix,PER,3.0,2.0,HARD,1.0,,12,False
12,Dutch Grand Prix,PER,4.0,2.0,HARD,2.0,145.47,1,True
12,Dutch Grand Prix,PER,5.0,2.0,HARD,3.0,86.09,12,False
12,Dutch Grand Prix,PER,6.0,2.0,HARD,4.0,81.018,1,True
12,Dutch Grand Prix,PER,7.0,2.0,HARD,5.0,80.225,1,True
12,Dutch Grand Prix,PER,8.0,2.0,HARD,6.0,79.939,1,True
12,Dutch Grand Prix,PER,9.0,2.0,HARD,7.0,79.876,1,True
12,Dutch Grand Prix,PER,10.0,2.0,HARD,8.0,80.053,1,True
12,Dutch Grand Prix,PER,11.0,2.0,HARD,9.0,79.923,1,True
12,Dutch Grand Prix,PER,12.0,2.0,HARD,10.0,79.744,1,True
12,Dutch Grand Prix,PER,13.0,2.0,HARD,11.0,80.977,1,True
12,Dutch Grand Prix,PER,14.0,2.0,HARD,12.0,80.185,1,True
12,Dutch Grand Prix,PER,15.0,2.0,HARD,13.0,80.149,1,True
12,Dutch Grand Prix,PER,16.0,2.0,HARD,14.0,80.19,1,True
12,Dutch Grand Prix,PER,17.0,2.0,HARD,15.0,80.751,1,True
12,Dutch Grand Prix,PER,18.0,2.0,HARD,16.0,80.645,1,True
12,Dutch Grand Prix,PER,19.0,2.0,HARD,17.0,80.684,1,True
12,Dutch Grand Prix,PER,20.0,2.0,HARD,18.0,80.571,1,True
12,Dutch Grand Prix,PER,21.0,2.0,HARD,19.0,80.664,1,True
12,Dutch Grand Prix,PER,22.0,2.0,HARD,20.0,80.009,1,True
12,Dutch Grand Prix,PER,23.0,2.0,HARD,21.0,80.449,1,True
12,Dutch Grand Prix,PER,24.0,2.0,HARD,22.0,81.51,1,True
12,Dutch Grand Prix,PER,25.0,2.0,HARD,23.0,80.579,1,True
12,Dutch Grand Prix,PER,26.0,2.0,HARD,24.0,80.362,1,True
12,Dutch Grand Prix,PER,27.0,2.0,HARD,25.0,80.139,1,True
12,Dutch Grand Prix,PER,28.0,2.0,HARD,26.0,80.33,1,True
12,Dutch Grand Prix,PER,29.0,2.0,HARD,27.0,83.908,1,False
12,Dutch Grand Prix,PER,30.0,3.0,HARD,1.0,94.868,1,False
12,Dutch Grand Prix,PER,31.0,3.0,HARD,2.0,77.891,1,True
12,Dutch Grand Prix,PER,32.0,3.0,HARD,3.0,78.15,1,True
12,Dutch Grand Prix,PER,33.0,3.0,HARD,4.0,78.479,1,True
12,Dutch Grand Prix,PER,34.0,3.0,HARD,5.0,78.499,1,True
12,Dutch Grand Prix,PER,35.0,3.0,HARD,6.0,78.483,1,True
12,Dutch Grand Prix,PER,36.0,3.0,HARD,7.0,78.485,1,True
12,Dutch Grand Prix,PER,37.0,3.0,HARD,8.0,78.136,1,True
12,Dutch Grand Prix,PER,38.0,3.0,HARD,9.0,78.557,1,True
12,Dutch Grand Prix,PER,39.0,3.0,HARD,10.0,78.476,1,True
12,Dutch Grand Prix,PER,40.0,3.0,HARD,11.0,80.89,1,True
12,Dutch Grand Prix,PER,41.0,3.0,HARD,12.0,79.082,1,True
12,Dutch Grand Prix,PER,42.0,3.0,HARD,13.0,78.809,1,True
12,Dutch Grand Prix,PER,43.0,3.0,HARD,14.0,78.936,1,True
12,Dutch Grand Prix,PER,44.0,3.0,HARD,15.0,78.849,1,True
12,Dutch Grand Prix,PER,45.0,3.0,HARD,16.0,78.934,1,True
12,Dutch Grand Prix,PER,46.0,3.0,HARD,17.0,79.076,1,True
12,Dutch Grand Prix,PER,47.0,3.0,HARD,18.0,78.967,1,True
12,Dutch Grand Prix,PER,48.0,3.0,HARD,19.0,79.206,1,True
12,Dutch Grand Prix,PER,49.0,3.0,HARD,20.0,79.295,1,True
12,Dutch Grand Prix,PER,50.0,3.0,HARD,21.0,80.375,1,True
12,Dutch Grand Prix,PER,51.0,3.0,HARD,22.0,78.961,1,True
12,Dutch Grand Prix,PER,52.0,3.0,HARD,23.0,82.328,1,False
12,Dutch Grand Prix,PER,53.0,4.0,SOFT,1.0,117.322,126,False
12,Dutch Grand Prix,PER,54.0,4.0,SOFT,2.0,104.149,6,False
12,Dutch Grand Prix,PER,55.0,4.0,SOFT,3.0,93.642,671,False
12,Dutch Grand Prix,PER,56.0,4.0,SOFT,4.0,79.093,1,True
12,Dutch Grand Prix,PER,57.0,4.0,SOFT,5.0,77.149,1,True
12,Dutch Grand Prix,PER,58.0,4.0,SOFT,6.0,79.672,1,True
12,Dutch Grand Prix,PER,59.0,4.0,SOFT,7.0,81.244,1,True
12,Dutch Grand Prix,PER,60.0,4.0,SOFT,8.0,77.926,1,True
12,Dutch Grand Prix,PER,61.0,4.0,SOFT,9.0,78.274,1,True
12,Dutch Grand Prix,PER,62.0,4.0,SOFT,10.0,81.918,1,True
12,Dutch Grand Prix,PER,63.0,4.0,SOFT,11.0,78.423,1,True
12,Dutch Grand Prix,PER,64.0,4.0,SOFT,12.0,80.223,1,True
12,Dutch Grand Prix,PER,65.0,4.0,SOFT,13.0,78.136,1,True
12,Dutch Grand Prix,PER,66.0,4.0,SOFT,14.0,78.302,1,True
12,Dutch Grand Prix,PER,67.0,4.0,SOFT,15.0,95.036,167,False
12,Dutch Grand Prix,PER,68.0,4.0,SOFT,16.0,78.001,71,False
12,Dutch Grand Prix,PER,69.0,4.0,SOFT,17.0,77.636,1,True
12,Dutch Grand Prix,PER,70.0,4.0,SOFT,18.0,77.523,1,True
12,Dutch Grand Prix,ANT,1.0,1.0,MEDIUM,1.0,84.884,1,False
12,Dutch Grand Prix,ANT,2.0,1.0,MEDIUM,2.0,124.294,125,False
12,Dutch Grand Prix,ANT,3.0,2.0,MEDIUM,3.0,,1,False
12,Dutch Grand Prix,ANT,4.0,2.0,MEDIUM,4.0,,12,False
12,Dutch Grand Prix,ANT,5.0,2.0,MEDIUM,5.0,142.251,12,False
12,Dutch Grand Prix,ANT,6.0,2.0,MEDIUM,6.0,76.982,1,True
12,Dutch Grand Prix,ANT,7.0,2.0,MEDIUM,7.0,76.681,1,True
12,Dutch Grand Prix,ANT,8.0,2.0,MEDIUM,8.0,76.803,1,True
12,Dutch Grand Prix,ANT,9.0,2.0,MEDIUM,9.0,76.552,1,True
12,Dutch Grand Prix,ANT,10.0,2.0,MEDIUM,10.0,76.719,1,True
12,Dutch Grand Prix,ANT,11.0,2.0,MEDIUM,11.0,76.708,1,True
12,Dutch Grand Prix,ANT,12.0,2.0,MEDIUM,12.0,76.869,1,True
12,Dutch Grand Prix,ANT,13.0,2.0,MEDIUM,13.0,77.058,1,True
12,Dutch Grand Prix,ANT,14.0,2.0,MEDIUM,14.0,76.981,1,True
12,Dutch Grand Prix,ANT,15.0,2.0,MEDIUM,15.0,77.223,1,True
12,Dutch Grand Prix,ANT,16.0,2.0,MEDIUM,16.0,77.366,1,True
12,Dutch Grand Prix,ANT,17.0,2.0,MEDIUM,17.0,77.313,1,True
12,Dutch Grand Prix,ANT,18.0,2.0,MEDIUM,18.0,77.344,1,True
12,Dutch Grand Prix,ANT,19.0,2.0,MEDIUM,19.0,77.442,1,True
12,Dutch Grand Prix,ANT,20.0,2.0,MEDIUM,20.0,77.601,1,True
12,Dutch Grand Prix,ANT,21.0,2.0,MEDIUM,21.0,80.539,1,False
12,Dutch Grand Prix,ANT,22.0,3.0,HARD,1.0,94.203,1,False
12,Dutch Grand Prix,ANT,23.0,3.0,HARD,2.0,75.804,1,True
12,Dutch Grand Prix,ANT,24.0,3.0,HARD,3.0,76.145,1,True
12,Dutch Grand Prix,ANT,25.0,3.0,HARD,4.0,76.265,1,True
12,Dutch Grand Prix,ANT,26.0,3.0,HARD,5.0,76.208,1,True
12,Dutch Grand Prix,ANT,27.0,3.0,HARD,6.0,76.124,1,True
12,Dutch Grand Prix,ANT,28.0,3.0,HARD,7.0,76.195,1,True
12,Dutch Grand Prix,ANT,29.0,3.0,HARD,8.0,76.173,1,True
12,Dutch Grand Prix,ANT,30.0,3.0,HARD,9.0,76.473,1,True
12,Dutch Grand Prix,ANT,31.0,3.0,HARD,10.0,76.081,1,True
12,Dutch Grand Prix,ANT,32.0,3.0,HARD,11.0,76.444,1,True
12,Dutch Grand Prix,ANT,33.0,3.0,HARD,12.0,76.604,1,True
12,Dutch Grand Prix,ANT,34.0,3.0,HARD,13.0,76.404,1,True
12,Dutch Grand Prix,ANT,35.0,3.0,HARD,14.0,76.838,1,True
12,Dutch Grand Prix,ANT,36.0,3.0,HARD,15.0,77.474,1,True
12,Dutch Grand Prix,ANT,37.0,3.0,HARD,16.0,77.144,1,True
12,Dutch Grand Prix,ANT,38.0,3.0,HARD,17.0,76.406,1,True
12,Dutch Grand Prix,ANT,39.0,3.0,HARD,18.0,76.714,1,True
12,Dutch Grand Prix,ANT,40.0,3.0,HARD,19.0,79.389,1,False
12,Dutch Grand Prix,ANT,41.0,4.0,HARD,1.0,92.584,1,False
12,Dutch Grand Prix,ANT,42.0,4.0,HARD,2.0,75.7,1,True
12,Dutch Grand Prix,ANT,43.0,4.0,HARD,3.0,75.887,1,True
12,Dutch Grand Prix,ANT,44.0,4.0,HARD,4.0,76.24,1,True
12,Dutch Grand Prix,ANT,45.0,4.0,HARD,5.0,76.105,1,True
12,Dutch Grand Prix,ANT,46.0,4.0,HARD,6.0,75.728,1,True
12,Dutch Grand Prix,ANT,47.0,4.0,HARD,7.0,75.959,1,True
12,Dutch Grand Prix,ANT,48.0,4.0,HARD,8.0,75.974,1,True
12,Dutch Grand Prix,ANT,49.0,4.0,HARD,9.0,75.85,1,True
12,Dutch Grand Prix,ANT,50.0,4.0,HARD,10.0,75.942,1,True
12,Dutch Grand Prix,ANT,51.0,4.0,HARD,11.0,75.765,1,True
12,Dutch Grand Prix,ANT,52.0,4.0,HARD,12.0,75.588,1,True
12,Dutch Grand Prix,ANT,53.0,4.0,HARD,13.0,76.34,1,True
12,Dutch Grand Prix,ANT,54.0,4.0,HARD,14.0,77.882,12,False
12,Dutch Grand Prix,ANT,55.0,4.0,HARD,15.0,97.436,26,False
12,Dutch Grand Prix,ANT,56.0,4.0,HARD,16.0,104.21,6,False
12,Dutch Grand Prix,ANT,57.0,5.0,SOFT,4.0,107.21,671,False
12,Dutch Grand Prix,ANT,58.0,5.0,SOFT,5.0,74.69,1,True
12,Dutch Grand Prix,ANT,59.0,5.0,SOFT,6.0,74.571,1,True
12,Dutch Grand Prix,ANT,60.0,5.0,SOFT,7.0,74.738,1,True
12,Dutch Grand Prix,ANT,61.0,5.0,SOFT,8.0,74.679,1,True
12,Dutch Grand Prix,ANT,62.0,5.0,SOFT,9.0,74.807,1,True
12,Dutch Grand Prix,ANT,63.0,5.0,SOFT,10.0,75.098,1,True
12,Dutch Grand Prix,ANT,64.0,5.0,SOFT,11.0,74.87,1,True
12,Dutch Grand Prix,ANT,65.0,5.0,SOFT,12.0,75.218,1,True
12,Dutch Grand Prix,ANT,66.0,5.0,SOFT,13.0,75.253,1,True
12,Dutch Grand Prix,ANT,67.0,5.0,SOFT,14.0,75.405,1,True
12,Dutch Grand Prix,ANT,68.0,5.0,SOFT,15.0,75.299,1,True
12,Dutch Grand Prix,ANT,69.0,5.0,SOFT,16.0,75.183,1,True
12,Dutch Grand Prix,ANT,70.0,5.0,SOFT,17.0,93.086,167,False
12,Dutch Grand Prix,ANT,71.0,5.0,SOFT,18.0,75.084,1,True
12,Dutch Grand Prix,ANT,72.0,5.0,SOFT,19.0,75.958,1,True
12,Dutch Grand Prix,ALO,1.0,1.0,SOFT,1.0,96.971,12,False
12,Dutch Grand Prix,ALO,2.0,1.0,SOFT,2.0,149.601,25,False
12,Dutch Grand Prix,ALO,3.0,2.0,SOFT,1.0,,12,False
12,Dutch Grand Prix,ALO,4.0,2.0,SOFT,2.0,,1,False
12,Dutch Grand Prix,ALO,5.0,2.0,SOFT,3.0,84.772,12,False
12,Dutch Grand Prix,ALO,6.0,2.0,SOFT,4.0,80.655,1,True
12,Dutch Grand Prix,ALO,7.0,2.0,SOFT,5.0,79.844,1,True
12,Dutch Grand Prix,ALO,8.0,2.0,SOFT,6.0,79.134,1,True
12,Dutch Grand Prix,ALO,9.0,2.0,SOFT,7.0,78.975,1,True
12,Dutch Grand Prix,ALO,10.0,2.0,SOFT,8.0,79.157,1,True
12,Dutch Grand Prix,ALO,11.0,2.0,SOFT,9.0,79.182,1,True
12,Dutch Grand Prix,ALO,12.0,2.0,SOFT,10.0,78.725,1,True
12,Dutch Grand Prix,ALO,13.0,2.0,SOFT,11.0,79.01,1,True
12,Dutch Grand Prix,ALO,14.0,2.0,SOFT,12.0,79.026,1,True
12,Dutch Grand Prix,ALO,15.0,2.0,SOFT,13.0,79.093,1,True
12,Dutch Grand Prix,ALO,16.0,2.0,SOFT,14.0,79.766,1,True
12,Dutch Grand Prix,ALO,17.0,2.0,SOFT,15.0,78.557,1,True
12,Dutch Grand Prix,ALO,18.0,2.0,SOFT,16.0,79.05,1,True
12,Dutch Grand Prix,ALO,19.0,2.0,SOFT,17.0,78.866,1,True
12,Dutch Grand Prix,ALO,20.0,2.0,SOFT,18.0,79.191,1,True
12,Dutch Grand Prix,ALO,21.0,2.0,SOFT,19.0,78.91,1,True
12,Dutch Grand Prix,ALO,22.0,2.0,SOFT,20.0,79.201,1,True
12,Dutch Grand Prix,ALO,23.0,2.0,SOFT,21.0,80.026,1,True
12,Dutch Grand Prix,ALO,24.0,2.0,SOFT,22.0,79.125,1,True
12,Dutch Grand Prix,ALO,25.0,2.0,SOFT,23.0,79.008,1,True
12,Dutch Grand Prix,ALO,26.0,2.0,SOFT,24.0,79.253,1,True
12,Dutch Grand Prix,ALO,27.0,2.0,SOFT,25.0,78.877,1,True
12,Dutch Grand Prix,ALO,28.0,2.0,SOFT,26.0,79.084,1,True
12,Dutch Grand Prix,ALO,29.0,2.0,SOFT,27.0,79.006,1,True
12,Dutch Grand Prix,ALO,30.0,2.0,SOFT,28.0,79.04,1,True
12,Dutch Grand Prix,ALO,31.0,2.0,SOFT,29.0,78.975,1,True
12,Dutch Grand Prix,ALO,32.0,2.0,SOFT,30.0,78.981,1,True
12,Dutch Grand Prix,ALO,33.0,2.0,SOFT,31.0,79.071,1,True
12,Dutch Grand Prix,ALO,34.0,2.0,SOFT,32.0,82.686,1,False
12,Dutch Grand Prix,ALO,35.0,3.0,HARD,1.0,94.603,1,False
12,Dutch Grand Prix,ALO,36.0,3.0,HARD,2.0,79.02,1,True
12,Dutch Grand Prix,ALO,37.0,3.0,HARD,3.0,78.824,1,True
12,Dutch Grand Prix,ALO,38.0,3.0,HARD,4.0,78.01,1,True
12,Dutch Grand Prix,ALO,39.0,3.0,HARD,5.0,77.488,1,True
12,Dutch Grand Prix,ALO,40.0,3.0,HARD,6.0,77.326,1,True
12,Dutch Grand Prix,ALO,41.0,3.0,HARD,7.0,77.117,1,True
12,Dutch Grand Prix,ALO,42.0,3.0,HARD,8.0,80.147,1,True
12,Dutch Grand Prix,ALO,43.0,3.0,HARD,9.0,77.611,1,True
12,Dutch Grand Prix,ALO,44.0,3.0,HARD,10.0,77.083,1,True
12,Dutch Grand Prix,ALO,45.0,3.0,HARD,11.0,78.618,1,True
12,Dutch Grand Prix,ALO,46.0,3.0,HARD,12.0,77.206,1,True
12,Dutch Grand Prix,ALO,47.0,3.0,HARD,13.0,77.535,1,True
12,Dutch Grand Prix,ALO,48.0,3.0,HARD,14.0,77.67,1,True
12,Dutch Grand Prix,ALO,49.0,3.0,HARD,15.0,77.406,1,True
12,Dutch Grand Prix,ALO,50.0,3.0,HARD,16.0,78.086,1,True
12,Dutch Grand Prix,ALO,51.0,3.0,HARD,17.0,78.726,1,True
12,Dutch Grand Prix,ALO,52.0,3.0,HARD,18.0,77.286,1,True
12,Dutch Grand Prix,ALO,53.0,3.0,HARD,19.0,77.273,12,False
12,Dutch Grand Prix,ALO,54.0,3.0,HARD,20.0,101.501,26,False
12,Dutch Grand Prix,ALO,55.0,3.0,HARD,21.0,103.523,6,False
12,Dutch Grand Prix,ALO,56.0,3.0,HARD,22.0,93.419,671,False
12,Dutch Grand Prix,ALO,57.0,3.0,HARD,23.0,77.126,1,True
12,Dutch Grand Prix,ALO,58.0,3.0,HARD,24.0,78.089,1,True
12,Dutch Grand Prix,ALO,59.0,3.0,HARD,25.0,76.946,1,True
12,Dutch Grand Prix,ALO,60.0,3.0,HARD,26.0,77.099,1,True
12,Dutch Grand Prix,ALO,61.0,3.0,HARD,27.0,77.283,1,True
12,Dutch Grand Prix,ALO,62.0,3.0,HARD,28.0,77.642,1,True
12,Dutch Grand Prix,ALO,63.0,3.0,HARD,29.0,77.386,1,True
12,Dutch Grand Prix,ALO,64.0,3.0,HARD,30.0,78.386,1,True
12,Dutch Grand Prix,ALO,65.0,3.0,HARD,31.0,77.369,1,True
12,Dutch Grand Prix,ALO,66.0,3.0,HARD,32.0,77.138,1,True
12,Dutch Grand Prix,ALO,67.0,3.0,HARD,33.0,77.391,1,True
12,Dutch Grand Prix,ALO,68.0,3.0,HARD,34.0,88.706,16,False
12,Dutch Grand Prix,ALO,69.0,3.0,HARD,35.0,82.33,671,False
12,Dutch Grand Prix,ALO,70.0,3.0,HARD,36.0,77.016,1,True
12,Dutch Grand Prix,ALO,71.0,3.0,HARD,37.0,77.655,1,True
12,Dutch Grand Prix,LEC,1.0,1.0,SOFT,5.0,86.929,1,False
12,Dutch Grand Prix,LEC,2.0,1.0,SOFT,6.0,128.461,125,False
12,Dutch Grand Prix,LEC,3.0,2.0,SOFT,1.0,,1,False
12,Dutch Grand Prix,LEC,4.0,2.0,SOFT,2.0,,12,False
12,Dutch Grand Prix,LEC,5.0,2.0,SOFT,3.0,138.834,12,False
12,Dutch Grand Prix,LEC,6.0,2.0,SOFT,4.0,78.216,1,True
12,Dutch Grand Prix,LEC,7.0,2.0,SOFT,5.0,77.401,1,True
12,Dutch Grand Prix,LEC,8.0,2.0,SOFT,6.0,77.292,1,True
12,Dutch Grand Prix,LEC,9.0,2.0,SOFT,7.0,77.006,1,True
12,Dutch Grand Prix,LEC,10.0,2.0,SOFT,8.0,77.235,1,True
12,Dutch Grand Prix,LEC,11.0,2.0,SOFT,9.0,77.729,1,True
12,Dutch Grand Prix,LEC,12.0,2.0,SOFT,10.0,77.358,1,True
12,Dutch Grand Prix,LEC,13.0,2.0,SOFT,11.0,77.254,1,True
12,Dutch Grand Prix,LEC,14.0,2.0,SOFT,12.0,77.609,1,True
12,Dutch Grand Prix,LEC,15.0,2.0,SOFT,13.0,77.958,1,True
12,Dutch Grand Prix,LEC,16.0,2.0,SOFT,14.0,77.331,1,True
12,Dutch Grand Prix,LEC,17.0,2.0,SOFT,15.0,77.943,1,True
12,Dutch Grand Prix,LEC,18.0,2.0,SOFT,16.0,77.25,1,True
12,Dutch Grand Prix,LEC,19.0,2.0,SOFT,17.0,77.514,1,True
12,Dutch Grand Prix,LEC,20.0,2.0,SOFT,18.0,77.435,1,True
12,Dutch Grand Prix,LEC,21.0,2.0,SOFT,19.0,80.974,1,False
12,Dutch Grand Prix,LEC,22.0,3.0,MEDIUM,1.0,94.694,1,False
12,Dutch Grand Prix,LEC,23.0,3.0,MEDIUM,2.0,75.789,1,True
12,Dutch Grand Prix,LEC,24.0,3.0,MEDIUM,3.0,75.923,1,True
12,Dutch Grand Prix,LEC,25.0,3.0,MEDIUM,4.0,75.789,1,True
12,Dutch Grand Prix,LEC,26.0,3.0,MEDIUM,5.0,76.13,1,True
12,Dutch Grand Prix,LEC,27.0,3.0,MEDIUM,6.0,75.881,1,True
12,Dutch Grand Prix,LEC,28.0,3.0,MEDIUM,7.0,76.026,1,True
12,Dutch Grand Prix,LEC,29.0,3.0,MEDIUM,8.0,76.243,1,True
12,Dutch Grand Prix,LEC,30.0,3.0,MEDIUM,9.0,76.579,1,True
12,Dutch Grand Prix,LEC,31.0,3.0,MEDIUM,10.0,76.88,1,True
12,Dutch Grand Prix,LEC,32.0,3.0,MEDIUM,11.0,76.905,1,True
12,Dutch Grand Prix,LEC,33.0,3.0,MEDIUM,12.0,77.374,1,True
12,Dutch Grand Prix,LEC,34.0,3.0,MEDIUM,13.0,76.96,1,True
12,Dutch Grand Prix,LEC,35.0,3.0,MEDIUM,14.0,76.507,1,True
12,Dutch Grand Prix,LEC,36.0,3.0,MEDIUM,15.0,76.399,1,True
12,Dutch Grand Prix,LEC,37.0,3.0,MEDIUM,16.0,76.62,1,True
12,Dutch Grand Prix,LEC,38.0,3.0,MEDIUM,17.0,76.392,1,True
12,Dutch Grand Prix,LEC,39.0,3.0,MEDIUM,18.0,76.865,1,True
12,Dutch Grand Prix,LEC,40.0,3.0,MEDIUM,19.0,76.934,1,True
12,Dutch Grand Prix,LEC,41.0,3.0,MEDIUM,20.0,76.715,1,True
12,Dutch Grand Prix,LEC,42.0,3.0,MEDIUM,21.0,76.889,1,True
12,Dutch Grand Prix,LEC,43.0,3.0,MEDIUM,22.0,80.438,1,False
12,Dutch Grand Prix,LEC,44.0,4.0,HARD,1.0,94.081,1,False
12,Dutch Grand Prix,LEC,45.0,4.0,HARD,2.0,75.396,1,True
12,Dutch Grand Prix,LEC,46.0,4.0,HARD,3.0,75.493,1,True
12,Dutch Grand Prix,LEC,47.0,4.0,HARD,4.0,74.985,1,True
12,Dutch Grand Prix,LEC,48.0,4.0,HARD,5.0,75.417,1,True
12,Dutch Grand Prix,LEC,49.0,4.0,HARD,6.0,75.134,1,True
12,Dutch Grand Prix,LEC,50.0,4.0,HARD,7.0,74.877,1,True
12,Dutch Grand Prix,LEC,51.0,4.0,HARD,8.0,74.921,1,True
12,Dutch Grand Prix,LEC,52.0,4.0,HARD,9.0,75.086,1,True
12,Dutch Grand Prix,LEC,53.0,4.0,HARD,10.0,75.359,1,True
12,Dutch Grand Prix,LEC,54.0,4.0,HARD,11.0,75.241,12,False
12,Dutch Grand Prix,LEC,55.0,4.0,HARD,12.0,101.469,26,False
12,Dutch Grand Prix,LEC,56.0,5.0,SOFT,1.0,118.615,6,False
12,Dutch Grand Prix,LEC,57.0,5.0,SOFT,2.0,90.116,671,False
12,Dutch Grand Prix,LEC,58.0,5.0,SOFT,3.0,74.426,1,True
12,Dutch Grand Prix,LEC,59.0,5.0,SOFT,4.0,75.02,1,True
12,Dutch Grand Prix,LEC,60.0,5.0,SOFT,5.0,74.23,1,True
12,Dutch Grand Prix,LEC,61.0,5.0,SOFT,6.0,74.396,1,True
12,Dutch Grand Prix,LEC,62.0,5.0,SOFT,7.0,74.555,1,True
12,Dutch Grand Prix,LEC,63.0,5.0,SOFT,8.0,74.432,1,True
12,Dutch Grand Prix,LEC,64.0,5.0,SOFT,9.0,74.694,1,True
12,Dutch Grand Prix,LEC,65.0,5.0,SOFT,10.0,74.728,1,True
12,Dutch Grand Prix,LEC,66.0,5.0,SOFT,11.0,74.687,1,True
12,Dutch Grand Prix,LEC,67.0,5.0,SOFT,12.0,75.41,1,True
12,Dutch Grand Prix,LEC,68.0,5.0,SOFT,13.0,75.186,1,True
12,Dutch Grand Prix,LEC,69.0,5.0,SOFT,14.0,76.712,16,False
12,Dutch Grand Prix,LEC,70.0,5.0,SOFT,15.0,91.842,671,False
12,Dutch Grand Prix,LEC,71.0,5.0,SOFT,16.0,74.943,1,True
12,Dutch Grand Prix,LEC,72.0,5.0,SOFT,17.0,76.154,1,True
12,Dutch Grand Prix,STR,1.0,1.0,SOFT,1.0,97.846,12,False
12,Dutch Grand Prix,STR,2.0,1.0,SOFT,2.0,,25,False
12,Dutch Grand Prix,STR,3.0,2.0,SOFT,1.0,,12,False
12,Dutch Grand Prix,STR,4.0,2.0,SOFT,2.0,,1,False
12,Dutch Grand Prix,STR,5.0,2.0,SOFT,3.0,85.201,12,False
12,Dutch Grand Prix,STR,6.0,2.0,SOFT,4.0,80.503,1,True
12,Dutch Grand Prix,STR,7.0,2.0,SOFT,5.0,79.643,1,True
12,Dutch Grand Prix,STR,8.0,2.0,SOFT,6.0,79.188,1,True
12,Dutch Grand Prix,STR,9.0,2.0,SOFT,7.0,79.15,1,True
12,Dutch Grand Prix,STR,10.0,2.0,SOFT,8.0,79.366,1,True
12,Dutch Grand Prix,STR,11.0,2.0,SOFT,9.0,79.192,1,True
12,Dutch Grand Prix,STR,12.0,2.0,SOFT,10.0,79.102,1,True
12,Dutch Grand Prix,STR,13.0,2.0,SOFT,11.0,79.692,1,True
12,Dutch Grand Prix,STR,14.0,2.0,SOFT,12.0,79.291,1,True
12,Dutch Grand Prix,STR,15.0,2.0,SOFT,13.0,82.655,1,False
12,Dutch Grand Prix,STR,16.0,3.0,HARD,1.0,94.265,1,False
12,Dutch Grand Prix,STR,17.0,3.0,HARD,2.0,78.759,1,True
12,Dutch Grand Prix,STR,18.0,3.0,HARD,3.0,78.569,1,True
12,Dutch Grand Prix,STR,19.0,3.0,HARD,4.0,78.997,1,True
12,Dutch Grand Prix,STR,20.0,3.0,HARD,5.0,79.923,1,True
12,Dutch Grand Prix,STR,21.0,3.0,HARD,6.0,80.659,1,True
12,Dutch Grand Prix,STR,22.0,3.0,HARD,7.0,79.736,1,True
12,Dutch Grand Prix,STR,23.0,3.0,HARD,8.0,79.702,1,True
12,Dutch Grand Prix,STR,24.0,3.0,HARD,9.0,79.801,1,True
12,Dutch Grand Prix,STR,25.0,3.0,HARD,10.0,79.615,1,True
12,Dutch Grand Prix,STR,26.0,3.0,HARD,11.0,79.628,1,True
12,Dutch Grand Prix,STR,27.0,3.0,HARD,12.0,78.861,1,True
12,Dutch Grand Prix,STR,28.0,3.0,HARD,13.0,78.596,1,True
12,Dutch Grand Prix,STR,29.0,3.0,HARD,14.0,78.958,1,True
12,Dutch Grand Prix,STR,30.0,3.0,HARD,15.0,78.738,1,True
12,Dutch Grand Prix,STR,31.0,3.0,HARD,16.0,78.736,1,True
12,Dutch Grand Prix,STR,32.0,3.0,HARD,17.0,80.926,1,True
12,Dutch Grand Prix,STR,33.0,3.0,HARD,18.0,79.68,1,True
12,Dutch Grand Prix,STR,34.0,3.0,HARD,19.0,78.91,1,True
12,Dutch Grand Prix,STR,35.0,3.0,HARD,20.0,81.436,1,False
12,Dutch Grand Prix,STR,36.0,4.0,HARD,1.0,93.316,1,False
12,Dutch Grand Prix,STR,37.0,4.0,HARD,2.0,77.883,1,True
12,Dutch Grand Prix,STR,38.0,4.0,HARD,3.0,78.132,1,True
12,Dutch Grand Prix,STR,39.0,4.0,HARD,4.0,78.401,1,True
12,Dutch Grand Prix,STR,40.0,4.0,HARD,5.0,78.062,1,True
12,Dutch Grand Prix,STR,41.0,4.0,HARD,6.0,78.418,1,True
12,Dutch Grand Prix,STR,42.0,4.0,HARD,7.0,77.926,1,True
12,Dutch Grand Prix,STR,43.0,4.0,HARD,8.0,78.573,1,True
12,Dutch Grand Prix,STR,44.0,4.0,HARD,9.0,78.689,1,True
12,Dutch Grand Prix,STR,45.0,4.0,HARD,10.0,88.737,1,False
12,Dutch Grand Prix,TSU,1.0,1.0,SOFT,1.0,93.561,12,False
12,Dutch Grand Prix,TSU,2.0,1.0,SOFT,2.0,144.767,25,False
12,Dutch Grand Prix,TSU,3.0,2.0,SOFT,1.0,,12,False
12,Dutch Grand Prix,TSU,4.0,2.0,SOFT,2.0,,1,False
12,Dutch Grand Prix,TSU,5.0,2.0,SOFT,3.0,84.653,12,False
12,Dutch Grand Prix,TSU,6.0,2.0,SOFT,4.0,79.649,1,True
12,Dutch Grand Prix,TSU,7.0,2.0,SOFT,5.0,78.908,1,True
12,Dutch Grand Prix,TSU,8.0,2.0,SOFT,6.0,79.04,1,True
12,Dutch Grand Prix,TSU,9.0,2.0,SOFT,7.0,78.601,1,True
12,Dutch Grand Prix,TSU,10.0,2.0,SOFT,8.0,78.665,1,True
12,Dutch Grand Prix,TSU,11.0,2.0,SOFT,9.0,78.59,1,True
12,Dutch Grand Prix,TSU,12.0,2.0,SOFT,10.0,78.852,1,True
12,Dutch Grand Prix,TSU,13.0,2.0,SOFT,11.0,79.039,1,True
12,Dutch Grand Prix,TSU,14.0,2.0,SOFT,12.0,79.079,1,True
12,Dutch Grand Prix,TSU,15.0,2.0,SOFT,13.0,78.992,1,True
12,Dutch Grand Prix,TSU,16.0,2.0,SOFT,14.0,79.095,1,True
12,Dutch Grand Prix,TSU,17.0,2.0,SOFT,15.0,78.725,1,True
12,Dutch Grand Prix,TSU,18.0,2.0,SOFT,16.0,82.11,1,False
12,Dutch Grand Prix,TSU,19.0,3.0,HARD,1.0,94.257,1,False
12,Dutch Grand Prix,TSU,20.0,3.0,HARD,2.0,78.062,1,True
12,Dutch Grand Prix,TSU,21.0,3.0,HARD,3.0,78.163,1,True
12,Dutch Grand Prix,TSU,22.0,3.0,HARD,4.0,78.611,1,True
12,Dutch Grand Prix,TSU,23.0,3.0,HARD,5.0,78.909,1,True
12,Dutch Grand Prix,TSU,24.0,3.0,HARD,6.0,79.004,1,True
12,Dutch Grand Prix,TSU,25.0,3.0,HARD,7.0,79.104,1,True
12,Dutch Grand Prix,TSU,26.0,3.0,HARD,8.0,79.855,1,True
12,Dutch Grand Prix,TSU,27.0,3.0,HARD,9.0,80.094,1,True
12,Dutch Grand Prix,TSU,28.0,3.0,HARD,10.0,79.729,1,True
12,Dutch Grand Prix,TSU,29.0,3.0,HARD,11.0,78.996,1,True
12,Dutch Grand Prix,TSU,30.0,3.0,HARD,12.0,78.235,1,True
12,Dutch Grand Prix,TSU,31.0,3.0,HARD,13.0,78.295,1,True
12,Dutch Grand Prix,TSU,32.0,3.0,HARD,14.0,77.974,1,True
12,Dutch Grand Prix,TSU,33.0,3.0,HARD,15.0,77.851,1,True
12,Dutch Grand Prix,TSU,34.0,3.0,HARD,16.0,78.061,1,True
12,Dutch Grand Prix,TSU,35.0,3.0,HARD,17.0,77.942,1,True
12,Dutch Grand Prix,TSU,36.0,3.0,HARD,18.0,77.941,1,True
12,Dutch Grand Prix,TSU,37.0,3.0,HARD,19.0,77.963,1,True
12,Dutch Grand Prix,TSU,38.0,3.0,HARD,20.0,77.796,1,True
12,Dutch Grand Prix,TSU,39.0,3.0,HARD,21.0,77.723,1,True
12,Dutch Grand Prix,TSU,40.0,3.0,HARD,22.0,77.807,1,True
12,Dutch Grand Prix,TSU,41.0,3.0,HARD,23.0,77.909,1,True
12,Dutch Grand Prix,TSU,42.0,3.0,HARD,24.0,77.871,1,True
12,Dutch Grand Prix,TSU,43.0,3.0,HARD,25.0,84.081,1,True
12,Dutch Grand Prix,TSU,44.0,3.0,HARD,26.0,81.984,1,False
12,Dutch Grand Prix,TSU,45.0,4.0,SOFT,3.0,93.216,1,False
12,Dutch Grand Prix,TSU,46.0,4.0,SOFT,4.0,77.352,1,True
12,Dutch Grand Prix,TSU,47.0,4.0,SOFT,5.0,78.471,1,True
12,Dutch Grand Prix,TSU,48.0,4.0,SOFT,6.0,76.971,1,True
12,Dutch Grand Prix,TSU,49.0,4.0,SOFT,7.0,76.639,1,True
12,Dutch Grand Prix,TSU,50.0,4.0,SOFT,8.0,76.853,1,True
12,Dutch Grand Prix,TSU,51.0,4.0,SOFT,9.0,76.726,1,True
12,Dutch Grand Prix,TSU,52.0,4.0,SOFT,10.0,76.829,1,True
12,Dutch Grand Prix,TSU,53.0,4.0,SOFT,11.0,76.941,12,False
12,Dutch Grand Prix,TSU,54.0,4.0,SOFT,12.0,102.238,26,False
12,Dutch Grand Prix,TSU,55.0,4.0,SOFT,13.0,103.783,6,False
12,Dutch Grand Prix,TSU,56.0,4.0,SOFT,14.0,92.111,671,False
12,Dutch Grand Prix,TSU,57.0,4.0,SOFT,15.0,78.284,1,True
12,Dutch Grand Prix,TSU,58.0,4.0,SOFT,16.0,76.673,1,True
12,Dutch Grand Prix,TSU,59.0,4.0,SOFT,17.0,76.698,1,True
12,Dutch Grand Prix,TSU,60.0,4.0,SOFT,18.0,76.969,1,True
12,Dutch Grand Prix,TSU,61.0,4.0,SOFT,19.0,77.35,1,True
12,Dutch Grand Prix,TSU,62.0,4.0,SOFT,20.0,78.008,1,True
12,Dutch Grand Prix,TSU,63.0,4.0,SOFT,21.0,77.259,1,True
12,Dutch Grand Prix,TSU,64.0,4.0,SOFT,22.0,77.396,1,True
12,Dutch Grand Prix,TSU,65.0,4.0,SOFT,23.0,77.552,1,True
12,Dutch Grand Prix,TSU,66.0,4.0,SOFT,24.0,77.579,1,True
12,Dutch Grand Prix,TSU,67.0,4.0,SOFT,25.0,77.444,1,True
12,Dutch Grand Prix,TSU,68.0,4.0,SOFT,26.0,90.216,16,False
12,Dutch Grand Prix,TSU,69.0,4.0,SOFT,27.0,81.839,671,False
12,Dutch Grand Prix,TSU,70.0,4.0,SOFT,28.0,77.385,1,True
12,Dutch Grand Prix,TSU,71.0,4.0,SOFT,29.0,77.383,1,True
12,Dutch Grand Prix,ALB,1.0,1.0,SOFT,1.0,96.533,12,False
12,Dutch Grand Prix,ALB,2.0,1.0,SOFT,2.0,148.544,25,False
12,Dutch Grand Prix,ALB,3.0,2.0,HARD,1.0,,12,False
12,Dutch Grand Prix,ALB,4.0,2.0,HARD,2.0,,1,False
12,Dutch Grand Prix,ALB,5.0,2.0,HARD,3.0,84.939,12,False
12,Dutch Grand Prix,ALB,6.0,2.0,HARD,4.0,79.696,1,True
12,Dutch Grand Prix,ALB,7.0,2.0,HARD,5.0,79.091,1,True
12,Dutch Grand Prix,ALB,8.0,2.0,HARD,6.0,79.109,1,True
12,Dutch Grand Prix,ALB,9.0,2.0,HARD,7.0,78.739,1,True
12,Dutch Grand Prix,ALB,10.0,2.0,HARD,8.0,79.029,1,True
12,Dutch Grand Prix,ALB,11.0,2.0,HARD,9.0,79.062,1,True
12,Dutch Grand Prix,ALB,12.0,2.0,HARD,10.0,79.277,1,True
12,Dutch Grand Prix,ALB,13.0,2.0,HARD,11.0,79.215,1,True
12,Dutch Grand Prix,ALB,14.0,2.0,HARD,12.0,79.316,1,True
12,Dutch Grand Prix,ALB,15.0,2.0,HARD,13.0,79.374,1,True
12,Dutch Grand Prix,ALB,16.0,2.0,HARD,14.0,79.158,1,True
12,Dutch Grand Prix,ALB,17.0,2.0,HARD,15.0,79.066,1,True
12,Dutch Grand Prix,ALB,18.0,2.0,HARD,16.0,79.383,1,True
12,Dutch Grand Prix,ALB,19.0,2.0,HARD,17.0,79.195,1,True
12,Dutch Grand Prix,ALB,20.0,2.0,HARD,18.0,79.127,1,True
12,Dutch Grand Prix,ALB,21.0,2.0,HARD,19.0,79.001,1,True
12,Dutch Grand Prix,ALB,22.0,2.0,HARD,20.0,79.018,1,True
12,Dutch Grand Prix,ALB,23.0,2.0,HARD,21.0,79.244,1,True
12,Dutch Grand Prix,ALB,24.0,2.0,HARD,22.0,80.071,1,True
12,Dutch Grand Prix,ALB,25.0,2.0,HARD,23.0,79.137,1,True
12,Dutch Grand Prix,ALB,26.0,2.0,HARD,24.0,82.112,1,False
12,Dutch Grand Prix,ALB,27.0,3.0,HARD,1.0,94.364,1,False
12,Dutch Grand Prix,ALB,28.0,3.0,HARD,2.0,78.302,1,True
12,Dutch Grand Prix,ALB,29.0,3.0,HARD,3.0,78.339,1,True
12,Dutch Grand Prix,ALB,30.0,3.0,HARD,4.0,78.984,1,True
12,Dutch Grand Prix,ALB,31.0,3.0,HARD,5.0,79.052,1,True
12,Dutch Grand Prix,ALB,32.0,3.0,HARD,6.0,79.107,1,True
12,Dutch Grand Prix,ALB,33.0,3.0,HARD,7.0,79.447,1,True
12,Dutch Grand Prix,ALB,34.0,3.0,HARD,8.0,79.18,1,True
12,Dutch Grand Prix,ALB,35.0,3.0,HARD,9.0,80.376,1,True
12,Dutch Grand Prix,ALB,36.0,3.0,HARD,10.0,79.698,1,True
12,Dutch Grand Prix,ALB,37.0,3.0,HARD,11.0,78.99,1,True
12,Dutch Grand Prix,ALB,38.0,3.0,HARD,12.0,82.547,1,True
12,Dutch Grand Prix,ALB,39.0,3.0,HARD,13.0,79.691,1,True
12,Dutch Grand Prix,ALB,40.0,3.0,HARD,14.0,78.602,1,True
12,Dutch Grand Prix,ALB,41.0,3.0,HARD,15.0,79.666,1,True
12,Dutch Grand Prix,ALB,42.0,3.0,HARD,16.0,80.114,1,True
12,Dutch Grand Prix,ALB,43.0,3.0,HARD,17.0,79.139,1,True
12,Dutch Grand Prix,ALB,44.0,3.0,HARD,18.0,79.192,1,True
12,Dutch Grand Prix,ALB,45.0,3.0,HARD,19.0,79.539,1,True
12,Dutch Grand Prix,ALB,46.0,3.0,HARD,20.0,78.966,1,True
12,Dutch Grand Prix,ALB,47.0,3.0,HARD,21.0,78.584,1,True
12,Dutch Grand Prix,ALB,48.0,3.0,HARD,22.0,78.35,1,True
12,Dutch Grand Prix,ALB,49.0,3.0,HARD,23.0,81.409,1,False
12,Dutch Grand Prix,ALB,50.0,4.0,MEDIUM,1.0,94.131,1,False
12,Dutch Grand Prix,ALB,51.0,4.0,MEDIUM,2.0,77.147,1,True
12,Dutch Grand Prix,ALB,52.0,4.0,MEDIUM,3.0,77.292,1,True
12,Dutch Grand Prix,ALB,53.0,4.0,MEDIUM,4.0,87.935,126,False
12,Dutch Grand Prix,ALB,54.0,4.0,MEDIUM,5.0,103.174,6,False
12,Dutch Grand Prix,ALB,55.0,4.0,MEDIUM,6.0,103.97,6,False
12,Dutch Grand Prix,ALB,56.0,4.0,MEDIUM,7.0,79.899,671,False
12,Dutch Grand Prix,ALB,57.0,4.0,MEDIUM,8.0,77.292,1,True
12,Dutch Grand Prix,ALB,58.0,4.0,MEDIUM,9.0,78.691,1,True
12,Dutch Grand Prix,ALB,59.0,4.0,MEDIUM,10.0,77.191,1,True
12,Dutch Grand Prix,ALB,60.0,4.0,MEDIUM,11.0,77.449,1,True
12,Dutch Grand Prix,ALB,61.0,4.0,MEDIUM,12.0,78.248,1,True
12,Dutch Grand Prix,ALB,62.0,4.0,MEDIUM,13.0,78.287,1,True
12,Dutch Grand Prix,ALB,63.0,4.0,MEDIUM,14.0,78.809,1,True
12,Dutch Grand Prix,ALB,64.0,4.0,MEDIUM,15.0,79.659,1,True
12,Dutch Grand Prix,ALB,65.0,4.0,MEDIUM,16.0,93.169,1,True
12,Dutch Grand Prix,ALB,66.0,4.0,MEDIUM,17.0,98.73,1,False
12,Dutch Grand Prix,HUL,1.0,1.0,SOFT,4.0,95.429,12,False
12,Dutch Grand Prix,HUL,2.0,1.0,SOFT,5.0,144.711,25,False
12,Dutch Grand Prix,HUL,3.0,2.0,SOFT,4.0,,12,False
12,Dutch Grand Prix,HUL,4.0,2.0,SOFT,5.0,,1,False
12,Dutch Grand Prix,HUL,5.0,2.0,SOFT,6.0,83.646,12,False
12,Dutch Grand Prix,HUL,6.0,2.0,SOFT,7.0,78.831,1,True
12,Dutch Grand Prix,HUL,7.0,2.0,SOFT,8.0,78.798,1,True
12,Dutch Grand Prix,HUL,8.0,2.0,SOFT,9.0,78.713,1,True
12,Dutch Grand Prix,HUL,9.0,2.0,SOFT,10.0,78.532,1,True
12,Dutch Grand Prix,HUL,10.0,2.0,SOFT,11.0,78.555,1,True
12,Dutch Grand Prix,HUL,11.0,2.0,SOFT,12.0,78.47,1,True
12,Dutch Grand Prix,HUL,12.0,2.0,SOFT,13.0,78.46,1,True
12,Dutch Grand Prix,HUL,13.0,2.0,SOFT,14.0,79.314,1,True
12,Dutch Grand Prix,HUL,14.0,2.0,SOFT,15.0,79.353,1,True
12,Dutch Grand Prix,HUL,15.0,2.0,SOFT,16.0,78.726,1,True
12,Dutch Grand Prix,HUL,16.0,2.0,SOFT,17.0,78.568,1,True
12,Dutch Grand Prix,HUL,17.0,2.0,SOFT,18.0,78.665,1,True
12,Dutch Grand Prix,HUL,18.0,2.0,SOFT,19.0,79.061,1,True
12,Dutch Grand Prix,HUL,19.0,2.0,SOFT,20.0,82.05,1,False
12,Dutch Grand Prix,HUL,20.0,3.0,SOFT,1.0,93.592,1,False
12,Dutch Grand Prix,HUL,21.0,3.0,SOFT,2.0,78.771,1,True
12,Dutch Grand Prix,HUL,22.0,3.0,SOFT,3.0,78.976,1,True
12,Dutch Grand Prix,HUL,23.0,3.0,SOFT,4.0,79.301,1,True
12,Dutch Grand Prix,HUL,24.0,3.0,SOFT,5.0,79.904,1,True
12,Dutch Grand Prix,HUL,25.0,3.0,SOFT,6.0,79.131,1,True
12,Dutch Grand Prix,HUL,26.0,3.0,SOFT,7.0,79.529,1,True
12,Dutch Grand Prix,HUL,27.0,3.0,SOFT,8.0,79.371,1,True
12,Dutch Grand Prix,HUL,28.0,3.0,SOFT,9.0,79.354,1,True
12,Dutch Grand Prix,HUL,29.0,3.0,SOFT,10.0,77.618,1,True
12,Dutch Grand Prix,HUL,30.0,3.0,SOFT,11.0,77.488,1,True
12,Dutch Grand Prix,HUL,31.0,3.0,SOFT,12.0,77.279,1,True
12,Dutch Grand Prix,HUL,32.0,3.0,SOFT,13.0,77.278,1,True
12,Dutch Grand Prix,HUL,33.0,3.0,SOFT,14.0,77.244,1,True
12,Dutch Grand Prix,HUL,34.0,3.0,SOFT,15.0,77.917,1,True
12,Dutch Grand Prix,HUL,35.0,3.0,SOFT,16.0,77.396,1,True
12,Dutch Grand Prix,HUL,36.0,3.0,SOFT,17.0,77.667,1,True
12,Dutch Grand Prix,HUL,37.0,3.0,SOFT,18.0,77.663,1,True
12,Dutch Grand Prix,HUL,38.0,3.0,SOFT,19.0,77.685,1,True
12,Dutch Grand Prix,HUL,39.0,3.0,SOFT,20.0,77.433,1,True
12,Dutch Grand Prix,HUL,40.0,3.0,SOFT,21.0,77.96,1,True
12,Dutch Grand Prix,HUL,41.0,3.0,SOFT,22.0,77.897,1,True
12,Dutch Grand Prix,HUL,42.0,3.0,SOFT,23.0,77.792,1,True
12,Dutch Grand Prix,HUL,43.0,3.0,SOFT,24.0,77.891,1,True
12,Dutch Grand Prix,HUL,44.0,3.0,SOFT,25.0,77.968,1,True
12,Dutch Grand Prix,HUL,45.0,3.0,SOFT,26.0,77.789,1,True
12,Dutch Grand Prix,HUL,46.0,3.0,SOFT,27.0,77.826,1,True
12,Dutch Grand Prix,HUL,47.0,3.0,SOFT,28.0,78.131,1,True
12,Dutch Grand Prix,HUL,48.0,3.0,SOFT,29.0,81.036,1,False
12,Dutch Grand Prix,HUL,49.0,4.0,HARD,1.0,93.364,1,False
12,Dutch Grand Prix,HUL,50.0,4.0,HARD,2.0,76.882,1,True
12,Dutch Grand Prix,HUL,51.0,4.0,HARD,3.0,78.463,1,True
12,Dutch Grand Prix,HUL,52.0,4.0,HARD,4.0,78.24,1,True
12,Dutch Grand Prix,HUL,53.0,4.0,HARD,5.0,76.94,12,False
12,Dutch Grand Prix,HUL,54.0,4.0,HARD,6.0,100.939,26,False
12,Dutch Grand Prix,HUL,55.0,4.0,HARD,7.0,102.559,6,False
12,Dutch Grand Prix,HUL,56.0,4.0,HARD,8.0,94.125,671,False
12,Dutch Grand Prix,HUL,57.0,4.0,HARD,9.0,78.989,1,True
12,Dutch Grand Prix,HUL,58.0,4.0,HARD,10.0,76.361,1,True
12,Dutch Grand Prix,HUL,59.0,4.0,HARD,11.0,76.412,1,True
12,Dutch Grand Prix,HUL,60.0,4.0,HARD,12.0,78.134,1,True
12,Dutch Grand Prix,HUL,61.0,4.0,HARD,13.0,76.065,1,True
12,Dutch Grand Prix,HUL,62.0,4.0,HARD,14.0,76.048,1,True
12,Dutch Grand Prix,HUL,63.0,4.0,HARD,15.0,76.052,1,True
12,Dutch Grand Prix,HUL,64.0,4.0,HARD,16.0,76.195,1,True
12,Dutch Grand Prix,HUL,65.0,4.0,HARD,17.0,76.134,1,True
12,Dutch Grand Prix,HUL,66.0,4.0,HARD,18.0,76.601,1,True
12,Dutch Grand Prix,HUL,67.0,4.0,HARD,19.0,76.773,1,True
12,Dutch Grand Prix,HUL,68.0,4.0,HARD,20.0,84.18,16,False
12,Dutch Grand Prix,HUL,69.0,4.0,HARD,21.0,87.129,671,False
12,Dutch Grand Prix,HUL,70.0,4.0,HARD,22.0,78.297,1,True
12,Dutch Grand Prix,HUL,71.0,4.0,HARD,23.0,76.317,1,True
12,Dutch Grand Prix,VER,1.0,1.0,SOFT,1.0,,1,False
12,Dutch Grand Prix,LAW,1.0,1.0,SOFT,4.0,90.598,12,False
12,Dutch Grand Prix,LAW,2.0,1.0,SOFT,5.0,133.174,25,False
12,Dutch Grand Prix,LAW,3.0,2.0,SOFT,1.0,,12,False
12,Dutch Grand Prix,LAW,4.0,2.0,SOFT,2.0,,21,False
12,Dutch Grand Prix,LAW,5.0,2.0,SOFT,3.0,93.652,12,False
12,Dutch Grand Prix,LAW,6.0,2.0,SOFT,4.0,78.647,1,True
12,Dutch Grand Prix,LAW,7.0,2.0,SOFT,5.0,78.088,1,True
12,Dutch Grand Prix,LAW,8.0,2.0,SOFT,6.0,77.761,1,True
12,Dutch Grand Prix,LAW,9.0,2.0,SOFT,7.0,77.626,1,True
12,Dutch Grand Prix,LAW,10.0,2.0,SOFT,8.0,77.788,1,True
12,Dutch Grand Prix,LAW,11.0,2.0,SOFT,9.0,77.905,1,True
12,Dutch Grand Prix,LAW,12.0,2.0,SOFT,10.0,77.985,1,True
12,Dutch Grand Prix,LAW,13.0,2.0,SOFT,11.0,77.889,1,True
12,Dutch Grand Prix,LAW,14.0,2.0,SOFT,12.0,78.352,1,True
12,Dutch Grand Prix,LAW,15.0,2.0,SOFT,13.0,77.967,1,True
12,Dutch Grand Prix,LAW,16.0,2.0,SOFT,14.0,78.371,1,True
12,Dutch Grand Prix,LAW,17.0,2.0,SOFT,15.0,78.234,1,True
12,Dutch Grand Prix,LAW,18.0,2.0,SOFT,16.0,78.75,1,True
12,Dutch Grand Prix,LAW,19.0,2.0,SOFT,17.0,79.0,1,True
12,Dutch Grand Prix,LAW,20.0,2.0,SOFT,18.0,78.737,1,True
12,Dutch Grand Prix,LAW,21.0,2.0,SOFT,19.0,81.99,1,False
12,Dutch Grand Prix,LAW,22.0,3.0,MEDIUM,1.0,94.757,1,False
12,Dutch Grand Prix,LAW,23.0,3.0,MEDIUM,2.0,78.249,1,True
12,Dutch Grand Prix,LAW,24.0,3.0,MEDIUM,3.0,77.234,1,True
12,Dutch Grand Prix,LAW,25.0,3.0,MEDIUM,4.0,76.794,1,True
12,Dutch Grand Prix,LAW,26.0,3.0,MEDIUM,5.0,76.855,1,True
12,Dutch Grand Prix,LAW,27.0,3.0,MEDIUM,6.0,76.852,1,True
12,Dutch Grand Prix,LAW,28.0,3.0,MEDIUM,7.0,76.927,1,True
12,Dutch Grand Prix,LAW,29.0,3.0,MEDIUM,8.0,77.081,1,True
12,Dutch Grand Prix,LAW,30.0,3.0,MEDIUM,9.0,77.126,1,True
12,Dutch Grand Prix,LAW,31.0,3.0,MEDIUM,10.0,77.177,1,True
12,Dutch Grand Prix,LAW,32.0,3.0,MEDIUM,11.0,76.841,1,True
12,Dutch Grand Prix,LAW,33.0,3.0,MEDIUM,12.0,76.984,1,True
12,Dutch Grand Prix,LAW,34.0,3.0,MEDIUM,13.0,76.993,1,True
12,Dutch Grand Prix,LAW,35.0,3.0,MEDIUM,14.0,77.535,1,True
12,Dutch Grand Prix,LAW,36.0,3.0,MEDIUM,15.0,77.59,1,True
12,Dutch Grand Prix,LAW,37.0,3.0,MEDIUM,16.0,77.52,1,True
12,Dutch Grand Prix,LAW,38.0,3.0,MEDIUM,17.0,77.372,1,True
12,Dutch Grand Prix,LAW,39.0,3.0,MEDIUM,18.0,77.586,1,True
12,Dutch Grand Prix,LAW,40.0,3.0,MEDIUM,19.0,77.345,1,True
12,Dutch Grand Prix,LAW,41.0,3.0,MEDIUM,20.0,77.544,1,True
12,Dutch Grand Prix,LAW,42.0,3.0,MEDIUM,21.0,77.34,1,True
12,Dutch Grand Prix,LAW,43.0,3.0,MEDIUM,22.0,77.669,1,True
12,Dutch Grand Prix,LAW,44.0,3.0,MEDIUM,23.0,77.658,1,True
12,Dutch Grand Prix,LAW,45.0,3.0,MEDIUM,24.0,77.977,1,True
12,Dutch Grand Prix,LAW,46.0,3.0,MEDIUM,25.0,78.694,1,True
12,Dutch Grand Prix,LAW,47.0,3.0,MEDIUM,26.0,81.272,1,False
12,Dutch Grand Prix,LAW,48.0,4.0,MEDIUM,1.0,93.401,1,False
12,Dutch Grand Prix,LAW,49.0,4.0,MEDIUM,2.0,75.801,1,True
12,Dutch Grand Prix,LAW,50.0,4.0,MEDIUM,3.0,75.578,1,True
12,Dutch Grand Prix,LAW,51.0,4.0,MEDIUM,4.0,76.913,1,True
12,Dutch Grand Prix,LAW,52.0,4.0,MEDIUM,5.0,76.049,1,True
12,Dutch Grand Prix,LAW,53.0,4.0,MEDIUM,6.0,76.448,1,True
12,Dutch Grand Prix,LAW,54.0,4.0,MEDIUM,7.0,90.35,126,False
12,Dutch Grand Prix,LAW,55.0,4.0,MEDIUM,8.0,103.237,6,False
12,Dutch Grand Prix,LAW,56.0,4.0,MEDIUM,9.0,102.397,67,False
12,Dutch Grand Prix,LAW,57.0,4.0,MEDIUM,10.0,77.779,71,False
12,Dutch Grand Prix,LAW,58.0,4.0,MEDIUM,11.0,76.19,1,True
12,Dutch Grand Prix,LAW,59.0,4.0,MEDIUM,12.0,76.075,1,True
12,Dutch Grand Prix,LAW,60.0,4.0,MEDIUM,13.0,76.496,1,True
12,Dutch Grand Prix,LAW,61.0,4.0,MEDIUM,14.0,75.435,1,True
12,Dutch Grand Prix,LAW,62.0,4.0,MEDIUM,15.0,76.258,1,True
12,Dutch Grand Prix,LAW,63.0,4.0,MEDIUM,16.0,76.346,1,True
12,Dutch Grand Prix,LAW,64.0,4.0,MEDIUM,17.0,76.036,1,True
12,Dutch Grand Prix,LAW,65.0,4.0,MEDIUM,18.0,76.295,1,True
12,Dutch Grand Prix,LAW,66.0,4.0,MEDIUM,19.0,76.191,1,True
12,Dutch Grand Prix,LAW,67.0,4.0,MEDIUM,20.0,76.213,1,True
12,Dutch Grand Prix,LAW,68.0,4.0,MEDIUM,21.0,76.197,1,True
12,Dutch Grand Prix,LAW,69.0,4.0,MEDIUM,22.0,94.52,167,False
12,Dutch Grand Prix,LAW,70.0,4.0,MEDIUM,23.0,76.303,1,True
12,Dutch Grand Prix,LAW,71.0,4.0,MEDIUM,24.0,76.222,1,True
12,Dutch Grand Prix,LAW,72.0,4.0,MEDIUM,25.0,76.543,1,True
12,Dutch Grand Prix,OCO,1.0,1.0,MEDIUM,1.0,96.553,12,False
12,Dutch Grand Prix,OCO,2.0,1.0,MEDIUM,2.0,146.622,25,False
12,Dutch Grand Prix,OCO,3.0,2.0,SOFT,4.0,,12,False
12,Dutch Grand Prix,OCO,4.0,2.0,SOFT,5.0,,1,False
12,Dutch Grand Prix,OCO,5.0,2.0,SOFT,6.0,85.294,12,False
12,Dutch Grand Prix,OCO,6.0,2.0,SOFT,7.0,79.657,1,True
12,Dutch Grand Prix,OCO,7.0,2.0,SOFT,8.0,79.201,1,True
12,Dutch Grand Prix,OCO,8.0,2.0,SOFT,9.0,79.024,1,True
12,Dutch Grand Prix,OCO,9.0,2.0,SOFT,10.0,78.794,1,True
12,Dutch Grand Prix,OCO,10.0,2.0,SOFT,11.0,79.033,1,True
12,Dutch Grand Prix,OCO,11.0,2.0,SOFT,12.0,79.145,1,True
12,Dutch Grand Prix,OCO,12.0,2.0,SOFT,13.0,79.306,1,True
12,Dutch Grand Prix,OCO,13.0,2.0,SOFT,14.0,79.408,1,True
12,Dutch Grand Prix,OCO,14.0,2.0,SOFT,15.0,79.257,1,True
12,Dutch Grand Prix,OCO,15.0,2.0,SOFT,16.0,79.244,1,True
12,Dutch Grand Prix,OCO,16.0,2.0,SOFT,17.0,82.727,1,False
12,Dutch Grand Prix,OCO,17.0,3.0,HARD,1.0,94.873,1,False
12,Dutch Grand Prix,OCO,18.0,3.0,HARD,2.0,78.454,1,True
12,Dutch Grand Prix,OCO,19.0,3.0,HARD,3.0,79.367,1,True
12,Dutch Grand Prix,OCO,20.0,3.0,HARD,4.0,80.85,1,True
12,Dutch Grand Prix,OCO,21.0,3.0,HARD,5.0,80.075,1,True
12,Dutch Grand Prix,OCO,22.0,3.0,HARD,6.0,79.701,1,True
12,Dutch Grand Prix,OCO,23.0,3.0,HARD,7.0,80.375,1,True
12,Dutch Grand Prix,OCO,24.0,3.0,HARD,8.0,79.175,1,True
12,Dutch Grand Prix,OCO,25.0,3.0,HARD,9.0,79.284,1,True
12,Dutch Grand Prix,OCO,26.0,3.0,HARD,10.0,78.4,1,True
12,Dutch Grand Prix,OCO,27.0,3.0,HARD,11.0,78.632,1,True
12,Dutch Grand Prix,OCO,28.0,3.0,HARD,12.0,78.273,1,True
12,Dutch Grand Prix,OCO,29.0,3.0,HARD,13.0,78.331,1,True
12,Dutch Grand Prix,OCO,30.0,3.0,HARD,14.0,78.621,1,True
12,Dutch Grand Prix,OCO,31.0,3.0,HARD,15.0,78.713,1,True
12,Dutch Grand Prix,OCO,32.0,3.0,HARD,16.0,78.828,1,True
12,Dutch Grand Prix,OCO,33.0,3.0,HARD,17.0,78.446,1,True
12,Dutch Grand Prix,OCO,34.0,3.0,HARD,18.0,80.813,1,True
12,Dutch Grand Prix,OCO,35.0,3.0,HARD,19.0,79.499,1,True
12,Dutch Grand Prix,OCO,36.0,3.0,HARD,20.0,82.702,1,False
12,Dutch Grand Prix,OCO,37.0,4.0,HARD,1.0,93.849,1,False
12,Dutch Grand Prix,OCO,38.0,4.0,HARD,2.0,77.754,1,True
12,Dutch Grand Prix,OCO,39.0,4.0,HARD,3.0,77.778,1,True
12,Dutch Grand Prix,OCO,40.0,4.0,HARD,4.0,79.158,1,True
12,Dutch Grand Prix,OCO,41.0,4.0,HARD,5.0,78.039,1,True
12,Dutch Grand Prix,OCO,42.0,4.0,HARD,6.0,77.803,1,True
12,Dutch Grand Prix,OCO,43.0,4.0,HARD,7.0,78.218,1,True
12,Dutch Grand Prix,OCO,44.0,4.0,HARD,8.0,78.683,1,True
12,Dutch Grand Prix,OCO,45.0,4.0,HARD,9.0,78.529,1,True
12,Dutch Grand Prix,OCO,46.0,4.0,HARD,10.0,79.706,1,True
12,Dutch Grand Prix,OCO,47.0,4.0,HARD,11.0,78.647,1,True
12,Dutch Grand Prix,OCO,48.0,4.0,HARD,12.0,77.588,1,True
12,Dutch Grand Prix,OCO,49.0,4.0,HARD,13.0,77.861,1,True
12,Dutch Grand Prix,OCO,50.0,4.0,HARD,14.0,77.77,1,True
12,Dutch Grand Prix,OCO,51.0,4.0,HARD,15.0,77.596,1,True
12,Dutch Grand Prix,OCO,52.0,4.0,HARD,16.0,77.847,1,True
12,Dutch Grand Prix,OCO,53.0,4.0,HARD,17.0,,126,False
12,Dutch Grand Prix,LIN,1.0,1.0,SOFT,4.0,92.531,12,False
12,Dutch Grand Prix,LIN,2.0,1.0,SOFT,5.0,135.879,25,False
12,Dutch Grand Prix,LIN,3.0,2.0,MEDIUM,1.0,,12,False
12,Dutch Grand Prix,LIN,4.0,2.0,MEDIUM,2.0,,12,False
12,Dutch Grand Prix,LIN,5.0,2.0,MEDIUM,3.0,87.335,1,False
12,Dutch Grand Prix,LIN,6.0,3.0,MEDIUM,1.0,89.772,1,False
12,Dutch Grand Prix,LIN,7.0,3.0,MEDIUM,2.0,78.444,1,True
12,Dutch Grand Prix,LIN,8.0,3.0,MEDIUM,3.0,78.614,1,True
12,Dutch Grand Prix,LIN,9.0,3.0,MEDIUM,4.0,78.813,1,True
12,Dutch Grand Prix,LIN,10.0,3.0,MEDIUM,5.0,78.897,1,True
12,Dutch Grand Prix,LIN,11.0,3.0,MEDIUM,6.0,79.549,1,True
12,Dutch Grand Prix,LIN,12.0,3.0,MEDIUM,7.0,79.676,1,True
12,Dutch Grand Prix,LIN,13.0,3.0,MEDIUM,8.0,79.265,1,True
12,Dutch Grand Prix,LIN,14.0,3.0,MEDIUM,9.0,79.289,1,True
12,Dutch Grand Prix,LIN,15.0,3.0,MEDIUM,10.0,79.272,1,True
12,Dutch Grand Prix,LIN,16.0,3.0,MEDIUM,11.0,78.932,1,True
12,Dutch Grand Prix,LIN,17.0,3.0,MEDIUM,12.0,79.202,1,True
12,Dutch Grand Prix,LIN,18.0,3.0,MEDIUM,13.0,78.892,1,True
12,Dutch Grand Prix,LIN,19.0,3.0,MEDIUM,14.0,79.096,1,True
12,Dutch Grand Prix,LIN,20.0,3.0,MEDIUM,15.0,79.073,1,True
12,Dutch Grand Prix,LIN,21.0,3.0,MEDIUM,16.0,79.011,1,True
12,Dutch Grand Prix,LIN,22.0,3.0,MEDIUM,17.0,78.963,1,True
12,Dutch Grand Prix,LIN,23.0,3.0,MEDIUM,18.0,79.571,1,True
12,Dutch Grand Prix,LIN,24.0,3.0,MEDIUM,19.0,79.29,1,True
12,Dutch Grand Prix,LIN,25.0,3.0,MEDIUM,20.0,79.303,1,True
12,Dutch Grand Prix,LIN,26.0,3.0,MEDIUM,21.0,80.379,1,True
12,Dutch Grand Prix,LIN,27.0,3.0,MEDIUM,22.0,80.332,1,True
12,Dutch Grand Prix,LIN,28.0,3.0,MEDIUM,23.0,79.851,1,True
12,Dutch Grand Prix,LIN,29.0,3.0,MEDIUM,24.0,80.973,1,True
12,Dutch Grand Prix,LIN,30.0,3.0,MEDIUM,25.0,79.846,1,True
12,Dutch Grand Prix,LIN,31.0,3.0,MEDIUM,26.0,78.719,1,True
12,Dutch Grand Prix,LIN,32.0,3.0,MEDIUM,27.0,79.007,1,True
12,Dutch Grand Prix,LIN,33.0,3.0,MEDIUM,28.0,78.945,1,True
12,Dutch Grand Prix,LIN,34.0,3.0,MEDIUM,29.0,79.094,1,True
12,Dutch Grand Prix,LIN,35.0,3.0,MEDIUM,30.0,79.919,1,True
12,Dutch Grand Prix,LIN,36.0,3.0,MEDIUM,31.0,84.398,1,False
12,Dutch Grand Prix,LIN,37.0,4.0,HARD,1.0,94.648,1,False
12,Dutch Grand Prix,LIN,38.0,4.0,HARD,2.0,78.75,1,True
12,Dutch Grand Prix,LIN,39.0,4.0,HARD,3.0,78.312,1,True
12,Dutch Grand Prix,LIN,40.0,4.0,HARD,4.0,78.437,1,True
12,Dutch Grand Prix,LIN,41.0,4.0,HARD,5.0,77.458,1,True
12,Dutch Grand Prix,LIN,42.0,4.0,HARD,6.0,78.374,1,True
12,Dutch Grand Prix,LIN,43.0,4.0,HARD,7.0,79.592,1,True
12,Dutch Grand Prix,LIN,44.0,4.0,HARD,8.0,77.66,1,True
12,Dutch Grand Prix,LIN,45.0,4.0,HARD,9.0,77.489,1,True
12,Dutch Grand Prix,LIN,46.0,4.0,HARD,10.0,77.298,1,True
12,Dutch Grand Prix,LIN,47.0,4.0,HARD,11.0,77.44,1,True
12,Dutch Grand Prix,LIN,48.0,4.0,HARD,12.0,78.751,1,True
12,Dutch Grand Prix,LIN,49.0,4.0,HARD,13.0,77.374,1,True
12,Dutch Grand Prix,LIN,50.0,4.0,HARD,14.0,77.355,1,True
12,Dutch Grand Prix,LIN,51.0,4.0,HARD,15.0,77.655,1,True
12,Dutch Grand Prix,LIN,52.0,4.0,HARD,16.0,77.577,1,True
12,Dutch Grand Prix,LIN,53.0,4.0,HARD,17.0,84.675,126,False
12,Dutch Grand Prix,LIN,54.0,4.0,HARD,18.0,101.375,6,False
12,Dutch Grand Prix,LIN,55.0,4.0,HARD,19.0,103.867,6,False
12,Dutch Grand Prix,LIN,56.0,4.0,HARD,20.0,86.35,671,False
12,Dutch Grand Prix,LIN,57.0,4.0,HARD,21.0,77.224,1,True
12,Dutch Grand Prix,LIN,58.0,4.0,HARD,22.0,77.182,1,True
12,Dutch Grand Prix,LIN,59.0,4.0,HARD,23.0,76.986,1,True
12,Dutch Grand Prix,LIN,60.0,4.0,HARD,24.0,76.653,1,True
12,Dutch Grand Prix,LIN,61.0,4.0,HARD,25.0,76.79,1,True
12,Dutch Grand Prix,LIN,62.0,4.0,HARD,26.0,77.131,1,True
12,Dutch Grand Prix,LIN,63.0,4.0,HARD,27.0,77.061,1,True
12,Dutch Grand Prix,LIN,64.0,4.0,HARD,28.0,77.575,1,True
12,Dutch Grand Prix,LIN,65.0,4.0,HARD,29.0,77.596,1,True
12,Dutch Grand Prix,LIN,66.0,4.0,HARD,30.0,77.413,1,True
12,Dutch Grand Prix,LIN,67.0,4.0,HARD,31.0,77.515,1,True
12,Dutch Grand Prix,LIN,68.0,4.0,HARD,32.0,93.923,167,False
12,Dutch Grand Prix,LIN,69.0,4.0,HARD,33.0,77.831,1,True
12,Dutch Grand Prix,LIN,70.0,4.0,HARD,34.0,77.254,1,True
12,Dutch Grand Prix,LIN,71.0,4.0,HARD,35.0,77.051,1,True
12,Dutch Grand Prix,COL,1.0,1.0,MEDIUM,1.0,93.003,12,False
12,Dutch Grand Prix,COL,2.0,1.0,MEDIUM,2.0,141.63,25,False
12,Dutch Grand Prix,COL,3.0,2.0,MEDIUM,1.0,,12,False
12,Dutch Grand Prix,COL,4.0,2.0,MEDIUM,2.0,,1,False
12,Dutch Grand Prix,COL,5.0,2.0,MEDIUM,3.0,84.777,12,False
12,Dutch Grand Prix,COL,6.0,2.0,MEDIUM,4.0,79.224,1,True
12,Dutch Grand Prix,COL,7.0,2.0,MEDIUM,5.0,79.163,1,True
12,Dutch Grand Prix,COL,8.0,2.0,MEDIUM,6.0,81.724,1,False
12,Dutch Grand Prix,COL,9.0,3.0,MEDIUM,7.0,89.714,1,False
12,Dutch Grand Prix,COL,10.0,3.0,MEDIUM,8.0,78.881,1,True
12,Dutch Grand Prix,COL,11.0,3.0,MEDIUM,9.0,79.523,1,True
12,Dutch Grand Prix,COL,12.0,3.0,MEDIUM,10.0,79.756,1,True
12,Dutch Grand Prix,COL,13.0,3.0,MEDIUM,11.0,79.316,1,True
12,Dutch Grand Prix,COL,14.0,3.0,MEDIUM,12.0,79.201,1,True
12,Dutch Grand Prix,COL,15.0,3.0,MEDIUM,13.0,80.25,1,True
12,Dutch Grand Prix,COL,16.0,3.0,MEDIUM,14.0,80.776,1,True
12,Dutch Grand Prix,COL,17.0,3.0,MEDIUM,15.0,80.719,1,True
12,Dutch Grand Prix,COL,18.0,3.0,MEDIUM,16.0,80.186,1,True
12,Dutch Grand Prix,COL,19.0,3.0,MEDIUM,17.0,80.508,1,True
12,Dutch Grand Prix,COL,20.0,3.0,MEDIUM,18.0,80.641,1,True
12,Dutch Grand Prix,COL,21.0,3.0,MEDIUM,19.0,84.369,1,False
12,Dutch Grand Prix,COL,22.0,4.0,HARD,1.0,96.798,1,False
12,Dutch Grand Prix,COL,23.0,4.0,HARD,2.0,78.246,1,True
12,Dutch Grand Prix,COL,24.0,4.0,HARD,3.0,77.488,1,True
12,Dutch Grand Prix,COL,25.0,4.0,HARD,4.0,77.454,1,True
12,Dutch Grand Prix,COL,26.0,4.0,HARD,5.0,77.233,1,True
12,Dutch Grand Prix,COL,27.0,4.0,HARD,6.0,77.769,1,True
12,Dutch Grand Prix,COL,28.0,4.0,HARD,7.0,78.433,1,True
12,Dutch Grand Prix,COL,29.0,4.0,HARD,8.0,80.034,1,True
12,Dutch Grand Prix,COL,30.0,4.0,HARD,9.0,77.817,1,True
12,Dutch Grand Prix,COL,31.0,4.0,HARD,10.0,79.828,1,True
12,Dutch Grand Prix,COL,32.0,4.0,HARD,11.0,81.03,1,True
12,Dutch Grand Prix,COL,33.0,4.0,HARD,12.0,79.946,1,True
12,Dutch Grand Prix,COL,34.0,4.0,HARD,13.0,78.725,1,True
12,Dutch Grand Prix,COL,35.0,4.0,HARD,14.0,78.861,1,True
12,Dutch Grand Prix,COL,36.0,4.0,HARD,15.0,78.417,1,True
12,Dutch Grand Prix,COL,37.0,4.0,HARD,16.0,78.191,1,True
12,Dutch Grand Prix,COL,38.0,4.0,HARD,17.0,78.721,1,True
12,Dutch Grand Prix,COL,39.0,4.0,HARD,18.0,78.339,1,True
12,Dutch Grand Prix,COL,40.0,4.0,HARD,19.0,81.805,1,True
12,Dutch Grand Prix,COL,41.0,4.0,HARD,20.0,79.248,1,True
12,Dutch Grand Prix,COL,42.0,4.0,HARD,21.0,78.259,1,True
12,Dutch Grand Prix,COL,43.0,4.0,HARD,22.0,78.635,1,True
12,Dutch Grand Prix,COL,44.0,4.0,HARD,23.0,78.659,1,True
12,Dutch Grand Prix,COL,45.0,4.0,HARD,24.0,80.945,1,False
12,Dutch Grand Prix,COL,46.0,5.0,SOFT,1.0,93.304,1,False
12,Dutch Grand Prix,COL,47.0,5.0,SOFT,2.0,77.458,1,True
12,Dutch Grand Prix,COL,48.0,5.0,SOFT,3.0,75.578,1,True
12,Dutch Grand Prix,COL,49.0,5.0,SOFT,4.0,76.878,1,True
12,Dutch Grand Prix,COL,50.0,5.0,SOFT,5.0,77.819,1,True
12,Dutch Grand Prix,COL,51.0,5.0,SOFT,6.0,77.077,1,True
12,Dutch Grand Prix,COL,52.0,5.0,SOFT,7.0,78.455,1,True
12,Dutch Grand Prix,COL,53.0,5.0,SOFT,8.0,90.309,126,False
12,Dutch Grand Prix,COL,54.0,5.0,SOFT,9.0,103.042,6,False
12,Dutch Grand Prix,COL,55.0,5.0,SOFT,10.0,102.248,67,False
12,Dutch Grand Prix,COL,56.0,5.0,SOFT,11.0,79.513,71,False
12,Dutch Grand Prix,COL,57.0,5.0,SOFT,12.0,76.626,1,True
12,Dutch Grand Prix,COL,58.0,5.0,SOFT,13.0,76.892,1,True
12,Dutch Grand Prix,COL,59.0,5.0,SOFT,14.0,77.004,1,True
12,Dutch Grand Prix,COL,60.0,5.0,SOFT,15.0,77.481,1,True
12,Dutch Grand Prix,COL,61.0,5.0,SOFT,16.0,77.876,1,True
12,Dutch Grand Prix,COL,62.0,5.0,SOFT,17.0,78.329,1,True
12,Dutch Grand Prix,COL,63.0,5.0,SOFT,18.0,79.168,1,True
12,Dutch Grand Prix,COL,64.0,5.0,SOFT,19.0,79.249,1,True
12,Dutch Grand Prix,COL,65.0,5.0,SOFT,20.0,77.167,1,True
12,Dutch Grand Prix,COL,66.0,5.0,SOFT,21.0,76.976,1,True
12,Dutch Grand Prix,COL,67.0,5.0,SOFT,22.0,76.927,1,True
12,Dutch Grand Prix,COL,68.0,5.0,SOFT,23.0,93.143,167,False
12,Dutch Grand Prix,COL,69.0,5.0,SOFT,24.0,76.326,1,True
12,Dutch Grand Prix,COL,70.0,5.0,SOFT,25.0,76.67,1,True
12,Dutch Grand Prix,HAM,1.0,1.0,SOFT,1.0,88.878,1,False
12,Dutch Grand Prix,HAM,2.0,1.0,SOFT,2.0,131.972,125,False
12,Dutch Grand Prix,HAM,3.0,2.0,SOFT,4.0,,12,False
12,Dutch Grand Prix,HAM,4.0,2.0,SOFT,5.0,,21,False
12,Dutch Grand Prix,HAM,5.0,2.0,SOFT,6.0,134.949,12,False
12,Dutch Grand Prix,HAM,6.0,2.0,SOFT,7.0,78.225,1,True
12,Dutch Grand Prix,HAM,7.0,2.0,SOFT,8.0,77.796,1,True
12,Dutch Grand Prix,HAM,8.0,2.0,SOFT,9.0,77.328,1,True
12,Dutch Grand Prix,HAM,9.0,2.0,SOFT,10.0,76.968,1,True
12,Dutch Grand Prix,HAM,10.0,2.0,SOFT,11.0,77.499,1,True
12,Dutch Grand Prix,HAM,11.0,2.0,SOFT,12.0,77.302,1,True
12,Dutch Grand Prix,HAM,12.0,2.0,SOFT,13.0,77.561,1,True
12,Dutch Grand Prix,HAM,13.0,2.0,SOFT,14.0,77.286,1,True
12,Dutch Grand Prix,HAM,14.0,2.0,SOFT,15.0,77.508,1,True
12,Dutch Grand Prix,HAM,15.0,2.0,SOFT,16.0,77.909,1,True
12,Dutch Grand Prix,HAM,16.0,2.0,SOFT,17.0,77.751,1,True
12,Dutch Grand Prix,HAM,17.0,2.0,SOFT,18.0,77.806,1,True
12,Dutch Grand Prix,HAM,18.0,2.0,SOFT,19.0,77.49,1,True
12,Dutch Grand Prix,HAM,19.0,2.0,SOFT,20.0,77.42,1,True
12,Dutch Grand Prix,HAM,20.0,2.0,SOFT,21.0,77.721,1,True
12,Dutch Grand Prix,HAM,21.0,2.0,SOFT,22.0,77.752,1,True
12,Dutch Grand Prix,HAM,22.0,2.0,SOFT,23.0,77.448,1,True
12,Dutch Grand Prix,HAM,23.0,2.0,SOFT,24.0,77.871,1,True
12,Dutch Grand Prix,HAM,24.0,2.0,SOFT,25.0,77.715,1,True
12,Dutch Grand Prix,HAM,25.0,2.0,SOFT,26.0,80.979,1,False
12,Dutch Grand Prix,HAM,26.0,3.0,HARD,1.0,92.914,1,False
12,Dutch Grand Prix,HAM,27.0,3.0,HARD,2.0,75.982,1,True
12,Dutch Grand Prix,HAM,28.0,3.0,HARD,3.0,75.566,1,True
12,Dutch Grand Prix,HAM,29.0,3.0,HARD,4.0,75.514,1,True
12,Dutch Grand Prix,HAM,30.0,3.0,HARD,5.0,76.007,1,True
12,Dutch Grand Prix,HAM,31.0,3.0,HARD,6.0,75.666,1,True
12,Dutch Grand Prix,HAM,32.0,3.0,HARD,7.0,75.572,1,True
12,Dutch Grand Prix,HAM,33.0,3.0,HARD,8.0,75.925,1,True
12,Dutch Grand Prix,HAM,34.0,3.0,HARD,9.0,77.947,1,True
12,Dutch Grand Prix,HAM,35.0,3.0,HARD,10.0,77.416,1,True
12,Dutch Grand Prix,HAM,36.0,3.0,HARD,11.0,76.427,1,True
12,Dutch Grand Prix,HAM,37.0,3.0,HARD,12.0,75.965,1,True
12,Dutch Grand Prix,HAM,38.0,3.0,HARD,13.0,76.104,1,True
12,Dutch Grand Prix,HAM,39.0,3.0,HARD,14.0,76.313,1,True
12,Dutch Grand Prix,HAM,40.0,3.0,HARD,15.0,76.503,1,True
12,Dutch Grand Prix,HAM,41.0,3.0,HARD,16.0,76.044,1,True
12,Dutch Grand Prix,HAM,42.0,3.0,HARD,17.0,76.835,1,True
12,Dutch Grand Prix,HAM,43.0,3.0,HARD,18.0,77.413,1,True
12,Dutch Grand Prix,HAM,44.0,3.0,HARD,19.0,76.153,1,True
12,Dutch Grand Prix,HAM,45.0,3.0,HARD,20.0,76.202,1,True
12,Dutch Grand Prix,HAM,46.0,3.0,HARD,21.0,76.557,1,True
12,Dutch Grand Prix,HAM,47.0,3.0,HARD,22.0,76.529,1,True
12,Dutch Grand Prix,HAM,48.0,3.0,HARD,23.0,76.305,1,True
12,Dutch Grand Prix,HAM,49.0,3.0,HARD,24.0,76.274,1,True
12,Dutch Grand Prix,HAM,50.0,3.0,HARD,25.0,76.17,1,True
12,Dutch Grand Prix,HAM,51.0,3.0,HARD,26.0,76.111,1,True
12,Dutch Grand Prix,HAM,52.0,3.0,HARD,27.0,76.327,1,True
12,Dutch Grand Prix,HAM,53.0,3.0,HARD,28.0,76.722,1,True
12,Dutch Grand Prix,HAM,54.0,3.0,HARD,29.0,78.011,12,False
12,Dutch Grand Prix,HAM,55.0,3.0,HARD,30.0,100.48,26,False
12,Dutch Grand Prix,HAM,56.0,4.0,SOFT,8.0,117.436,6,False
12,Dutch Grand Prix,HAM,57.0,4.0,SOFT,9.0,92.512,671,False
12,Dutch Grand Prix,HAM,58.0,4.0,SOFT,10.0,75.442,1,True
12,Dutch Grand Prix,HAM,59.0,4.0,SOFT,11.0,74.882,1,True
12,Dutch Grand Prix,HAM,60.0,4.0,SOFT,12.0,75.121,1,True
12,Dutch Grand Prix,HAM,61.0,4.0,SOFT,13.0,74.566,1,True
12,Dutch Grand Prix,HAM,62.0,4.0,SOFT,14.0,74.652,1,True
12,Dutch Grand Prix,HAM,63.0,4.0,SOFT,15.0,74.709,1,True
12,Dutch Grand Prix,HAM,64.0,4.0,SOFT,16.0,74.984,1,True
12,Dutch Grand Prix,HAM,65.0,4.0,SOFT,17.0,74.834,1,True
12,Dutch Grand Prix,HAM,66.0,4.0,SOFT,18.0,75.311,1,True
12,Dutch Grand Prix,HAM,67.0,4.0,SOFT,19.0,76.369,1,True
12,Dutch Grand Prix,HAM,68.0,4.0,SOFT,20.0,75.984,1,True
12,Dutch Grand Prix,HAM,69.0,4.0,SOFT,21.0,77.753,16,False
12,Dutch Grand Prix,HAM,70.0,4.0,SOFT,22.0,91.674,671,False
12,Dutch Grand Prix,HAM,71.0,4.0,SOFT,23.0,75.238,1,True
12,Dutch Grand Prix,HAM,72.0,4.0,SOFT,24.0,76.265,1,True
12,Dutch Grand Prix,BOR,1.0,1.0,SOFT,4.0,97.716,12,False
12,Dutch Grand Prix,BOR,2.0,1.0,SOFT,5.0,,25,False
12,Dutch Grand Prix,BOR,3.0,2.0,SOFT,4.0,,12,False
12,Dutch Grand Prix,BOR,4.0,2.0,SOFT,5.0,,1,False
12,Dutch Grand Prix,BOR,5.0,2.0,SOFT,6.0,84.881,12,False
12,Dutch Grand Prix,BOR,6.0,2.0,SOFT,7.0,80.273,1,True
12,Dutch Grand Prix,BOR,7.0,2.0,SOFT,8.0,78.77,1,True
12,Dutch Grand Prix,BOR,8.0,2.0,SOFT,9.0,79.017,1,True
12,Dutch Grand Prix,BOR,9.0,2.0,SOFT,10.0,78.793,1,True
12,Dutch Grand Prix,BOR,10.0,2.0,SOFT,11.0,79.08,1,True
12,Dutch Grand Prix,BOR,11.0,2.0,SOFT,12.0,82.043,1,False
12,Dutch Grand Prix,BOR,12.0,3.0,MEDIUM,1.0,93.256,1,False
12,Dutch Grand Prix,BOR,13.0,3.0,MEDIUM,2.0,77.152,1,True
12,Dutch Grand Prix,BOR,14.0,3.0,MEDIUM,3.0,77.588,1,True
12,Dutch Grand Prix,BOR,15.0,3.0,MEDIUM,4.0,79.103,1,True
12,Dutch Grand Prix,BOR,16.0,3.0,MEDIUM,5.0,79.51,1,True
12,Dutch Grand Prix,BOR,17.0,3.0,MEDIUM,6.0,79.654,1,True
12,Dutch Grand Prix,BOR,18.0,3.0,MEDIUM,7.0,80.183,1,True
12,Dutch Grand Prix,BOR,19.0,3.0,MEDIUM,8.0,78.753,1,True
12,Dutch Grand Prix,BOR,20.0,3.0,MEDIUM,9.0,78.403,1,True
12,Dutch Grand Prix,BOR,21.0,3.0,MEDIUM,10.0,78.642,1,True
12,Dutch Grand Prix,BOR,22.0,3.0,MEDIUM,11.0,78.658,1,True
12,Dutch Grand Prix,BOR,23.0,3.0,MEDIUM,12.0,78.985,1,True
12,Dutch Grand Prix,BOR,24.0,3.0,MEDIUM,13.0,78.875,1,True
12,Dutch Grand Prix,BOR,25.0,3.0,MEDIUM,14.0,79.018,1,True
12,Dutch Grand Prix,BOR,26.0,3.0,MEDIUM,15.0,79.231,1,True
12,Dutch Grand Prix,BOR,27.0,3.0,MEDIUM,16.0,79.623,1,True
12,Dutch Grand Prix,BOR,28.0,3.0,MEDIUM,17.0,80.032,1,True
12,Dutch Grand Prix,BOR,29.0,3.0,MEDIUM,18.0,80.217,1,True
12,Dutch Grand Prix,BOR,30.0,3.0,MEDIUM,19.0,79.784,1,True
12,Dutch Grand Prix,BOR,31.0,3.0,MEDIUM,20.0,79.145,1,True
12,Dutch Grand Prix,BOR,32.0,3.0,MEDIUM,21.0,78.99,1,True
12,Dutch Grand Prix,BOR,33.0,3.0,MEDIUM,22.0,78.905,1,True
12,Dutch Grand Prix,BOR,34.0,3.0,MEDIUM,23.0,81.813,1,False
12,Dutch Grand Prix,BOR,35.0,4.0,HARD,1.0,93.624,1,False
12,Dutch Grand Prix,BOR,36.0,4.0,HARD,2.0,77.425,1,True
12,Dutch Grand Prix,BOR,37.0,4.0,HARD,3.0,77.334,1,True
12,Dutch Grand Prix,BOR,38.0,4.0,HARD,4.0,77.068,1,True
12,Dutch Grand Prix,BOR,39.0,4.0,HARD,5.0,77.477,1,True
12,Dutch Grand Prix,BOR,40.0,4.0,HARD,6.0,80.548,1,True
12,Dutch Grand Prix,BOR,41.0,4.0,HARD,7.0,77.728,1,True
12,Dutch Grand Prix,BOR,42.0,4.0,HARD,8.0,77.44,1,True
12,Dutch Grand Prix,BOR,43.0,4.0,HARD,9.0,79.969,1,True
12,Dutch Grand Prix,BOR,44.0,4.0,HARD,10.0,78.198,1,True
12,Dutch Grand Prix,BOR,45.0,4.0,HARD,11.0,77.705,1,True
12,Dutch Grand Prix,BOR,46.0,4.0,HARD,12.0,78.477,1,True
12,Dutch Grand Prix,BOR,47.0,4.0,HARD,13.0,77.656,1,True
12,Dutch Grand Prix,BOR,48.0,4.0,HARD,14.0,77.578,1,True
12,Dutch Grand Prix,BOR,49.0,4.0,HARD,15.0,77.436,1,True
12,Dutch Grand Prix,BOR,50.0,4.0,HARD,16.0,77.513,1,True
12,Dutch Grand Prix,BOR,51.0,4.0,HARD,17.0,79.05,1,True
12,Dutch Grand Prix,BOR,52.0,4.0,HARD,18.0,77.395,1,True
12,Dutch Grand Prix,BOR,53.0,4.0,HARD,19.0,81.593,126,False
12,Dutch Grand Prix,BOR,54.0,5.0,SOFT,4.0,119.455,6,False
12,Dutch Grand Prix,BOR,55.0,5.0,SOFT,5.0,103.445,6,False
12,Dutch Grand Prix,BOR,56.0,5.0,SOFT,6.0,81.882,671,False
12,Dutch Grand Prix,BOR,57.0,5.0,SOFT,7.0,75.515,1,True
12,Dutch Grand Prix,BOR,58.0,5.0,SOFT,8.0,76.048,1,True
12,Dutch Grand Prix,BOR,59.0,5.0,SOFT,9.0,76.391,1,True
12,Dutch Grand Prix,BOR,60.0,5.0,SOFT,10.0,75.855,1,True
12,Dutch Grand Prix,BOR,61.0,5.0,SOFT,11.0,76.348,1,True
12,Dutch Grand Prix,BOR,62.0,5.0,SOFT,12.0,76.731,1,True
12,Dutch Grand Prix,BOR,63.0,5.0,SOFT,13.0,77.067,1,True
12,Dutch Grand Prix,BOR,64.0,5.0,SOFT,14.0,77.883,1,True
12,Dutch Grand Prix,BOR,65.0,5.0,SOFT,15.0,77.443,1,True
12,Dutch Grand Prix,BOR,66.0,5.0,SOFT,16.0,77.519,1,True
12,Dutch Grand Prix,BOR,67.0,5.0,SOFT,17.0,77.598,1,True
12,Dutch Grand Prix,BOR,68.0,5.0,SOFT,18.0,93.954,167,False
12,Dutch Grand Prix,BOR,69.0,5.0,SOFT,19.0,77.911,1,True
12,Dutch Grand Prix,BOR,70.0,5.0,SOFT,20.0,76.884,1,True
12,Dutch Grand Prix,BOR,71.0,5.0,SOFT,21.0,77.252,1,True
12,Dutch Grand Prix,SAI,1.0,1.0,SOFT,1.0,97.966,12,False
12,Dutch Grand Prix,SAI,2.0,1.0,SOFT,2.0,,25,False
12,Dutch Grand Prix,SAI,3.0,2.0,SOFT,1.0,,12,False
12,Dutch Grand Prix,SAI,4.0,2.0,SOFT,2.0,,1,False
12,Dutch Grand Prix,SAI,5.0,2.0,SOFT,3.0,85.92,12,False
12,Dutch Grand Prix,SAI,6.0,2.0,SOFT,4.0,80.448,1,True
12,Dutch Grand Prix,SAI,7.0,2.0,SOFT,5.0,80.061,1,True
12,Dutch Grand Prix,SAI,8.0,2.0,SOFT,6.0,79.515,1,True
12,Dutch Grand Prix,SAI,9.0,2.0,SOFT,7.0,79.195,1,True
12,Dutch Grand Prix,SAI,10.0,2.0,SOFT,8.0,79.224,1,True
12,Dutch Grand Prix,SAI,11.0,2.0,SOFT,9.0,79.189,1,True
12,Dutch Grand Prix,SAI,12.0,2.0,SOFT,10.0,79.65,1,True
12,Dutch Grand Prix,SAI,13.0,2.0,SOFT,11.0,79.456,1,True
12,Dutch Grand Prix,SAI,14.0,2.0,SOFT,12.0,79.556,1,True
12,Dutch Grand Prix,SAI,15.0,2.0,SOFT,13.0,79.536,1,True
12,Dutch Grand Prix,SAI,16.0,2.0,SOFT,14.0,79.338,1,True
12,Dutch Grand Prix,SAI,17.0,2.0,SOFT,15.0,79.227,1,True
12,Dutch Grand Prix,SAI,18.0,2.0,SOFT,16.0,79.518,1,True
12,Dutch Grand Prix,SAI,19.0,2.0,SOFT,17.0,79.416,1,True
12,Dutch Grand Prix,SAI,20.0,2.0,SOFT,18.0,79.32,1,True
12,Dutch Grand Prix,SAI,21.0,2.0,SOFT,19.0,79.538,1,True
12,Dutch Grand Prix,SAI,22.0,2.0,SOFT,20.0,79.381,1,True
12,Dutch Grand Prix,SAI,23.0,2.0,SOFT,21.0,79.687,1,True
12,Dutch Grand Prix,SAI,24.0,2.0,SOFT,22.0,79.716,1,True
12,Dutch Grand Prix,SAI,25.0,2.0,SOFT,23.0,79.627,1,True
12,Dutch Grand Prix,SAI,26.0,2.0,SOFT,24.0,79.98,1,True
12,Dutch Grand Prix,SAI,27.0,2.0,SOFT,25.0,79.679,1,True
12,Dutch Grand Prix,SAI,28.0,2.0,SOFT,26.0,79.943,1,True
12,Dutch Grand Prix,SAI,29.0,2.0,SOFT,27.0,80.706,1,True
12,Dutch Grand Prix,SAI,30.0,2.0,SOFT,28.0,83.704,1,False
12,Dutch Grand Prix,SAI,31.0,3.0,HARD,1.0,94.79,1,False
12,Dutch Grand Prix,SAI,32.0,3.0,HARD,2.0,79.609,1,True
12,Dutch Grand Prix,SAI,33.0,3.0,HARD,3.0,78.2,1,True
12,Dutch Grand Prix,SAI,34.0,3.0,HARD,4.0,80.24,1,True
12,Dutch Grand Prix,SAI,35.0,3.0,HARD,5.0,81.373,1,True
12,Dutch Grand Prix,SAI,36.0,3.0,HARD,6.0,78.4,1,True
12,Dutch Grand Prix,SAI,37.0,3.0,HARD,7.0,78.346,1,True
12,Dutch Grand Prix,SAI,38.0,3.0,HARD,8.0,78.484,1,True
12,Dutch Grand Prix,SAI,39.0,3.0,HARD,9.0,78.097,1,True
12,Dutch Grand Prix,SAI,40.0,3.0,HARD,10.0,78.231,1,True
12,Dutch Grand Prix,SAI,41.0,3.0,HARD,11.0,79.361,1,True
12,Dutch Grand Prix,SAI,42.0,3.0,HARD,12.0,78.421,1,True
12,Dutch Grand Prix,SAI,43.0,3.0,HARD,13.0,79.612,1,True
12,Dutch Grand Prix,SAI,44.0,3.0,HARD,14.0,79.758,1,True
12,Dutch Grand Prix,SAI,45.0,3.0,HARD,15.0,78.403,1,True
12,Dutch Grand Prix,SAI,46.0,3.0,HARD,16.0,78.884,1,True
12,Dutch Grand Prix,SAI,47.0,3.0,HARD,17.0,81.602,1,True
12,Dutch Grand Prix,SAI,48.0,3.0,HARD,18.0,78.945,1,True
12,Dutch Grand Prix,SAI,49.0,3.0,HARD,19.0,78.32,1,True
12,Dutch Grand Prix,SAI,50.0,3.0,HARD,20.0,78.529,1,True
12,Dutch Grand Prix,SAI,51.0,3.0,HARD,21.0,78.526,1,True
12,Dutch Grand Prix,SAI,52.0,3.0,HARD,22.0,78.318,1,True
12,Dutch Grand Prix,SAI,53.0,3.0,HARD,23.0,86.626,126,False
12,Dutch Grand Prix,SAI,54.0,3.0,HARD,24.0,104.249,6,False
12,Dutch Grand Prix,SAI,55.0,3.0,HARD,25.0,102.486,6,False
12,Dutch Grand Prix,SAI,56.0,3.0,HARD,26.0,82.866,671,False
12,Dutch Grand Prix,SAI,57.0,3.0,HARD,27.0,77.967,1,True
12,Dutch Grand Prix,SAI,58.0,3.0,HARD,28.0,78.245,1,True
12,Dutch Grand Prix,SAI,59.0,3.0,HARD,29.0,79.57,1,True
12,Dutch Grand Prix,SAI,60.0,3.0,HARD,30.0,78.403,1,True
12,Dutch Grand Prix,SAI,61.0,3.0,HARD,31.0,78.301,1,True
12,Dutch Grand Prix,SAI,62.0,3.0,HARD,32.0,78.43,1,True
12,Dutch Grand Prix,SAI,63.0,3.0,HARD,33.0,78.844,1,True
12,Dutch Grand Prix,SAI,64.0,3.0,HARD,34.0,79.732,1,True
12,Dutch Grand Prix,SAI,65.0,3.0,HARD,35.0,105.224,1,False
12,Dutch Grand Prix,SAI,66.0,4.0,SOFT,3.0,95.814,1,False
12,Dutch Grand Prix,SAI,67.0,4.0,SOFT,4.0,93.11,167,False
12,Dutch Grand Prix,SAI,68.0,4.0,SOFT,5.0,78.129,71,False
12,Dutch Grand Prix,SAI,69.0,4.0,SOFT,6.0,77.328,1,True
12,Dutch Grand Prix,SAI,70.0,4.0,SOFT,7.0,78.307,1,True
12,Dutch Grand Prix,RUS,1.0,1.0,MEDIUM,1.0,85.937,1,False
12,Dutch Grand Prix,RUS,2.0,1.0,MEDIUM,2.0,126.236,125,False
12,Dutch Grand Prix,RUS,3.0,2.0,MEDIUM,3.0,,1,False
12,Dutch Grand Prix,RUS,4.0,2.0,MEDIUM,4.0,,12,False
12,Dutch Grand Prix,RUS,5.0,2.0,MEDIUM,5.0,141.809,12,False
12,Dutch Grand Prix,RUS,6.0,2.0,MEDIUM,6.0,77.958,1,True
12,Dutch Grand Prix,RUS,7.0,2.0,MEDIUM,7.0,77.544,1,True
12,Dutch Grand Prix,RUS,8.0,2.0,MEDIUM,8.0,77.314,1,True
12,Dutch Grand Prix,RUS,9.0,2.0,MEDIUM,9.0,76.981,1,True
12,Dutch Grand Prix,RUS,10.0,2.0,MEDIUM,10.0,77.349,1,True
12,Dutch Grand Prix,RUS,11.0,2.0,MEDIUM,11.0,77.534,1,True
12,Dutch Grand Prix,RUS,12.0,2.0,MEDIUM,12.0,77.289,1,True
12,Dutch Grand Prix,RUS,13.0,2.0,MEDIUM,13.0,77.422,1,True
12,Dutch Grand Prix,RUS,14.0,2.0,MEDIUM,14.0,77.621,1,True
12,Dutch Grand Prix,RUS,15.0,2.0,MEDIUM,15.0,77.792,1,True
12,Dutch Grand Prix,RUS,16.0,2.0,MEDIUM,16.0,77.656,1,True
12,Dutch Grand Prix,RUS,17.0,2.0,MEDIUM,17.0,80.135,1,False
12,Dutch Grand Prix,RUS,18.0,3.0,HARD,1.0,93.672,1,False
12,Dutch Grand Prix,RUS,19.0,3.0,HARD,2.0,76.182,1,True
12,Dutch Grand Prix,RUS,20.0,3.0,HARD,3.0,76.569,1,True
12,Dutch Grand Prix,RUS,21.0,3.0,HARD,4.0,76.545,1,True
12,Dutch Grand Prix,RUS,22.0,3.0,HARD,5.0,76.417,1,True
12,Dutch Grand Prix,RUS,23.0,3.0,HARD,6.0,76.295,1,True
12,Dutch Grand Prix,RUS,24.0,3.0,HARD,7.0,76.615,1,True
12,Dutch Grand Prix,RUS,25.0,3.0,HARD,8.0,76.663,1,True
12,Dutch Grand Prix,RUS,26.0,3.0,HARD,9.0,76.689,1,True
12,Dutch Grand Prix,RUS,27.0,3.0,HARD,10.0,76.517,1,True
12,Dutch Grand Prix,RUS,28.0,3.0,HARD,11.0,76.703,1,True
12,Dutch Grand Prix,RUS,29.0,3.0,HARD,12.0,76.599,1,True
12,Dutch Grand Prix,RUS,30.0,3.0,HARD,13.0,76.595,1,True
12,Dutch Grand Prix,RUS,31.0,3.0,HARD,14.0,76.53,1,True
12,Dutch Grand Prix,RUS,32.0,3.0,HARD,15.0,76.958,1,True
12,Dutch Grand Prix,RUS,33.0,3.0,HARD,16.0,76.841,1,True
12,Dutch Grand Prix,RUS,34.0,3.0,HARD,17.0,76.857,1,True
12,Dutch Grand Prix,RUS,35.0,3.0,HARD,18.0,76.944,1,True
12,Dutch Grand Prix,RUS,36.0,3.0,HARD,19.0,77.176,1,True
12,Dutch Grand Prix,RUS,37.0,3.0,HARD,20.0,76.918,1,True
12,Dutch Grand Prix,RUS,38.0,3.0,HARD,21.0,76.762,1,True
12,Dutch Grand Prix,RUS,39.0,3.0,HARD,22.0,77.402,1,True
12,Dutch Grand Prix,RUS,40.0,3.0,HARD,23.0,79.493,1,False
12,Dutch Grand Prix,RUS,41.0,4.0,HARD,1.0,92.107,1,False
12,Dutch Grand Prix,RUS,42.0,4.0,HARD,2.0,75.824,1,True
12,Dutch Grand Prix,RUS,43.0,4.0,HARD,3.0,75.415,1,True
12,Dutch Grand Prix,RUS,44.0,4.0,HARD,4.0,76.697,1,True
12,Dutch Grand Prix,RUS,45.0,4.0,HARD,5.0,75.947,1,True
12,Dutch Grand Prix,RUS,46.0,4.0,HARD,6.0,75.393,1,True
12,Dutch Grand Prix,RUS,47.0,4.0,HARD,7.0,75.583,1,True
12,Dutch Grand Prix,RUS,48.0,4.0,HARD,8.0,75.825,1,True
12,Dutch Grand Prix,RUS,49.0,4.0,HARD,9.0,75.533,1,True
12,Dutch Grand Prix,RUS,50.0,4.0,HARD,10.0,75.571,1,True
12,Dutch Grand Prix,RUS,51.0,4.0,HARD,11.0,75.623,1,True
12,Dutch Grand Prix,RUS,52.0,4.0,HARD,12.0,75.662,1,True
12,Dutch Grand Prix,RUS,53.0,4.0,HARD,13.0,75.546,1,True
12,Dutch Grand Prix,RUS,54.0,4.0,HARD,14.0,75.654,12,False
12,Dutch Grand Prix,RUS,55.0,4.0,HARD,15.0,99.353,26,False
12,Dutch Grand Prix,RUS,56.0,4.0,HARD,16.0,104.032,6,False
12,Dutch Grand Prix,RUS,57.0,4.0,HARD,17.0,94.171,671,False
12,Dutch Grand Prix,RUS,58.0,4.0,HARD,18.0,75.581,1,True
12,Dutch Grand Prix,RUS,59.0,4.0,HARD,19.0,75.474,1,True
12,Dutch Grand Prix,RUS,60.0,4.0,HARD,20.0,75.419,1,True
12,Dutch Grand Prix,RUS,61.0,4.0,HARD,21.0,75.436,1,True
12,Dutch Grand Prix,RUS,62.0,4.0,HARD,22.0,75.484,1,True
12,Dutch Grand Prix,RUS,63.0,4.0,HARD,23.0,75.633,1,True
12,Dutch Grand Prix,RUS,64.0,4.0,HARD,24.0,75.665,1,True
12,Dutch Grand Prix,RUS,65.0,4.0,HARD,25.0,75.461,1,True
12,Dutch Grand Prix,RUS,66.0,4.0,HARD,26.0,77.582,1,True
12,Dutch Grand Prix,RUS,67.0,4.0,HARD,27.0,76.397,1,True
12,Dutch Grand Prix,RUS,68.0,4.0,HARD,28.0,75.999,1,True
12,Dutch Grand Prix,RUS,69.0,4.0,HARD,29.0,77.076,16,False
12,Dutch Grand Prix,RUS,70.0,4.0,HARD,30.0,92.041,671,False
12,Dutch Grand Prix,RUS,71.0,4.0,HARD,31.0,75.572,1,True
12,Dutch Grand Prix,RUS,72.0,4.0,HARD,32.0,75.778,1,True
12,Dutch Grand Prix,BOT,1.0,1.0,HARD,1.0,101.015,12,False
12,Dutch Grand Prix,BOT,2.0,1.0,HARD,2.0,,25,False
12,Dutch Grand Prix,BOT,3.0,2.0,HARD,1.0,,12,False
12,Dutch Grand Prix,BOT,4.0,2.0,HARD,2.0,,1,False
12,Dutch Grand Prix,BOT,5.0,2.0,HARD,3.0,85.96,12,False
12,Dutch Grand Prix,BOT,6.0,2.0,HARD,4.0,80.786,1,True
12,Dutch Grand Prix,BOT,7.0,2.0,HARD,5.0,80.093,1,True
12,Dutch Grand Prix,BOT,8.0,2.0,HARD,6.0,79.902,1,True
12,Dutch Grand Prix,BOT,9.0,2.0,HARD,7.0,79.744,1,True
12,Dutch Grand Prix,BOT,10.0,2.0,HARD,8.0,79.773,1,True
12,Dutch Grand Prix,BOT,11.0,2.0,HARD,9.0,79.717,1,True
12,Dutch Grand Prix,BOT,12.0,2.0,HARD,10.0,79.702,1,True
12,Dutch Grand Prix,BOT,13.0,2.0,HARD,11.0,79.869,1,True
12,Dutch Grand Prix,BOT,14.0,2.0,HARD,12.0,80.338,1,True
12,Dutch Grand Prix,BOT,15.0,2.0,HARD,13.0,81.452,1,True
12,Dutch Grand Prix,BOT,16.0,2.0,HARD,14.0,80.398,1,True
12,Dutch Grand Prix,BOT,17.0,2.0,HARD,15.0,80.206,1,True
12,Dutch Grand Prix,BOT,18.0,2.0,HARD,16.0,80.864,1,True
12,Dutch Grand Prix,BOT,19.0,2.0,HARD,17.0,81.149,1,True
12,Dutch Grand Prix,BOT,20.0,2.0,HARD,18.0,80.229,1,True
12,Dutch Grand Prix,BOT,21.0,2.0,HARD,19.0,80.093,1,True
12,Dutch Grand Prix,BOT,22.0,2.0,HARD,20.0,80.366,1,True
12,Dutch Grand Prix,BOT,23.0,2.0,HARD,21.0,80.402,1,True
12,Dutch Grand Prix,BOT,24.0,2.0,HARD,22.0,80.209,1,True
12,Dutch Grand Prix,BOT,25.0,2.0,HARD,23.0,80.8,1,True
12,Dutch Grand Prix,BOT,26.0,2.0,HARD,24.0,81.049,1,True
12,Dutch Grand Prix,BOT,27.0,2.0,HARD,25.0,80.538,1,True
12,Dutch Grand Prix,BOT,28.0,2.0,HARD,26.0,84.034,1,False
12,Dutch Grand Prix,BOT,29.0,3.0,HARD,3.0,98.219,1,False
12,Dutch Grand Prix,BOT,30.0,3.0,HARD,4.0,79.366,1,True
12,Dutch Grand Prix,BOT,31.0,3.0,HARD,5.0,78.788,1,True
12,Dutch Grand Prix,BOT,32.0,3.0,HARD,6.0,78.843,1,True
12,Dutch Grand Prix,BOT,33.0,3.0,HARD,7.0,78.632,1,True
12,Dutch Grand Prix,BOT,34.0,3.0,HARD,8.0,79.037,1,True
12,Dutch Grand Prix,BOT,35.0,3.0,HARD,9.0,79.127,1,True
12,Dutch Grand Prix,BOT,36.0,3.0,HARD,10.0,81.126,1,True
12,Dutch Grand Prix,BOT,37.0,3.0,HARD,11.0,79.149,1,True
12,Dutch Grand Prix,BOT,38.0,3.0,HARD,12.0,79.361,1,True
12,Dutch Grand Prix,BOT,39.0,3.0,HARD,13.0,79.429,1,True
12,Dutch Grand Prix,BOT,40.0,3.0,HARD,14.0,79.487,1,True
12,Dutch Grand Prix,BOT,41.0,3.0,HARD,15.0,79.991,1,True
12,Dutch Grand Prix,BOT,42.0,3.0,HARD,16.0,79.716,1,True
12,Dutch Grand Prix,BOT,43.0,3.0,HARD,17.0,80.126,1,True
12,Dutch Grand Prix,BOT,44.0,3.0,HARD,18.0,79.985,1,True
12,Dutch Grand Prix,BOT,45.0,3.0,HARD,19.0,80.422,1,True
12,Dutch Grand Prix,BOT,46.0,3.0,HARD,20.0,79.962,1,True
12,Dutch Grand Prix,BOT,47.0,3.0,HARD,21.0,80.215,1,True
12,Dutch Grand Prix,BOT,48.0,3.0,HARD,22.0,79.803,1,True
12,Dutch Grand Prix,BOT,49.0,3.0,HARD,23.0,80.177,1,True
12,Dutch Grand Prix,BOT,50.0,3.0,HARD,24.0,80.283,1,True
12,Dutch Grand Prix,BOT,51.0,3.0,HARD,25.0,86.669,1,False
12,Dutch Grand Prix,BOT,52.0,4.0,SOFT,1.0,105.452,126,False
12,Dutch Grand Prix,BOT,53.0,4.0,SOFT,2.0,103.056,6,False
12,Dutch Grand Prix,BOT,54.0,4.0,SOFT,3.0,105.227,6,False
12,Dutch Grand Prix,BOT,55.0,4.0,SOFT,4.0,85.899,671,False
12,Dutch Grand Prix,BOT,56.0,4.0,SOFT,5.0,78.811,1,True
12,Dutch Grand Prix,BOT,57.0,4.0,SOFT,6.0,79.685,1,True
12,Dutch Grand Prix,BOT,58.0,4.0,SOFT,7.0,80.196,1,True
12,Dutch Grand Prix,BOT,59.0,4.0,SOFT,8.0,78.083,1,True
12,Dutch Grand Prix,BOT,60.0,4.0,SOFT,9.0,77.822,1,True
12,Dutch Grand Prix,BOT,61.0,4.0,SOFT,10.0,92.102,1,False
12,Dutch Grand Prix,PIA,1.0,1.0,MEDIUM,1.0,88.314,1,False
12,Dutch Grand Prix,PIA,2.0,1.0,MEDIUM,2.0,129.459,125,False
12,Dutch Grand Prix,PIA,3.0,2.0,HARD,1.0,,1,False
12,Dutch Grand Prix,PIA,4.0,2.0,HARD,2.0,,12,False
12,Dutch Grand Prix,PIA,5.0,2.0,HARD,3.0,136.665,12,False
12,Dutch Grand Prix,PIA,6.0,2.0,HARD,4.0,77.846,1,True
12,Dutch Grand Prix,PIA,7.0,2.0,HARD,5.0,77.005,1,True
12,Dutch Grand Prix,PIA,8.0,2.0,HARD,6.0,77.03,1,True
12,Dutch Grand Prix,PIA,9.0,2.0,HARD,7.0,77.258,1,True
12,Dutch Grand Prix,PIA,10.0,2.0,HARD,8.0,77.344,1,True
12,Dutch Grand Prix,PIA,11.0,2.0,HARD,9.0,77.285,1,True
12,Dutch Grand Prix,PIA,12.0,2.0,HARD,10.0,77.221,1,True
12,Dutch Grand Prix,PIA,13.0,2.0,HARD,11.0,77.177,1,True
12,Dutch Grand Prix,PIA,14.0,2.0,HARD,12.0,77.24,1,True
12,Dutch Grand Prix,PIA,15.0,2.0,HARD,13.0,77.442,1,True
12,Dutch Grand Prix,PIA,16.0,2.0,HARD,14.0,77.506,1,True
12,Dutch Grand Prix,PIA,17.0,2.0,HARD,15.0,77.465,1,True
12,Dutch Grand Prix,PIA,18.0,2.0,HARD,16.0,80.638,1,False
12,Dutch Grand Prix,PIA,19.0,3.0,HARD,1.0,95.789,1,False
12,Dutch Grand Prix,PIA,20.0,3.0,HARD,2.0,76.21,1,True
12,Dutch Grand Prix,PIA,21.0,3.0,HARD,3.0,76.351,1,True
12,Dutch Grand Prix,PIA,22.0,3.0,HARD,4.0,76.377,1,True
12,Dutch Grand Prix,PIA,23.0,3.0,HARD,5.0,76.703,1,True
12,Dutch Grand Prix,PIA,24.0,3.0,HARD,6.0,76.779,1,True
12,Dutch Grand Prix,PIA,25.0,3.0,HARD,7.0,76.785,1,True
12,Dutch Grand Prix,PIA,26.0,3.0,HARD,8.0,76.617,1,True
12,Dutch Grand Prix,PIA,27.0,3.0,HARD,9.0,76.959,1,True
12,Dutch Grand Prix,PIA,28.0,3.0,HARD,10.0,76.696,1,True
12,Dutch Grand Prix,PIA,29.0,3.0,HARD,11.0,76.438,1,True
12,Dutch Grand Prix,PIA,30.0,3.0,HARD,12.0,76.727,1,True
12,Dutch Grand Prix,PIA,31.0,3.0,HARD,13.0,76.955,1,True
12,Dutch Grand Prix,PIA,32.0,3.0,HARD,14.0,76.9,1,True
12,Dutch Grand Prix,PIA,33.0,3.0,HARD,15.0,77.497,1,True
12,Dutch Grand Prix,PIA,34.0,3.0,HARD,16.0,79.312,1,True
12,Dutch Grand Prix,PIA,35.0,3.0,HARD,17.0,79.199,1,True
12,Dutch Grand Prix,PIA,36.0,3.0,HARD,18.0,77.963,1,True
12,Dutch Grand Prix,PIA,37.0,3.0,HARD,19.0,77.753,1,True
12,Dutch Grand Prix,PIA,38.0,3.0,HARD,20.0,77.337,1,True
12,Dutch Grand Prix,PIA,39.0,3.0,HARD,21.0,77.113,1,True
12,Dutch Grand Prix,PIA,40.0,3.0,HARD,22.0,77.304,1,True
12,Dutch Grand Prix,PIA,41.0,3.0,HARD,23.0,77.636,1,True
12,Dutch Grand Prix,PIA,42.0,3.0,HARD,24.0,77.368,1,True
12,Dutch Grand Prix,PIA,43.0,3.0,HARD,25.0,77.58,1,True
12,Dutch Grand Prix,PIA,44.0,3.0,HARD,26.0,80.263,1,False
12,Dutch Grand Prix,PIA,45.0,4.0,SOFT,4.0,93.197,1,False
12,Dutch Grand Prix,PIA,46.0,4.0,SOFT,5.0,75.913,1,True
12,Dutch Grand Prix,PIA,47.0,4.0,SOFT,6.0,75.94,1,True
12,Dutch Grand Prix,PIA,48.0,4.0,SOFT,7.0,75.074,1,True
12,Dutch Grand Prix,PIA,49.0,4.0,SOFT,8.0,75.953,1,True
12,Dutch Grand Prix,PIA,50.0,4.0,SOFT,9.0,75.801,1,True
12,Dutch Grand Prix,PIA,51.0,4.0,SOFT,10.0,75.677,1,True
12,Dutch Grand Prix,PIA,52.0,4.0,SOFT,11.0,75.839,1,True
12,Dutch Grand Prix,PIA,53.0,4.0,SOFT,12.0,75.59,1,True
12,Dutch Grand Prix,PIA,54.0,4.0,SOFT,13.0,75.828,12,False
12,Dutch Grand Prix,PIA,55.0,4.0,SOFT,14.0,106.373,26,False
12,Dutch Grand Prix,PIA,56.0,5.0,SOFT,4.0,117.109,6,False
12,Dutch Grand Prix,PIA,57.0,5.0,SOFT,5.0,84.026,671,False
12,Dutch Grand Prix,PIA,58.0,5.0,SOFT,6.0,74.537,1,True
12,Dutch Grand Prix,PIA,59.0,5.0,SOFT,7.0,74.321,1,True
12,Dutch Grand Prix,PIA,60.0,5.0,SOFT,8.0,74.611,1,True
12,Dutch Grand Prix,PIA,61.0,5.0,SOFT,9.0,74.303,1,True
12,Dutch Grand Prix,PIA,62.0,5.0,SOFT,10.0,75.247,1,True
12,Dutch Grand Prix,PIA,63.0,5.0,SOFT,11.0,74.835,1,True
12,Dutch Grand Prix,PIA,64.0,5.0,SOFT,12.0,75.744,1,True
12,Dutch Grand Prix,PIA,65.0,5.0,SOFT,13.0,75.435,1,True
12,Dutch Grand Prix,PIA,66.0,5.0,SOFT,14.0,74.889,1,True
12,Dutch Grand Prix,PIA,67.0,5.0,SOFT,15.0,74.863,1,True
12,Dutch Grand Prix,PIA,68.0,5.0,SOFT,16.0,75.154,1,True
12,Dutch Grand Prix,PIA,69.0,5.0,SOFT,17.0,84.722,16,False
12,Dutch Grand Prix,PIA,70.0,5.0,SOFT,18.0,83.769,671,False
12,Dutch Grand Prix,PIA,71.0,5.0,SOFT,19.0,74.878,1,True
12,Dutch Grand Prix,PIA,72.0,5.0,SOFT,20.0,75.173,1,True
12,Dutch Grand Prix,BEA,1.0,1.0,SOFT,1.0,97.235,12,False
12,Dutch Grand Prix,BEA,2.0,1.0,SOFT,2.0,,25,False
